body,start_0h_UT1,span_h,quantity,c0,c1,c2,c3,c4,c5
sun,2026-10-01,192,gha,1622.85394,1440.30228,-0.00634,-0.00021,0.00001
sun,2026-10-01,192,dec,-4.65189,-1.53893,0.00368,0.00028,0.00000
sun,2026-10-01,192,sd_arcmin,15.99
sun,2026-10-09,192,gha,1623.40059,1440.24257,-0.00852,-0.00017,-0.00000
sun,2026-10-09,192,dec,-7.68942,-1.49572,0.00714,0.00029,0.00000
sun,2026-10-09,192,sd_arcmin,16.03
sun,2026-10-17,192,gha,1623.81086,1440.16592,-0.01066,-0.00018,-0.00000
sun,2026-10-17,192,dec,-10.61275,-1.42473,0.01059,0.00028,-0.00000
sun,2026-10-17,192,sd_arcmin,16.06
sun,2026-10-25,192,gha,1624.05022,1440.07155,-0.01291,-0.00017,0.00001
sun,2026-10-25,192,dec,-13.36705,-1.32684,0.01389,0.00029,0.00000
sun,2026-10-25,192,sd_arcmin,16.10
sun,2026-11-02,192,gha,1624.08532,1439.96257,-0.01408,-0.00003,0.00001
sun,2026-11-02,192,dec,-15.89802,-1.20103,0.01759,0.00031,-0.00000
sun,2026-11-02,192,sd_arcmin,16.13
sun,2026-11-10,192,gha,1623.89791,1439.85019,-0.01388,0.00005,0.00000
sun,2026-11-10,192,dec,-18.14768,-1.04559,0.02124,0.00029,-0.00000
sun,2026-11-10,192,sd_arcmin,16.16
sun,2026-11-18,192,gha,1623.48966,1439.74227,-0.01304,0.00008,0.00000
sun,2026-11-18,192,dec,-20.05829,-0.86231,0.02449,0.00024,-0.00000
sun,2026-11-18,192,sd_arcmin,16.19
sun,2026-11-26,192,gha,1622.87385,1439.64318,-0.01151,0.00021,0.00001
sun,2026-11-26,192,dec,-21.57794,-0.65496,0.02735,0.00023,-0.00000
sun,2026-11-26,192,sd_arcmin,16.21
sun,2026-12-04,192,gha,1622.07806,1439.56392,-0.00805,0.00035,0.00001
sun,2026-12-04,192,dec,-22.66122,-0.42640,0.02966,0.00015,-0.00000
sun,2026-12-04,192,sd_arcmin,16.23
sun,2026-12-12,192,gha,1621.15539,1439.51715,-0.00359,0.00038,-0.00000
sun,2026-12-12,192,dec,-23.27181,-0.18305,0.03102,0.00007,-0.00001
sun,2026-12-12,192,sd_arcmin,16.25
sun,2026-12-20,192,gha,1620.17479,1439.50574,0.00061,0.00032,-0.00000
sun,2026-12-20,192,dec,-23.38833,0.06673,0.03128,-0.00001,-0.00000
sun,2026-12-20,192,sd_arcmin,16.26
sun,2026-12-28,192,gha,1619.20373,1439.52661,0.00470,0.00036,0.00000
sun,2026-12-28,192,dec,-23.00578,0.31536,0.03071,-0.00010,-0.00001
sun,2026-12-28,192,sd_arcmin,16.26
sun,2027-01-05,192,gha,1618.30809,1439.58125,0.00888,0.00032,-0.00001
sun,2027-01-05,192,dec,-22.13437,0.55459,0.02895,-0.00019,-0.00000
sun,2027-01-05,192,sd_arcmin,16.26
sun,2027-01-13,192,gha,1617.55216,1439.66533,0.01189,0.00017,-0.00001
sun,2027-01-13,192,dec,-20.80141,0.77620,0.02634,-0.00025,-0.00000
sun,2027-01-13,192,sd_arcmin,16.26
sun,2027-01-21,192,gha,1616.98235,1439.76575,0.01298,0.00004,-0.00000
sun,2027-01-21,192,dec,-19.04779,0.97495,0.02336,-0.00025,-0.00000
sun,2027-01-21,192,sd_arcmin,16.25
sun,2027-01-29,192,gha,1616.61908,1439.87131,0.01337,0.00001,-0.00000
sun,2027-01-29,192,dec,-16.92156,1.14839,0.01990,-0.00031,-0.00000
sun,2027-01-29,192,sd_arcmin,16.23
sun,2027-02-06,192,gha,1616.46839,1439.97782,0.01313,-0.00006,-0.00001
sun,2027-02-06,192,dec,-14.47754,1.29244,0.01609,-0.00032,-0.00000
sun,2027-02-06,192,sd_arcmin,16.21
sun,2027-02-14,192,gha,1616.52544,1440.07805,0.01170,-0.00018,-0.00001
sun,2027-02-14,192,dec,-11.77601,1.40594,0.01233,-0.00029,0.00001
sun,2027-02-14,192,sd_arcmin,16.19
sun,2027-02-22,192,gha,1616.76736,1440.16178,0.00921,-0.00020,0.00000
sun,2027-02-22,192,dec,-8.87611,1.49117,0.00896,-0.00029,-0.00000
sun,2027-02-22,192,sd_arcmin,16.16
sun,2027-03-02,192,gha,1617.15724,1440.22618,0.00691,-0.00019,0.00000
sun,2027-03-02,192,dec,-5.83347,1.54846,0.00535,-0.00030,0.00000
sun,2027-03-02,192,sd_arcmin,16.12
sun,2027-03-10,192,gha,1617.65782,1440.27253,0.00464,-0.00021,-0.00000
sun,2027-03-10,192,dec,-2.70516,1.57689,0.00178,-0.00029,0.00000
sun,2027-03-10,192,sd_arcmin,16.09
sun,2027-03-18,192,gha,1618.23119,1440.29839,0.00170,-0.00027,0.00000
sun,2027-03-18,192,dec,0.45255,1.57821,-0.00135,-0.00024,-0.00000
sun,2027-03-18,192,sd_arcmin,16.06
sun,2027-03-26,192,gha,1618.83179,1440.29974,-0.00126,-0.00022,0.00000
sun,2027-03-26,192,dec,3.58880,1.55551,-0.00439,-0.00027,-0.00000
sun,2027-03-26,192,sd_arcmin,16.02
sun,2027-04-03,192,gha,1619.41356,1440.28013,-0.00353,-0.00016,0.00000
sun,2027-04-03,192,dec,6.65447,1.50747,-0.00762,-0.00027,0.00000
sun,2027-04-03,192,sd_arcmin,15.98
sun,2027-04-11,192,gha,1619.93966,1440.24438,-0.00545,-0.00018,-0.00000
sun,2027-04-11,192,dec,9.59830,1.43374,-0.01076,-0.00024,0.00000
sun,2027-04-11,192,sd_arcmin,15.95
sun,2027-04-19,192,gha,1620.37768,1440.19176,-0.00768,-0.00017,0.00001
sun,2027-04-19,192,dec,12.37096,1.33666,-0.01349,-0.00023,-0.00000
sun,2027-04-19,192,sd_arcmin,15.91
sun,2027-04-27,192,gha,1620.69450,1440.12384,-0.00914,-0.00007,0.00001
sun,2027-04-27,192,dec,14.92718,1.21713,-0.01641,-0.00025,0.00000
sun,2027-04-27,192,sd_arcmin,15.88
sun,2027-05-05,192,gha,1620.86774,1440.04927,-0.00931,0.00003,0.00000
sun,2027-05-05,192,dec,17.22099,1.07429,-0.01928,-0.00023,0.00000
sun,2027-05-05,192,sd_arcmin,15.85
sun,2027-05-13,192,gha,1620.89261,1439.97577,-0.00910,0.00001,0.00000
sun,2027-05-13,192,dec,19.20709,0.90974,-0.02176,-0.00018,0.00000
sun,2027-05-13,192,sd_arcmin,15.82
sun,2027-05-21,192,gha,1620.77264,1439.90474,-0.00851,0.00010,0.00001
sun,2027-05-21,192,dec,20.84573,0.72713,-0.02389,-0.00017,0.00000
sun,2027-05-21,192,sd_arcmin,15.79
sun,2027-05-29,192,gha,1620.51903,1439.84319,-0.00666,0.00022,0.00001
sun,2027-05-29,192,dec,22.10269,0.52828,-0.02574,-0.00013,0.00000
sun,2027-05-29,192,sd_arcmin,15.77
sun,2027-06-06,192,gha,1620.16182,1439.80223,-0.00354,0.00025,-0.00001
sun,2027-06-06,192,dec,22.94900,0.31700,-0.02698,-0.00007,0.00001
sun,2027-06-06,192,sd_arcmin,15.76
sun,2027-06-14,192,gha,1619.74682,1439.78503,-0.00081,0.00022,0.00000
sun,2027-06-14,192,dec,23.36526,0.09887,-0.02746,-0.00002,0.00000
sun,2027-06-14,192,sd_arcmin,15.74
sun,2027-06-22,192,gha,1619.31903,1439.78950,0.00197,0.00024,0.00000
sun,2027-06-22,192,dec,23.34310,-0.12102,-0.02743,0.00003,0.00000
sun,2027-06-22,192,sd_arcmin,15.73
sun,2027-06-30,192,gha,1618.92358,1439.81773,0.00519,0.00029,-0.00000
sun,2027-06-30,192,dec,22.88366,-0.33772,-0.02661,0.00010,0.00000
sun,2027-06-30,192,sd_arcmin,15.73
sun,2027-07-08,192,gha,1618.61011,1439.87104,0.00788,0.00015,-0.00001
sun,2027-07-08,192,dec,21.99974,-0.54495,-0.02511,0.00015,0.00000
sun,2027-07-08,192,sd_arcmin,15.73
sun,2027-07-16,192,gha,1618.41983,1439.93974,0.00915,0.00007,-0.00000
sun,2027-07-16,192,dec,20.71475,-0.73850,-0.02325,0.00016,0.00000
sun,2027-07-16,192,sd_arcmin,15.74
sun,2027-07-24,192,gha,1618.37459,1440.01550,0.00973,0.00004,0.00000
sun,2027-07-24,192,dec,19.05827,-0.91617,-0.02108,0.00021,0.00000
sun,2027-07-24,192,sd_arcmin,15.75
sun,2027-08-01,192,gha,1618.48516,1440.09550,0.01021,0.00000,-0.00001
sun,2027-08-01,192,dec,17.06574,-1.07409,-0.01836,0.00023,0.00000
sun,2027-08-01,192,sd_arcmin,15.76
sun,2027-08-09,192,gha,1618.75616,1440.17483,0.00942,-0.00012,-0.00000
sun,2027-08-09,192,dec,14.77948,-1.20987,-0.01560,0.00022,-0.00000
sun,2027-08-09,192,sd_arcmin,15.78
sun,2027-08-17,192,gha,1619.17589,1440.24341,0.00764,-0.00017,-0.00000
sun,2027-08-17,192,dec,12.24316,-1.32429,-0.01301,0.00022,0.00000
sun,2027-08-17,192,sd_arcmin,15.81
sun,2027-08-25,192,gha,1619.71752,1440.29661,0.00572,-0.00014,0.00000
sun,2027-08-25,192,dec,9.49923,-1.41726,-0.01015,0.00026,0.00000
sun,2027-08-25,192,sd_arcmin,15.83
sun,2027-09-02,192,gha,1620.35110,1440.33545,0.00388,-0.00019,-0.00001
sun,2027-09-02,192,dec,6.59330,-1.48611,-0.00709,0.00025,-0.00000
sun,2027-09-02,192,sd_arcmin,15.86
sun,2027-09-10,192,gha,1621.04495,1440.35616,0.00120,-0.00025,-0.00000
sun,2027-09-10,192,dec,3.57350,-1.53133,-0.00426,0.00022,-0.00000
sun,2027-09-10,192,sd_arcmin,15.90
sun,2027-09-18,192,gha,1621.75726,1440.35361,-0.00184,-0.00024,0.00000
sun,2027-09-18,192,dec,0.48536,-1.55451,-0.00149,0.00025,0.00000
sun,2027-09-18,192,sd_arcmin,15.93
sun,2027-09-26,192,gha,1622.44137,1440.32844,-0.00433,-0.00018,-0.00000
sun,2027-09-26,192,dec,-2.62554,-1.55368,0.00174,0.00028,0.00000
sun,2027-09-26,192,sd_arcmin,15.97
sun,2027-10-04,192,gha,1623.05637,1440.28458,-0.00671,-0.00022,-0.00000
sun,2027-10-04,192,dec,-5.70846,-1.52649,0.00503,0.00027,-0.00000
sun,2027-10-04,192,sd_arcmin,16.00
sun,2027-10-12,192,gha,1623.56319,1440.21994,-0.00947,-0.00024,0.00000
sun,2027-10-12,192,dec,-8.71116,-1.47361,0.00817,0.00026,0.00000
sun,2027-10-12,192,sd_arcmin,16.04
sun,2027-10-20,192,gha,1623.91899,1440.13380,-0.01191,-0.00015,0.00001
sun,2027-10-20,192,dec,-11.58249,-1.39486,0.01160,0.00031,0.00000
sun,2027-10-20,192,sd_arcmin,16.08
sun,2027-10-28,192,gha,1624.08698,1440.03323,-0.01308,-0.00007,0.00000
sun,2027-10-28,192,dec,-14.26762,-1.28716,0.01532,0.00031,-0.00000
sun,2027-10-28,192,sd_arcmin,16.11
sun,2027-11-05,192,gha,1624.04638,1439.92556,-0.01380,-0.00005,0.00000
sun,2027-11-05,192,dec,-16.70783,-1.15005,0.01891,0.00029,-0.00000
sun,2027-11-05,192,sd_arcmin,16.14
sun,2027-11-13,192,gha,1623.78566,1439.81345,-0.01413,0.00001,0.00001
sun,2027-11-13,192,dec,-18.84603,-0.98538,0.02225,0.00028,0.00000
sun,2027-11-13,192,sd_arcmin,16.17
sun,2027-11-21,192,gha,1623.30212,1439.70403,-0.01290,0.00020,0.00001
sun,2027-11-21,192,dec,-20.62809,-0.79392,0.02556,0.00025,-0.00000
sun,2027-11-21,192,sd_arcmin,16.20
sun,2027-11-29,192,gha,1622.61583,1439.61216,-0.00994,0.00028,0.00000
sun,2027-11-29,192,dec,-22.00240,-0.57810,0.02830,0.00020,-0.00000
sun,2027-11-29,192,sd_arcmin,16.22
sun,2027-12-07,192,gha,1621.77150,1439.54642,-0.00646,0.00029,-0.00000
sun,2027-12-07,192,dec,-22.92571,-0.34364,0.03017,0.00012,-0.00000
sun,2027-12-07,192,sd_arcmin,16.24
sun,2027-12-15,192,gha,1620.82409,1439.50927,-0.00271,0.00036,0.00001
sun,2027-12-15,192,dec,-23.36778,-0.09751,0.03127,0.00006,-0.00001
sun,2027-12-15,192,sd_arcmin,16.25
sun,2027-12-23,192,gha,1619.83580,1439.50648,0.00212,0.00042,-0.00000
sun,2027-12-23,192,dec,-23.31198,0.15329,0.03125,-0.00005,-0.00001
sun,2027-12-23,192,sd_arcmin,16.26
sun,2027-12-31,192,gha,1618.88089,1439.54246,0.00672,0.00034,-0.00001
sun,2027-12-31,192,dec,-22.75837,0.39939,0.03012,-0.00014,-0.00001
sun,2027-12-31,192,sd_arcmin,16.26
sun,2028-01-08,192,gha,1618.03068,1439.60997,0.00989,0.00019,-0.00001
sun,2028-01-08,192,dec,-21.72465,0.63265,0.02811,-0.00018,-0.00000
sun,2028-01-08,192,sd_arcmin,16.26
sun,2028-01-16,192,gha,1617.33639,1439.69746,0.01195,0.00017,-0.00000
sun,2028-01-16,192,dec,-20.24212,0.84772,0.02551,-0.00026,-0.00000
sun,2028-01-16,192,sd_arcmin,16.25
sun,2028-01-24,192,gha,1616.83247,1439.79994,0.01352,0.00008,-0.00001
sun,2028-01-24,192,dec,-18.35308,1.03848,0.02212,-0.00030,-0.00000
sun,2028-01-24,192,sd_arcmin,16.24
sun,2028-02-01,192,gha,1616.54213,1439.90992,0.01375,-0.00005,-0.00001
sun,2028-02-01,192,dec,-16.11071,1.20082,0.01845,-0.00031,0.00000
sun,2028-02-01,192,sd_arcmin,16.22
sun,2028-02-09,192,gha,1616.46839,1440.01515,0.01236,-0.00015,0.00000
sun,2028-02-09,192,dec,-13.57277,1.33422,0.01496,-0.00028,-0.00000
sun,2028-02-09,192,sd_arcmin,16.20
sun,2028-02-17,192,gha,1616.59204,1440.10708,0.01066,-0.00014,-0.00000
sun,2028-02-17,192,dec,-10.79608,1.43938,0.01127,-0.00032,0.00000
sun,2028-02-17,192,sd_arcmin,16.17
sun,2028-02-25,192,gha,1616.88585,1440.18520,0.00882,-0.00017,-0.00000
sun,2028-02-25,192,dec,-7.83914,1.51443,0.00752,-0.00031,0.00000
sun,2028-02-25,192,sd_arcmin,16.15
sun,2028-03-04,192,gha,1617.31950,1440.24639,0.00634,-0.00025,-0.00001
sun,2028-03-04,192,dec,-4.76151,1.56028,0.00401,-0.00026,0.00001
sun,2028-03-04,192,sd_arcmin,16.11
sun,2028-03-12,192,gha,1617.85292,1440.28439,0.00319,-0.00024,0.00000
sun,2028-03-12,192,dec,-1.61851,1.58017,0.00093,-0.00028,-0.00000
sun,2028-03-12,192,sd_arcmin,16.08
sun,2028-03-20,192,gha,1618.43878,1440.29932,0.00062,-0.00020,0.00000
sun,2028-03-20,192,dec,1.53862,1.57416,-0.00243,-0.00028,0.00000
sun,2028-03-20,192,sd_arcmin,16.04
sun,2028-03-28,192,gha,1619.03515,1440.29517,-0.00164,-0.00019,-0.00000
sun,2028-03-28,192,dec,4.65705,1.54153,-0.00571,-0.00027,0.00000
sun,2028-03-28,192,sd_arcmin,16.01
sun,2028-04-05,192,gha,1619.60445,1440.27192,-0.00428,-0.00024,0.00000
sun,2028-04-05,192,dec,7.68485,1.48383,-0.00862,-0.00022,-0.00000
sun,2028-04-05,192,sd_arcmin,15.97
sun,2028-04-13,192,gha,1620.10579,1440.22739,-0.00670,-0.00016,0.00001
sun,2028-04-13,192,dec,10.57449,1.40335,-0.01156,-0.00026,-0.00000
sun,2028-04-13,192,sd_arcmin,15.93
sun,2028-04-21,192,gha,1620.50198,1440.16762,-0.00810,-0.00008,0.00000
sun,2028-04-21,192,dec,13.27895,1.29857,-0.01462,-0.00025,0.00000
sun,2028-04-21,192,sd_arcmin,15.90
sun,2028-04-29,192,gha,1620.77005,1440.09985,-0.00884,-0.00007,-0.00000
sun,2028-04-29,192,dec,15.74977,1.16981,-0.01753,-0.00022,0.00000
sun,2028-04-29,192,sd_arcmin,15.87
sun,2028-05-07,192,gha,1620.89628,1440.02568,-0.00965,-0.00004,0.00001
sun,2028-05-07,192,dec,17.94120,1.01955,-0.02002,-0.00021,-0.00000
sun,2028-05-07,192,sd_arcmin,15.84
sun,2028-05-15,192,gha,1620.87060,1439.94891,-0.00933,0.00009,0.00001
sun,2028-05-15,192,dec,19.81206,0.84921,-0.02253,-0.00020,0.00000
sun,2028-05-15,192,sd_arcmin,15.81
sun,2028-05-23,192,gha,1620.69862,1439.88060,-0.00755,0.00019,0.00000
sun,2028-05-23,192,dec,21.32324,0.66020,-0.02466,-0.00016,0.00000
sun,2028-05-23,192,sd_arcmin,15.78
sun,2028-05-31,192,gha,1620.40646,1439.82904,-0.00540,0.00016,0.00000
sun,2028-05-31,192,dec,22.44106,0.45634,-0.02619,-0.00010,0.00000
sun,2028-05-31,192,sd_arcmin,15.77
sun,2028-06-08,192,gha,1620.02812,1439.79450,-0.00313,0.00023,0.00000
sun,2028-06-08,192,dec,23.14081,0.24256,-0.02721,-0.00007,0.00000
sun,2028-06-08,192,sd_arcmin,15.75
sun,2028-06-16,192,gha,1619.60155,1439.78155,0.00002,0.00030,0.00000
sun,2028-06-16,192,dec,23.40659,0.02290,-0.02758,0.00001,0.00000
sun,2028-06-16,192,sd_arcmin,15.74
sun,2028-06-24,192,gha,1619.17654,1439.79650,0.00365,0.00026,-0.00001
sun,2028-06-24,192,dec,23.23264,-0.19650,-0.02717,0.00006,0.00000
sun,2028-06-24,192,sd_arcmin,15.73
sun,2028-07-02,192,gha,1618.80727,1439.83628,0.00613,0.00017,-0.00000
sun,2028-07-02,192,dec,22.62535,-0.40991,-0.02612,0.00010,0.00000
sun,2028-07-02,192,sd_arcmin,15.73
sun,2028-07-10,192,gha,1618.53477,1439.89274,0.00794,0.00014,-0.00000
sun,2028-07-10,192,dec,21.60089,-0.61334,-0.02466,0.00015,0.00000
sun,2028-07-10,192,sd_arcmin,15.73
sun,2028-07-18,192,gha,1618.38904,1439.96291,0.00960,0.00013,-0.00000
sun,2028-07-18,192,dec,20.18338,-0.80237,-0.02251,0.00020,0.00000
sun,2028-07-18,192,sd_arcmin,15.74
sun,2028-07-26,192,gha,1618.39529,1440.04401,0.01040,-0.00001,-0.00001
sun,2028-07-26,192,dec,18.40640,-0.97252,-0.02001,0.00021,-0.00000
sun,2028-07-26,192,sd_arcmin,15.75
sun,2028-08-03,192,gha,1618.56497,1440.12509,0.00973,-0.00009,-0.00000
sun,2028-08-03,192,dec,16.30920,-1.12262,-0.01753,0.00021,0.00000
sun,2028-08-03,192,sd_arcmin,15.77
sun,2028-08-11,192,gha,1618.88931,1440.19823,0.00853,-0.00010,0.00000
sun,2028-08-11,192,dec,13.93192,-1.25246,-0.01487,0.00024,0.00000
sun,2028-08-11,192,sd_arcmin,15.79
sun,2028-08-19,192,gha,1619.35040,1440.26193,0.00739,-0.00012,-0.00001
sun,2028-08-19,192,dec,11.31750,-1.35944,-0.01186,0.00025,-0.00000
sun,2028-08-19,192,sd_arcmin,15.82
sun,2028-08-27,192,gha,1619.92758,1440.31353,0.00534,-0.00021,-0.00000
sun,2028-08-27,192,dec,8.51297,-1.44270,-0.00900,0.00022,-0.00000
sun,2028-08-27,192,sd_arcmin,15.84
sun,2028-09-04,192,gha,1620.58887,1440.34549,0.00261,-0.00023,0.00000
sun,2028-09-04,192,dec,5.56399,-1.50406,-0.00633,0.00023,0.00000
sun,2028-09-04,192,sd_arcmin,15.88
sun,2028-09-12,192,gha,1621.29212,1440.35557,-0.00001,-0.00019,0.00000
sun,2028-09-12,192,dec,2.51440,-1.54304,-0.00334,0.00027,0.00000
sun,2028-09-12,192,sd_arcmin,15.91
sun,2028-09-20,192,gha,1621.99632,1440.34677,-0.00225,-0.00022,-0.00000
sun,2028-09-20,192,dec,-0.58831,-1.55702,-0.00016,0.00026,-0.00000
sun,2028-09-20,192,sd_arcmin,15.94
sun,2028-09-28,192,gha,1622.66295,1440.31744,-0.00515,-0.00025,-0.00000
sun,2028-09-28,192,dec,-3.69409,-1.54627,0.00282,0.00024,0.00000
sun,2028-09-28,192,sd_arcmin,15.98
sun,2028-10-06,192,gha,1623.24708,1440.26419,-0.00813,-0.00023,0.00000
sun,2028-10-06,192,dec,-6.75452,-1.51159,0.00591,0.00028,0.00000
sun,2028-10-06,192,sd_arcmin,16.02
sun,2028-10-14,192,gha,1623.70287,1440.18980,-0.01028,-0.00013,0.00000
sun,2028-10-14,192,dec,-9.71942,-1.45037,0.00943,0.00030,0.00000
sun,2028-10-14,192,sd_arcmin,16.05
sun,2028-10-22,192,gha,1623.99512,1440.10107,-0.01195,-0.00015,0.00000
sun,2028-10-22,192,dec,-12.53325,-1.36048,0.01301,0.00029,-0.00000
sun,2028-10-22,192,sd_arcmin,16.09
sun,2028-10-30,192,gha,1624.09618,1439.99859,-0.01362,-0.00012,0.00000
sun,2028-10-30,192,dec,-15.13923,-1.24265,0.01644,0.00029,0.00000
sun,2028-10-30,192,sd_arcmin,16.12
sun,2028-11-07,192,gha,1623.98085,1439.88536,-0.01447,0.00000,0.00001
sun,2028-11-07,192,dec,-17.48176,-1.09688,0.02004,0.00030,-0.00000
sun,2028-11-07,192,sd_arcmin,16.15
sun,2028-11-15,192,gha,1623.63800,1439.77266,-0.01346,0.00013,0.00000
sun,2028-11-15,192,dec,-19.50393,-0.92238,0.02354,0.00028,-0.00000
sun,2028-11-15,192,sd_arcmin,16.18
sun,2028-11-23,192,gha,1623.08101,1439.67182,-0.01168,0.00017,0.00000
sun,2028-11-23,192,dec,-21.15035,-0.72152,0.02657,0.00022,-0.00000
sun,2028-11-23,192,sd_arcmin,16.21
sun,2028-12-01,192,gha,1622.33838,1439.58756,-0.00927,0.00024,0.00001
sun,2028-12-01,192,dec,-22.37294,-0.49906,0.02898,0.00018,-0.00000
sun,2028-12-01,192,sd_arcmin,16.23
sun,2028-12-09,192,gha,1621.45027,1439.52748,-0.00547,0.00040,0.00001
sun,2028-12-09,192,dec,-23.13309,-0.25964,0.03071,0.00010,-0.00001
sun,2028-12-09,192,sd_arcmin,16.25
sun,2028-12-17,192,gha,1620.47717,1439.50357,-0.00052,0.00040,-0.00000
sun,2028-12-17,192,dec,-23.40406,-0.01079,0.03135,0.00001,-0.00001
sun,2028-12-17,192,sd_arcmin,16.26
sun,2028-12-25,192,gha,1619.49456,1439.51749,0.00387,0.00033,-0.00001
sun,2028-12-25,192,dec,-23.17559,0.23888,0.03091,-0.00008,-0.00000
sun,2028-12-25,192,sd_arcmin,16.26
sun,2029-01-02,192,gha,1618.57201,1439.56289,0.00740,0.00028,0.00000
sun,2029-01-02,192,dec,-22.45410,0.48156,0.02964,-0.00015,-0.00001
sun,2029-01-02,192,sd_arcmin,16.26
sun,2029-01-10,192,gha,1617.76787,1439.63582,0.01080,0.00026,-0.00001
sun,2029-01-10,192,dec,-21.26068,0.70988,0.02729,-0.00023,-0.00000
sun,2029-01-10,192,sd_arcmin,16.26
sun,2029-01-18,192,gha,1617.13419,1439.73241,0.01309,0.00012,-0.00001
sun,2029-01-18,192,dec,-19.63198,0.91629,0.02424,-0.00027,-0.00000
sun,2029-01-18,192,sd_arcmin,16.25
sun,2029-01-26,192,gha,1616.70638,1439.84018,0.01358,-0.00003,-0.00001
sun,2029-01-26,192,dec,-17.61605,1.09686,0.02091,-0.00027,0.00000
sun,2029-01-26,192,sd_arcmin,16.24
sun,2029-02-03,192,gha,1616.49347,1439.94635,0.01294,-0.00005,0.00000
sun,2029-02-03,192,dec,-15.26577,1.25052,0.01741,-0.00032,-0.00000
sun,2029-02-03,192,sd_arcmin,16.22
sun,2029-02-11,192,gha,1616.48739,1440.04688,0.01210,-0.00010,-0.00001
sun,2029-02-11,192,dec,-12.63767,1.37436,0.01355,-0.00032,0.00000
sun,2029-02-11,192,sd_arcmin,16.19
sun,2029-02-19,192,gha,1616.67318,1440.13750,0.01041,-0.00018,-0.00001
sun,2029-02-19,192,dec,-9.79250,1.46770,0.00981,-0.00030,0.00000
sun,2029-02-19,192,sd_arcmin,16.16
sun,2029-02-27,192,gha,1617.02324,1440.21026,0.00765,-0.00025,0.00000
sun,2029-02-27,192,dec,-6.78939,1.53266,0.00650,-0.00027,-0.00000
sun,2029-02-27,192,sd_arcmin,16.13
sun,2029-03-07,192,gha,1617.49618,1440.26048,0.00501,-0.00020,0.00000
sun,2029-03-07,192,dec,-3.68294,1.57089,0.00302,-0.00029,0.00000
sun,2029-03-07,192,sd_arcmin,16.10
sun,2029-03-15,192,gha,1618.04982,1440.29120,0.00266,-0.00020,-0.00000
sun,2029-03-15,192,dec,-0.52805,1.58114,-0.00043,-0.00028,0.00000
sun,2029-03-15,192,sd_arcmin,16.07
sun,2029-03-23,192,gha,1618.64550,1440.30229,0.00002,-0.00025,-0.00001
sun,2029-03-23,192,dec,2.62045,1.56469,-0.00362,-0.00024,0.00000
sun,2029-03-23,192,sd_arcmin,16.03
sun,2029-03-31,192,gha,1619.24033,1440.28998,-0.00303,-0.00022,0.00001
sun,2029-03-31,192,dec,5.71188,1.52434,-0.00652,-0.00026,-0.00000
sun,2029-03-31,192,sd_arcmin,15.99
sun,2029-04-08,192,gha,1619.78865,1440.25653,-0.00521,-0.00015,0.00000
sun,2029-04-08,192,dec,8.69839,1.45951,-0.00969,-0.00026,0.00000
sun,2029-04-08,192,sd_arcmin,15.96
sun,2029-04-16,192,gha,1620.25483,1440.20833,-0.00679,-0.00012,-0.00000
sun,2029-04-16,192,dec,11.53010,1.36963,-0.01277,-0.00025,0.00000
sun,2029-04-16,192,sd_arcmin,15.92
sun,2029-04-24,192,gha,1620.61205,1440.14747,-0.00849,-0.00015,0.00000
sun,2029-04-24,192,dec,14.15813,1.25610,-0.01554,-0.00022,-0.00000
sun,2029-04-24,192,sd_arcmin,15.89
sun,2029-05-02,192,gha,1620.83448,1440.07396,-0.00967,-0.00003,0.00001
sun,2029-05-02,192,dec,16.53736,1.12080,-0.01832,-0.00023,0.00000
sun,2029-05-02,192,sd_arcmin,15.86
sun,2029-05-10,192,gha,1620.90502,1439.99677,-0.00945,0.00007,0.00001
sun,2029-05-10,192,dec,18.62372,0.96333,-0.02100,-0.00021,0.00000
sun,2029-05-10,192,sd_arcmin,15.83
sun,2029-05-18,192,gha,1620.82622,1439.92535,-0.00836,0.00009,-0.00000
sun,2029-05-18,192,dec,20.37467,0.78565,-0.02335,-0.00017,0.00000
sun,2029-05-18,192,sd_arcmin,15.80
sun,2029-05-26,192,gha,1620.61335,1439.86268,-0.00725,0.00012,0.00001
sun,2029-05-26,192,dec,21.75321,0.59139,-0.02518,-0.00015,0.00000
sun,2029-05-26,192,sd_arcmin,15.78
sun,2029-06-03,192,gha,1620.28700,1439.81285,-0.00500,0.00024,0.00001
sun,2029-06-03,192,dec,22.72954,0.38370,-0.02665,-0.00009,0.00000
sun,2029-06-03,192,sd_arcmin,15.76
sun,2029-06-11,192,gha,1619.88290,1439.78586,-0.00164,0.00030,-0.00000
sun,2029-06-11,192,dec,23.28094,0.16707,-0.02741,-0.00004,0.00000
sun,2029-06-11,192,sd_arcmin,15.75
sun,2029-06-19,192,gha,1619.45212,1439.78601,0.00153,0.00022,-0.00000
sun,2029-06-19,192,dec,23.39518,-0.05286,-0.02745,0.00003,0.00000
sun,2029-06-19,192,sd_arcmin,15.74
sun,2029-06-27,192,gha,1619.04438,1439.80835,0.00406,0.00022,0.00000
sun,2029-06-27,192,dec,23.07114,-0.27077,-0.02695,0.00007,0.00000
sun,2029-06-27,192,sd_arcmin,15.73
sun,2029-07-05,192,gha,1618.70202,1439.85153,0.00675,0.00023,-0.00000
sun,2029-07-05,192,dec,22.31743,-0.48189,-0.02571,0.00014,0.00000
sun,2029-07-05,192,sd_arcmin,15.73
sun,2029-07-13,192,gha,1618.46714,1439.91557,0.00912,0.00014,-0.00001
sun,2029-07-13,192,dec,21.15365,-0.68033,-0.02384,0.00017,0.00000
sun,2029-07-13,192,sd_arcmin,15.74
sun,2029-07-21,192,gha,1618.37469,1439.99263,0.00991,0.00001,-0.00000
sun,2029-07-21,192,dec,19.60908,-0.86244,-0.02168,0.00018,0.00000
sun,2029-07-21,192,sd_arcmin,15.75
sun,2029-07-29,192,gha,1618.43915,1440.07176,0.00982,-0.00002,-0.00000
sun,2029-07-29,192,dec,17.71790,-1.02679,-0.01934,0.00022,0.00000
sun,2029-07-29,192,sd_arcmin,15.76
sun,2029-08-06,192,gha,1618.66039,1440.14926,0.00954,-0.00003,-0.00000
sun,2029-08-06,192,dec,15.51828,-1.17050,-0.01654,0.00024,-0.00000
sun,2029-08-06,192,sd_arcmin,15.78
sun,2029-08-14,192,gha,1619.03308,1440.22265,0.00860,-0.00014,-0.00001
sun,2029-08-14,192,dec,13.05411,-1.29127,-0.01367,0.00023,-0.00000
sun,2029-08-14,192,sd_arcmin,15.80
sun,2029-08-22,192,gha,1619.54078,1440.28325,0.00645,-0.00020,-0.00000
sun,2029-08-22,192,dec,10.37068,-1.38996,-0.01103,0.00022,0.00000
sun,2029-08-22,192,sd_arcmin,15.83
sun,2029-08-30,192,gha,1620.15140,1440.32541,0.00411,-0.00019,0.00000
sun,2029-08-30,192,dec,7.51125,-1.46711,-0.00821,0.00025,0.00000
sun,2029-08-30,192,sd_arcmin,15.85
sun,2029-09-07,192,gha,1620.82852,1440.35002,0.00208,-0.00017,-0.00001
sun,2029-09-07,192,dec,4.52108,-1.52049,-0.00513,0.00026,-0.00000
sun,2029-09-07,192,sd_arcmin,15.89
sun,2029-09-15,192,gha,1621.53748,1440.35675,-0.00054,-0.00025,-0.00000
sun,2029-09-15,192,dec,1.44858,-1.54956,-0.00219,0.00023,-0.00000
sun,2029-09-15,192,sd_arcmin,15.92
sun,2029-09-23,192,gha,1622.23682,1440.34000,-0.00364,-0.00025,0.00000
sun,2029-09-23,192,dec,-1.65920,-1.55586,0.00065,0.00025,0.00000
sun,2029-09-23,192,sd_arcmin,15.96
sun,2029-10-01,192,gha,1622.87866,1440.29956,-0.00636,-0.00019,0.00001
sun,2029-10-01,192,dec,-4.75577,-1.53802,0.00387,0.00028,0.00000
sun,2029-10-01,192,sd_arcmin,15.99
sun,2029-10-09,192,gha,1623.42033,1440.24041,-0.00843,-0.00019,-0.00000
sun,2029-10-09,192,dec,-7.79004,-1.49338,0.00730,0.00028,-0.00000
sun,2029-10-09,192,sd_arcmin,16.03
sun,2029-10-17,192,gha,1623.82599,1440.16318,-0.01090,-0.00021,0.00000
sun,2029-10-17,192,dec,-10.70791,-1.42175,0.01059,0.00027,0.00000
sun,2029-10-17,192,sd_arcmin,16.07
sun,2029-10-25,192,gha,1624.05786,1440.06689,-0.01306,-0.00014,0.00001
sun,2029-10-25,192,dec,-13.45590,-1.32336,0.01406,0.00030,0.00000
sun,2029-10-25,192,sd_arcmin,16.10
sun,2029-11-02,192,gha,1624.08333,1439.95785,-0.01393,0.00000,0.00001
sun,2029-11-02,192,dec,-15.97846,-1.19611,0.01776,0.00031,0.00000
sun,2029-11-02,192,sd_arcmin,16.13
sun,2029-11-10,192,gha,1623.88805,1439.84699,-0.01378,0.00002,0.00000
sun,2029-11-10,192,dec,-18.21706,-1.03949,0.02134,0.00028,-0.00000
sun,2029-11-10,192,sd_arcmin,16.16
sun,2029-11-18,192,gha,1623.47306,1439.73847,-0.01322,0.00009,0.00001
sun,2029-11-18,192,dec,-20.11497,-0.85575,0.02455,0.00026,-0.00000
sun,2029-11-18,192,sd_arcmin,16.19
sun,2029-11-26,192,gha,1622.84893,1439.63889,-0.01143,0.00023,0.00001
sun,2029-11-26,192,dec,-21.62052,-0.64734,0.02749,0.00022,-0.00000
sun,2029-11-26,192,sd_arcmin,16.22
sun,2029-12-04,192,gha,1622.04626,1439.56162,-0.00765,0.00036,-0.00000
sun,2029-12-04,192,dec,-22.68779,-0.41808,0.02971,0.00015,-0.00001
sun,2029-12-04,192,sd_arcmin,16.24
sun,2029-12-12,192,gha,1621.12157,1439.51714,-0.00349,0.00034,-0.00000
sun,2029-12-12,192,dec,-23.28154,-0.17458,0.03101,0.00006,-0.00000
sun,2029-12-12,192,sd_arcmin,16.25
sun,2029-12-20,192,gha,1620.14085,1439.50554,0.00059,0.00034,0.00000
sun,2029-12-20,192,dec,-23.38109,0.07532,0.03135,-0.00001,-0.00000
sun,2029-12-20,192,sd_arcmin,16.26
sun,2029-12-28,192,gha,1619.16999,1439.52720,0.00492,0.00039,0.00000
sun,2029-12-28,192,dec,-22.98111,0.32406,0.03064,-0.00012,-0.00001
sun,2029-12-28,192,sd_arcmin,16.26
sun,2030-01-05,192,gha,1618.27805,1439.58445,0.00920,0.00029,-0.00001
sun,2030-01-05,192,dec,-22.09318,0.56235,0.02882,-0.00019,-0.00000
sun,2030-01-05,192,sd_arcmin,16.26
sun,2030-01-13,192,gha,1617.52976,1439.66943,0.01180,0.00015,-0.00001
sun,2030-01-13,192,dec,-20.74568,0.78302,0.02627,-0.00023,-0.00000
sun,2030-01-13,192,sd_arcmin,16.26
sun,2030-01-21,192,gha,1616.96715,1439.76886,0.01289,0.00006,-0.00000
sun,2030-01-21,192,dec,-18.97863,0.98157,0.02331,-0.00027,-0.00001
sun,2030-01-21,192,sd_arcmin,16.25
sun,2030-01-29,192,gha,1616.61011,1439.87464,0.01352,0.00003,-0.00001
sun,2030-01-29,192,dec,-16.84019,1.15383,0.01968,-0.00031,0.00000
sun,2030-01-29,192,sd_arcmin,16.23
sun,2030-02-06,192,gha,1616.46736,1439.98233,0.01318,-0.00009,-0.00001
sun,2030-02-06,192,dec,-14.38699,1.29623,0.01592,-0.00031,0.00000
sun,2030-02-06,192,sd_arcmin,16.21
sun,2030-02-14,192,gha,1616.53272,1440.08160,0.01146,-0.00019,-0.00000
sun,2030-02-14,192,dec,-11.67872,1.40904,0.01233,-0.00028,0.00000
sun,2030-02-14,192,sd_arcmin,16.18
sun,2030-02-22,192,gha,1616.77990,1440.16357,0.00907,-0.00018,0.00000
sun,2030-02-22,192,dec,-8.77287,1.49389,0.00882,-0.00031,-0.00000
sun,2030-02-22,192,sd_arcmin,16.15
sun,2030-03-02,192,gha,1617.17312,1440.22795,0.00702,-0.00018,-0.00000
sun,2030-03-02,192,dec,-5.72632,1.54958,0.00513,-0.00030,0.00000
sun,2030-03-02,192,sd_arcmin,16.12
sun,2030-03-10,192,gha,1617.67766,1440.27452,0.00454,-0.00023,-0.00000
sun,2030-03-10,192,dec,-2.59713,1.57674,0.00170,-0.00027,0.00000
sun,2030-03-10,192,sd_arcmin,16.09
sun,2030-03-18,192,gha,1618.25345,1440.29864,0.00141,-0.00027,0.00000
sun,2030-03-18,192,dec,0.56009,1.57795,-0.00135,-0.00025,-0.00000
sun,2030-03-18,192,sd_arcmin,16.05
sun,2030-03-26,192,gha,1618.85275,1440.29839,-0.00132,-0.00019,0.00000
sun,2030-03-26,192,dec,3.69517,1.55443,-0.00457,-0.00027,0.00000
sun,2030-03-26,192,sd_arcmin,16.02
sun,2030-04-03,192,gha,1619.43220,1440.27930,-0.00343,-0.00017,-0.00000
sun,2030-04-03,192,dec,6.75722,1.50494,-0.00778,-0.00026,0.00000
sun,2030-04-03,192,sd_arcmin,15.98
sun,2030-04-11,192,gha,1619.95667,1440.24335,-0.00561,-0.00020,-0.00000
sun,2030-04-11,192,dec,9.69517,1.43051,-0.01078,-0.00023,0.00000
sun,2030-04-11,192,sd_arcmin,15.94
sun,2030-04-19,192,gha,1620.39082,1440.18884,-0.00792,-0.00015,0.00001
sun,2030-04-19,192,dec,12.46121,1.33321,-0.01359,-0.00025,-0.00000
sun,2030-04-19,192,sd_arcmin,15.91
sun,2030-04-27,192,gha,1620.70095,1440.12039,-0.00901,-0.00004,0.00000
sun,2030-04-27,192,dec,15.00940,1.21250,-0.01656,-0.00024,0.00000
sun,2030-04-27,192,sd_arcmin,15.88
sun,2030-05-05,192,gha,1620.86871,1440.04720,-0.00921,0.00000,0.00000
sun,2030-05-05,192,dec,17.29291,1.06868,-0.01936,-0.00022,0.00000
sun,2030-05-05,192,sd_arcmin,15.85
sun,2030-05-13,192,gha,1620.88939,1439.97346,-0.00925,-0.00001,0.00000
sun,2030-05-13,192,dec,19.26739,0.90379,-0.02178,-0.00019,-0.00000
sun,2030-05-13,192,sd_arcmin,15.82
sun,2030-05-21,192,gha,1620.76350,1439.90122,-0.00855,0.00013,0.00001
sun,2030-05-21,192,dec,20.89355,0.72050,-0.02401,-0.00017,0.00000
sun,2030-05-21,192,sd_arcmin,15.79
sun,2030-05-29,192,gha,1620.50392,1439.84108,-0.00631,0.00023,0.00000
sun,2030-05-29,192,dec,22.13650,0.52098,-0.02579,-0.00013,0.00000
sun,2030-05-29,192,sd_arcmin,15.77
sun,2030-06-06,192,gha,1620.14463,1439.80204,-0.00344,0.00023,-0.00000
sun,2030-06-06,192,dec,22.96801,0.30953,-0.02698,-0.00007,0.00000
sun,2030-06-06,192,sd_arcmin,15.76
sun,2030-06-14,192,gha,1619.72931,1439.78472,-0.00093,0.00022,0.00001
sun,2030-06-14,192,dec,23.36931,0.09132,-0.02751,-0.00003,0.00000
sun,2030-06-14,192,sd_arcmin,15.74
sun,2030-06-22,192,gha,1619.30056,1439.78909,0.00214,0.00028,0.00000
sun,2030-06-22,192,dec,23.33164,-0.12890,-0.02741,0.00005,0.00000
sun,2030-06-22,192,sd_arcmin,15.73
sun,2030-06-30,192,gha,1618.90655,1439.81970,0.00548,0.00026,-0.00000
sun,2030-06-30,192,dec,22.85701,-0.34498,-0.02652,0.00010,0.00000
sun,2030-06-30,192,sd_arcmin,15.73
sun,2030-07-08,192,gha,1618.59833,1439.87410,0.00788,0.00013,-0.00001
sun,2030-07-08,192,dec,21.95922,-0.55158,-0.02505,0.00014,0.00000
sun,2030-07-08,192,sd_arcmin,15.73
sun,2030-07-16,192,gha,1618.41344,1439.94193,0.00900,0.00008,0.00000
sun,2030-07-16,192,dec,20.66106,-0.74510,-0.02327,0.00017,0.00000
sun,2030-07-16,192,sd_arcmin,15.74
sun,2030-07-24,192,gha,1618.37239,1440.01778,0.00992,0.00006,-0.00000
sun,2030-07-24,192,dec,18.99192,-0.92205,-0.02090,0.00022,0.00000
sun,2030-07-24,192,sd_arcmin,15.75
sun,2030-08-01,192,gha,1618.48902,1440.09917,0.01028,-0.00002,-0.00001
sun,2030-08-01,192,dec,16.98901,-1.07864,-0.01823,0.00023,0.00000
sun,2030-08-01,192,sd_arcmin,15.77
sun,2030-08-09,192,gha,1618.76720,1440.17813,0.00923,-0.00014,-0.00000
sun,2030-08-09,192,dec,14.69438,-1.21379,-0.01560,0.00021,0.00000
sun,2030-08-09,192,sd_arcmin,15.78
sun,2030-08-17,192,gha,1619.19175,1440.24497,0.00749,-0.00014,0.00000
sun,2030-08-17,192,dec,12.15024,-1.32812,-0.01292,0.00024,0.00000
sun,2030-08-17,192,sd_arcmin,15.81
sun,2030-08-25,192,gha,1619.73630,1440.29820,0.00583,-0.00014,-0.00000
sun,2030-08-25,192,dec,9.39996,-1.41968,-0.00995,0.00025,-0.00000
sun,2030-08-25,192,sd_arcmin,15.83
sun,2030-09-02,192,gha,1620.37362,1440.33747,0.00384,-0.00021,-0.00001
sun,2030-09-02,192,dec,6.49046,-1.48735,-0.00699,0.00024,-0.00000
sun,2030-09-02,192,sd_arcmin,15.86
sun,2030-09-10,192,gha,1621.07030,1440.35675,0.00091,-0.00025,0.00000
sun,2030-09-10,192,dec,3.46849,-1.53237,-0.00428,0.00023,0.00000
sun,2030-09-10,192,sd_arcmin,15.90
sun,2030-09-18,192,gha,1621.78185,1440.35245,-0.00192,-0.00022,0.00000
sun,2030-09-18,192,dec,0.37868,-1.55496,-0.00131,0.00026,0.00000
sun,2030-09-18,192,sd_arcmin,15.93
sun,2030-09-26,192,gha,1622.46378,1440.32757,-0.00423,-0.00018,-0.00000
sun,2030-09-26,192,dec,-2.73161,-1.55265,0.00190,0.00027,0.00000
sun,2030-09-26,192,sd_arcmin,15.97
sun,2030-10-04,192,gha,1623.07724,1440.28370,-0.00686,-0.00025,-0.00000
sun,2030-10-04,192,dec,-5.81148,-1.52457,0.00508,0.00025,-0.00000
sun,2030-10-04,192,sd_arcmin,16.00
sun,2030-10-12,192,gha,1623.58038,1440.21704,-0.00974,-0.00022,0.00000
sun,2030-10-12,192,dec,-8.81018,-1.47148,0.00825,0.00028,0.00000
sun,2030-10-12,192,sd_arcmin,16.04
sun,2030-10-20,192,gha,1623.92913,1440.12992,-0.01188,-0.00013,0.00001
sun,2030-10-20,192,dec,-11.67612,-1.39150,0.01178,0.00030,0.00000
sun,2030-10-20,192,sd_arcmin,16.08
sun,2030-10-28,192,gha,1624.09028,1440.03037,-0.01294,-0.00009,-0.00000
sun,2030-10-28,192,dec,-14.35325,-1.28256,0.01546,0.00030,-0.00000
sun,2030-10-28,192,sd_arcmin,16.11
sun,2030-11-05,192,gha,1624.04399,1439.92243,-0.01400,-0.00007,0.00000
sun,2030-11-05,192,dec,-16.78350,-1.14479,0.01895,0.00029,0.00000
sun,2030-11-05,192,sd_arcmin,16.14
sun,2030-11-13,192,gha,1623.77540,1439.80881,-0.01421,0.00004,0.00001
sun,2030-11-13,192,dec,-18.91050,-0.97933,0.02242,0.00029,-0.00000
sun,2030-11-13,192,sd_arcmin,16.17
sun,2030-11-21,192,gha,1623.28303,1439.70012,-0.01264,0.00022,0.00001
sun,2030-11-21,192,dec,-20.67931,-0.78678,0.02565,0.00025,-0.00000
sun,2030-11-21,192,sd_arcmin,16.20
sun,2030-11-29,192,gha,1622.59121,1439.61046,-0.00977,0.00024,0.00000
sun,2030-11-29,192,dec,-22.03868,-0.57032,0.02835,0.00019,-0.00000
sun,2030-11-29,192,sd_arcmin,16.22
sun,2030-12-07,192,gha,1621.74372,1439.54469,-0.00658,0.00030,0.00000
sun,2030-12-07,192,dec,-22.94611,-0.33554,0.03024,0.00013,-0.00000
sun,2030-12-07,192,sd_arcmin,16.24
sun,2030-12-15,192,gha,1620.79266,1439.50759,-0.00256,0.00038,0.00001
sun,2030-12-15,192,dec,-23.37132,-0.08879,0.03130,0.00004,-0.00001
sun,2030-12-15,192,sd_arcmin,16.25
sun,2030-12-23,192,gha,1619.80307,1439.50709,0.00252,0.00042,-0.00001
sun,2030-12-23,192,dec,-23.29827,0.16174,0.03118,-0.00005,-0.00001
sun,2030-12-23,192,sd_arcmin,16.26
sun,2030-12-31,192,gha,1618.85180,1439.54519,0.00678,0.00030,-0.00001
sun,2030-12-31,192,dec,-22.72829,0.40729,0.03006,-0.00013,-0.00000
sun,2030-12-31,192,sd_arcmin,16.27
sun,2031-01-08,192,gha,1618.00665,1439.61218,0.00981,0.00021,-0.00000
sun,2031-01-08,192,dec,-21.67898,0.64040,0.02812,-0.00019,-0.00000
sun,2031-01-08,192,sd_arcmin,16.26
sun,2031-01-16,192,gha,1617.31680,1439.69985,0.01207,0.00019,0.00000
sun,2031-01-16,192,dec,-20.18141,0.85486,0.02535,-0.00027,-0.00000
sun,2031-01-16,192,sd_arcmin,16.25
sun,2031-01-24,192,gha,1616.81928,1439.80403,0.01373,0.00006,-0.00001
sun,2031-01-24,192,dec,-18.27958,1.04414,0.02194,-0.00029,-0.00000
sun,2031-01-24,192,sd_arcmin,16.24
sun,2031-02-01,192,gha,1616.53762,1439.91419,0.01358,-0.00007,-0.00001
sun,2031-02-01,192,dec,-16.02700,1.20548,0.01839,-0.00029,0.00000
sun,2031-02-01,192,sd_arcmin,16.22
sun,2031-02-09,192,gha,1616.47075,1440.01779,0.01221,-0.00014,0.00000
sun,2031-02-09,192,dec,-13.47999,1.33860,0.01487,-0.00030,-0.00000
sun,2031-02-09,192,sd_arcmin,16.20
sun,2031-02-17,192,gha,1616.59908,1440.10932,0.01073,-0.00012,-0.00000
sun,2031-02-17,192,dec,-10.69581,1.44239,0.01105,-0.00032,0.00000
sun,2031-02-17,192,sd_arcmin,16.17
sun,2031-02-25,192,gha,1616.89819,1440.18821,0.00884,-0.00020,-0.00000
sun,2031-02-25,192,dec,-7.73444,1.51591,0.00737,-0.00029,0.00000
sun,2031-02-25,192,sd_arcmin,16.14
sun,2031-03-05,192,gha,1617.33693,1440.24820,0.00606,-0.00026,-0.00000
sun,2031-03-05,192,dec,-4.65448,1.56127,0.00403,-0.00026,0.00000
sun,2031-03-05,192,sd_arcmin,16.11
sun,2031-03-13,192,gha,1617.87196,1440.28430,0.00304,-0.00022,0.00001
sun,2031-03-13,192,dec,-1.50986,1.58065,0.00077,-0.00029,-0.00000
sun,2031-03-13,192,sd_arcmin,16.08
sun,2031-03-21,192,gha,1618.45731,1440.29914,0.00073,-0.00019,-0.00000
sun,2031-03-21,192,dec,1.64683,1.57321,-0.00261,-0.00027,0.00000
sun,2031-03-21,192,sd_arcmin,16.04
sun,2031-03-29,192,gha,1619.05387,1440.29536,-0.00173,-0.00022,-0.00000
sun,2031-03-29,192,dec,4.76218,1.53950,-0.00578,-0.00025,0.00000
sun,2031-03-29,192,sd_arcmin,16.01
sun,2031-04-06,192,gha,1619.62193,1440.27034,-0.00456,-0.00023,0.00000
sun,2031-04-06,192,dec,7.78570,1.48162,-0.00866,-0.00024,-0.00000
sun,2031-04-06,192,sd_arcmin,15.97
sun,2031-04-14,192,gha,1620.11848,1440.22440,-0.00673,-0.00013,0.00001
sun,2031-04-14,192,dec,10.67007,1.40019,-0.01172,-0.00026,0.00000
sun,2031-04-14,192,sd_arcmin,15.93
sun,2031-04-22,192,gha,1620.50938,1440.16551,-0.00793,-0.00009,0.00000
sun,2031-04-22,192,dec,13.36703,1.29425,-0.01475,-0.00025,0.00000
sun,2031-04-22,192,sd_arcmin,15.90
sun,2031-04-30,192,gha,1620.77361,1440.09785,-0.00898,-0.00009,-0.00000
sun,2031-04-30,192,dec,15.82846,1.16484,-0.01755,-0.00022,0.00000
sun,2031-04-30,192,sd_arcmin,15.87
sun,2031-05-08,192,gha,1620.89427,1440.02209,-0.00982,-0.00002,0.00001
sun,2031-05-08,192,dec,18.00957,1.01410,-0.02015,-0.00022,0.00000
sun,2031-05-08,192,sd_arcmin,15.84
sun,2031-05-16,192,gha,1620.86115,1439.94539,-0.00911,0.00012,0.00000
sun,2031-05-16,192,dec,19.86856,0.84283,-0.02262,-0.00019,0.00000
sun,2031-05-16,192,sd_arcmin,15.81
sun,2031-05-24,192,gha,1620.68419,1439.87910,-0.00738,0.00016,0.00000
sun,2031-05-24,192,dec,21.36639,0.65325,-0.02471,-0.00015,0.00000
sun,2031-05-24,192,sd_arcmin,15.78
sun,2031-06-01,192,gha,1620.38944,1439.82772,-0.00549,0.00015,0.00000
sun,2031-06-01,192,dec,22.47002,0.44911,-0.02623,-0.00010,0.00000
sun,2031-06-01,192,sd_arcmin,15.77
sun,2031-06-09,192,gha,1620.00770,1439.79253,-0.00310,0.00026,0.00001
sun,2031-06-09,192,dec,23.15478,0.23477,-0.02726,-0.00005,0.00000
sun,2031-06-09,192,sd_arcmin,15.75
sun,2031-06-17,192,gha,1619.57875,1439.78145,0.00040,0.00030,-0.00000
sun,2031-06-17,192,dec,23.40497,0.01519,-0.02753,0.00000,0.00000
sun,2031-06-17,192,sd_arcmin,15.74
sun,2031-06-25,192,gha,1619.15584,1439.79844,0.00375,0.00024,-0.00001
sun,2031-06-25,192,dec,23.21595,-0.20388,-0.02713,0.00006,0.00000
sun,2031-06-25,192,sd_arcmin,15.73
sun,2031-07-03,192,gha,1618.79049,1439.83807,0.00600,0.00016,0.00000
sun,2031-07-03,192,dec,22.59403,-0.41721,-0.02615,0.00010,0.00000
sun,2031-07-03,192,sd_arcmin,15.73
sun,2031-07-11,192,gha,1618.52108,1439.89426,0.00808,0.00017,-0.00000
sun,2031-07-11,192,dec,21.55505,-0.62042,-0.02453,0.00016,0.00000
sun,2031-07-11,192,sd_arcmin,15.73
sun,2031-07-19,192,gha,1618.38021,1439.96633,0.00982,0.00011,-0.00001
sun,2031-07-19,192,dec,20.12459,-0.80824,-0.02237,0.00019,0.00000
sun,2031-07-19,192,sd_arcmin,15.74
sun,2031-07-27,192,gha,1618.39409,1440.04800,0.01035,-0.00003,-0.00001
sun,2031-07-27,192,dec,18.33670,-0.97761,-0.01995,0.00020,-0.00000
sun,2031-07-27,192,sd_arcmin,15.75
sun,2031-08-04,192,gha,1618.57056,1440.12775,0.00952,-0.00007,0.00000
sun,2031-08-04,192,dec,16.22949,-1.12757,-0.01750,0.00022,0.00000
sun,2031-08-04,192,sd_arcmin,15.77
sun,2031-08-12,192,gha,1618.89950,1440.20047,0.00865,-0.00008,-0.00000
sun,2031-08-12,192,dec,13.84322,-1.25633,-0.01466,0.00024,0.00000
sun,2031-08-12,192,sd_arcmin,15.79
sun,2031-08-20,192,gha,1619.36609,1440.26509,0.00741,-0.00014,-0.00001
sun,2031-08-20,192,dec,11.22251,-1.36195,-0.01175,0.00024,-0.00000
sun,2031-08-20,192,sd_arcmin,15.82
sun,2031-08-28,192,gha,1619.94908,1440.31599,0.00512,-0.00024,-0.00000
sun,2031-08-28,192,dec,8.41357,-1.44469,-0.00900,0.00021,0.00000
sun,2031-08-28,192,sd_arcmin,15.84
sun,2031-09-05,192,gha,1620.61323,1440.34591,0.00242,-0.00021,0.00000
sun,2031-09-05,192,dec,5.46076,-1.50579,-0.00621,0.00025,0.00000
sun,2031-09-05,192,sd_arcmin,15.88
sun,2031-09-13,192,gha,1621.31694,1440.35587,0.00010,-0.00018,0.00000
sun,2031-09-13,192,dec,2.40907,-1.54335,-0.00317,0.00026,0.00000
sun,2031-09-13,192,sd_arcmin,15.91
sun,2031-09-21,192,gha,1622.02222,1440.34741,-0.00231,-0.00023,-0.00001
sun,2031-09-21,192,dec,-0.69317,-1.55631,-0.00008,0.00025,-0.00000
sun,2031-09-21,192,sd_arcmin,15.94
sun,2031-09-29,192,gha,1622.68882,1440.31655,-0.00546,-0.00026,0.00000
sun,2031-09-29,192,dec,-3.79719,-1.54530,0.00283,0.00025,0.00000
sun,2031-09-29,192,sd_arcmin,15.98
aries,2026-10-01,192,gha,1453.68732,1443.94261,-0.00004,-0.00001,0.00000
aries,2026-10-09,192,gha,1461.57241,1443.94256,0.00004,-0.00000,-0.00000
aries,2026-10-17,192,gha,1469.45758,1443.94254,-0.00003,0.00000,0.00000
aries,2026-10-25,192,gha,1477.34273,1443.94268,0.00002,-0.00002,-0.00000
aries,2026-11-02,192,gha,1485.22794,1443.94252,0.00001,0.00001,-0.00000
aries,2026-11-10,192,gha,1493.11315,1443.94266,-0.00002,-0.00001,0.00000
aries,2026-11-18,192,gha,1500.99835,1443.94260,0.00004,0.00001,-0.00000
aries,2026-11-26,192,gha,1508.88369,1443.94263,-0.00005,0.00001,0.00000
aries,2026-12-04,192,gha,1516.76893,1443.94268,0.00002,-0.00001,-0.00000
aries,2026-12-12,192,gha,1524.65423,1443.94258,-0.00002,0.00001,0.00000
aries,2026-12-20,192,gha,1532.53954,1443.94276,-0.00001,-0.00002,0.00000
aries,2026-12-28,192,gha,1540.42485,1443.94260,0.00003,0.00001,-0.00000
aries,2027-01-05,192,gha,1548.31016,1443.94265,-0.00003,-0.00000,0.00000
aries,2027-01-13,192,gha,1556.19538,1443.94265,0.00005,0.00000,-0.00000
aries,2027-01-21,192,gha,1564.08070,1443.94258,-0.00004,0.00002,0.00000
aries,2027-01-29,192,gha,1571.96591,1443.94266,0.00000,-0.00001,-0.00000
aries,2027-02-06,192,gha,1579.85109,1443.94251,0.00000,0.00001,0.00000
aries,2027-02-14,192,gha,1587.73629,1443.94266,-0.00003,-0.00002,0.00000
aries,2027-02-22,192,gha,1595.62143,1443.94256,0.00004,-0.00000,-0.00000
aries,2027-03-02,192,gha,1603.50659,1443.94253,-0.00003,0.00000,0.00000
aries,2027-03-10,192,gha,1611.39166,1443.94262,0.00004,-0.00001,-0.00000
aries,2027-03-18,192,gha,1619.27681,1443.94249,-0.00001,0.00002,-0.00000
aries,2027-03-26,192,gha,1627.16192,1443.94261,-0.00001,-0.00001,0.00000
aries,2027-04-03,192,gha,1635.04700,1443.94251,0.00003,0.00001,-0.00000
aries,2027-04-11,192,gha,1642.93219,1443.94260,-0.00005,-0.00000,0.00000
aries,2027-04-19,192,gha,1650.81731,1443.94261,0.00003,-0.00001,-0.00000
aries,2027-04-27,192,gha,1658.70250,1443.94253,-0.00002,0.00001,0.00000
aries,2027-05-05,192,gha,1666.58768,1443.94270,0.00001,-0.00002,-0.00000
aries,2027-05-13,192,gha,1674.47291,1443.94255,0.00002,0.00001,-0.00000
aries,2027-05-21,192,gha,1682.35817,1443.94265,-0.00003,-0.00001,0.00000
aries,2027-05-29,192,gha,1690.24337,1443.94262,0.00005,0.00001,-0.00000
aries,2027-06-06,192,gha,1698.12871,1443.94261,-0.00004,0.00001,0.00000
aries,2027-06-14,192,gha,1706.01396,1443.94269,0.00001,-0.00001,-0.00000
aries,2027-06-22,192,gha,1713.89923,1443.94256,-0.00001,0.00001,0.00000
aries,2027-06-30,192,gha,1721.78453,1443.94273,-0.00002,-0.00002,0.00000
aries,2027-07-08,192,gha,1729.66980,1443.94260,0.00003,0.00000,-0.00000
aries,2027-07-16,192,gha,1737.55507,1443.94261,-0.00003,0.00000,0.00000
aries,2027-07-24,192,gha,1745.44025,1443.94265,0.00005,-0.00000,-0.00000
aries,2027-08-01,192,gha,1753.32553,1443.94254,-0.00002,0.00002,0.00000
aries,2027-08-09,192,gha,1761.21072,1443.94265,-0.00001,-0.00001,0.00000
aries,2027-08-17,192,gha,1769.09584,1443.94250,0.00002,0.00001,-0.00000
aries,2027-08-25,192,gha,1776.98103,1443.94263,-0.00004,-0.00001,0.00000
aries,2027-09-02,192,gha,1784.86615,1443.94258,0.00003,-0.00001,-0.00000
aries,2027-09-10,192,gha,1792.75128,1443.94250,-0.00003,0.00001,0.00000
aries,2027-09-18,192,gha,1800.63635,1443.94263,0.00003,-0.00001,-0.00000
aries,2027-09-26,192,gha,1448.52149,1443.94249,0.00001,0.00002,-0.00000
aries,2027-10-04,192,gha,1456.40662,1443.94260,-0.00003,-0.00001,0.00000
aries,2027-10-12,192,gha,1464.29169,1443.94253,0.00004,0.00001,-0.00000
aries,2027-10-20,192,gha,1472.17688,1443.94257,-0.00004,0.00000,0.00000
aries,2027-10-28,192,gha,1480.06203,1443.94264,0.00002,-0.00001,-0.00000
aries,2027-11-05,192,gha,1487.94723,1443.94252,-0.00001,0.00001,0.00000
aries,2027-11-13,192,gha,1495.83244,1443.94270,-0.00000,-0.00002,0.00000
aries,2027-11-21,192,gha,1503.71769,1443.94258,0.00003,0.00001,-0.00000
aries,2027-11-29,192,gha,1511.60298,1443.94264,-0.00003,-0.00000,0.00000
aries,2027-12-07,192,gha,1519.48821,1443.94266,0.00005,0.00000,-0.00000
aries,2027-12-15,192,gha,1527.37355,1443.94260,-0.00003,0.00001,0.00000
aries,2027-12-23,192,gha,1535.25884,1443.94271,-0.00000,-0.00001,0.00000
aries,2027-12-31,192,gha,1543.14411,1443.94256,0.00001,0.00001,0.00000
aries,2028-01-08,192,gha,1551.02941,1443.94271,-0.00003,-0.00002,0.00000
aries,2028-01-16,192,gha,1558.91467,1443.94263,0.00004,-0.00000,-0.00000
aries,2028-01-24,192,gha,1566.79993,1443.94257,-0.00003,0.00000,0.00000
aries,2028-02-01,192,gha,1574.68509,1443.94265,0.00004,-0.00001,-0.00000
aries,2028-02-09,192,gha,1582.57032,1443.94253,-0.00000,0.00002,-0.00000
aries,2028-02-17,192,gha,1590.45550,1443.94262,-0.00002,-0.00001,0.00000
aries,2028-02-25,192,gha,1598.34058,1443.94250,0.00003,0.00001,-0.00000
aries,2028-03-04,192,gha,1606.22573,1443.94259,-0.00005,-0.00001,0.00000
aries,2028-03-12,192,gha,1614.11084,1443.94260,0.00003,-0.00001,-0.00000
aries,2028-03-20,192,gha,1621.99595,1443.94248,-0.00002,0.00001,0.00000
aries,2028-03-28,192,gha,1629.88103,1443.94263,0.00001,-0.00001,-0.00000
aries,2028-04-05,192,gha,1637.76616,1443.94251,0.00003,0.00001,-0.00000
aries,2028-04-13,192,gha,1645.65133,1443.94259,-0.00003,-0.00000,0.00000
aries,2028-04-21,192,gha,1653.53641,1443.94257,0.00004,0.00000,-0.00000
aries,2028-04-29,192,gha,1661.42163,1443.94257,-0.00004,0.00001,0.00000
aries,2028-05-07,192,gha,1669.30682,1443.94267,0.00001,-0.00001,0.00000
aries,2028-05-15,192,gha,1677.19203,1443.94253,0.00000,0.00001,0.00000
aries,2028-05-23,192,gha,1685.07727,1443.94270,-0.00002,-0.00001,0.00000
aries,2028-05-31,192,gha,1692.96252,1443.94261,0.00004,0.00000,-0.00000
aries,2028-06-08,192,gha,1700.84783,1443.94261,-0.00004,0.00000,0.00000
aries,2028-06-16,192,gha,1708.73304,1443.94267,0.00004,-0.00000,-0.00000
aries,2028-06-24,192,gha,1716.61835,1443.94258,-0.00002,0.00002,0.00000
aries,2028-07-02,192,gha,1724.50363,1443.94270,-0.00002,-0.00001,0.00000
aries,2028-07-10,192,gha,1732.38885,1443.94255,0.00002,0.00001,-0.00000
aries,2028-07-18,192,gha,1740.27412,1443.94266,-0.00004,-0.00001,0.00000
aries,2028-07-26,192,gha,1748.15933,1443.94263,0.00003,-0.00001,-0.00000
aries,2028-08-03,192,gha,1756.04455,1443.94253,-0.00003,0.00001,0.00000
aries,2028-08-11,192,gha,1763.92969,1443.94265,0.00002,-0.00001,-0.00000
aries,2028-08-19,192,gha,1771.81487,1443.94252,0.00001,0.00002,-0.00000
aries,2028-08-27,192,gha,1779.70003,1443.94259,-0.00003,-0.00000,0.00000
aries,2028-09-04,192,gha,1787.58508,1443.94252,0.00003,0.00001,-0.00000
aries,2028-09-12,192,gha,1795.47022,1443.94255,-0.00004,0.00000,0.00001
aries,2028-09-20,192,gha,1443.35533,1443.94262,0.00001,-0.00001,-0.00000
aries,2028-09-28,192,gha,1451.24043,1443.94247,-0.00001,0.00001,0.00000
aries,2028-10-06,192,gha,1459.12552,1443.94263,0.00000,-0.00001,-0.00000
aries,2028-10-14,192,gha,1467.01065,1443.94254,0.00004,0.00001,-0.00000
aries,2028-10-22,192,gha,1474.89583,1443.94257,-0.00004,0.00000,0.00000
aries,2028-10-30,192,gha,1482.78093,1443.94260,0.00004,-0.00000,-0.00000
aries,2028-11-07,192,gha,1490.66615,1443.94256,-0.00003,0.00001,0.00000
aries,2028-11-15,192,gha,1498.55138,1443.94269,-0.00001,-0.00001,0.00000
aries,2028-11-23,192,gha,1506.43660,1443.94255,0.00002,0.00001,-0.00000
aries,2028-12-01,192,gha,1514.32188,1443.94269,-0.00003,-0.00001,0.00000
aries,2028-12-09,192,gha,1522.20714,1443.94265,0.00004,-0.00000,-0.00000
aries,2028-12-17,192,gha,1530.09247,1443.94260,-0.00003,0.00001,0.00000
aries,2028-12-25,192,gha,1537.97771,1443.94270,0.00003,-0.00001,-0.00000
aries,2029-01-02,192,gha,1545.86301,1443.94257,-0.00000,0.00002,-0.00000
aries,2029-01-10,192,gha,1553.74830,1443.94268,-0.00003,-0.00001,0.00000
aries,2029-01-18,192,gha,1561.63350,1443.94257,0.00003,0.00001,-0.00000
aries,2029-01-26,192,gha,1569.51875,1443.94262,-0.00004,-0.00000,0.00000
aries,2029-02-03,192,gha,1577.40394,1443.94264,0.00003,-0.00001,-0.00000
aries,2029-02-11,192,gha,1585.28912,1443.94250,-0.00002,0.00001,0.00000
aries,2029-02-19,192,gha,1593.17423,1443.94263,0.00001,-0.00001,-0.00000
aries,2029-02-27,192,gha,1601.05936,1443.94251,0.00003,0.00001,-0.00000
aries,2029-03-07,192,gha,1608.94451,1443.94256,-0.00004,-0.00000,0.00000
aries,2029-03-15,192,gha,1616.82953,1443.94253,0.00003,0.00000,-0.00000
aries,2029-03-23,192,gha,1624.71466,1443.94252,-0.00004,0.00001,0.00000
aries,2029-03-31,192,gha,1632.59977,1443.94263,0.00000,-0.00002,0.00000
aries,2029-04-08,192,gha,1640.48487,1443.94248,0.00001,0.00001,-0.00000
aries,2029-04-16,192,gha,1648.36999,1443.94263,-0.00001,-0.00001,0.00000
aries,2029-04-24,192,gha,1656.25514,1443.94258,0.00005,0.00000,-0.00001
aries,2029-05-02,192,gha,1664.14036,1443.94256,-0.00003,0.00001,0.00000
aries,2029-05-10,192,gha,1672.02549,1443.94263,0.00003,-0.00000,-0.00000
aries,2029-05-18,192,gha,1679.91072,1443.94256,-0.00001,0.00001,0.00000
aries,2029-05-26,192,gha,1687.79598,1443.94270,-0.00002,-0.00001,0.00000
aries,2029-06-03,192,gha,1695.68120,1443.94257,0.00002,0.00001,-0.00000
aries,2029-06-11,192,gha,1703.56648,1443.94266,-0.00003,-0.00001,0.00000
aries,2029-06-19,192,gha,1711.45173,1443.94267,0.00004,-0.00001,-0.00000
aries,2029-06-27,192,gha,1719.33703,1443.94257,-0.00002,0.00001,0.00000
aries,2029-07-05,192,gha,1727.22224,1443.94268,0.00001,-0.00001,-0.00000
aries,2029-07-13,192,gha,1735.10749,1443.94256,0.00001,0.00001,-0.00000
aries,2029-07-21,192,gha,1742.99275,1443.94265,-0.00004,-0.00001,0.00000
aries,2029-07-29,192,gha,1750.87790,1443.94257,0.00003,0.00000,-0.00000
aries,2029-08-06,192,gha,1758.76312,1443.94257,-0.00004,0.00000,0.00000
aries,2029-08-14,192,gha,1766.64827,1443.94264,0.00002,-0.00001,-0.00000
aries,2029-08-22,192,gha,1774.53341,1443.94248,-0.00000,0.00001,-0.00000
aries,2029-08-30,192,gha,1782.41851,1443.94262,-0.00000,-0.00001,-0.00000
aries,2029-09-07,192,gha,1790.30361,1443.94252,0.00004,0.00001,-0.00000
aries,2029-09-15,192,gha,1798.18875,1443.94253,-0.00004,0.00000,0.00000
aries,2029-09-23,192,gha,1446.07377,1443.94256,0.00003,-0.00000,-0.00000
aries,2029-10-01,192,gha,1453.95889,1443.94250,-0.00002,0.00001,0.00000
aries,2029-10-09,192,gha,1461.84401,1443.94263,-0.00001,-0.00001,0.00000
aries,2029-10-17,192,gha,1469.72911,1443.94250,0.00002,0.00001,-0.00000
aries,2029-10-25,192,gha,1477.61425,1443.94261,-0.00002,-0.00001,0.00000
aries,2029-11-02,192,gha,1485.49940,1443.94261,0.00005,-0.00000,-0.00001
aries,2029-11-10,192,gha,1493.38464,1443.94255,-0.00003,0.00001,0.00000
aries,2029-11-18,192,gha,1501.26980,1443.94266,0.00002,-0.00001,-0.00000
aries,2029-11-26,192,gha,1509.15505,1443.94256,-0.00000,0.00001,0.00000
aries,2029-12-04,192,gha,1517.04034,1443.94270,-0.00003,-0.00001,0.00000
aries,2029-12-12,192,gha,1524.92558,1443.94260,0.00003,0.00000,-0.00000
aries,2029-12-20,192,gha,1532.81088,1443.94264,-0.00003,-0.00000,0.00000
aries,2029-12-28,192,gha,1540.69614,1443.94269,0.00004,-0.00001,-0.00000
aries,2030-01-05,192,gha,1548.58143,1443.94256,-0.00001,0.00001,-0.00000
aries,2030-01-13,192,gha,1556.46666,1443.94268,-0.00000,-0.00001,-0.00000
aries,2030-01-21,192,gha,1564.35187,1443.94256,0.00002,0.00001,-0.00000
aries,2030-01-29,192,gha,1572.23712,1443.94262,-0.00004,-0.00000,0.00000
aries,2030-02-06,192,gha,1580.12224,1443.94258,0.00003,-0.00000,-0.00000
aries,2030-02-14,192,gha,1588.00741,1443.94253,-0.00003,0.00001,0.00000
aries,2030-02-22,192,gha,1595.89254,1443.94263,0.00001,-0.00001,-0.00000
aries,2030-03-02,192,gha,1603.77764,1443.94248,0.00001,0.00001,-0.00000
aries,2030-03-10,192,gha,1611.66273,1443.94259,-0.00002,-0.00001,0.00000
aries,2030-03-18,192,gha,1619.54779,1443.94254,0.00004,0.00000,-0.00000
aries,2030-03-26,192,gha,1627.43292,1443.94251,-0.00003,0.00001,0.00000
aries,2030-04-03,192,gha,1635.31796,1443.94258,0.00002,-0.00001,-0.00000
aries,2030-04-11,192,gha,1643.20308,1443.94250,-0.00001,0.00001,0.00000
aries,2030-04-19,192,gha,1651.08823,1443.94264,-0.00002,-0.00001,0.00000
aries,2030-04-27,192,gha,1658.97335,1443.94253,0.00003,0.00000,-0.00000
aries,2030-05-05,192,gha,1666.85853,1443.94260,-0.00003,-0.00000,0.00000
aries,2030-05-13,192,gha,1674.74370,1443.94265,0.00005,-0.00001,-0.00001
aries,2030-05-21,192,gha,1682.62896,1443.94255,-0.00002,0.00001,0.00000
aries,2030-05-29,192,gha,1690.51415,1443.94267,0.00001,-0.00001,-0.00000
aries,2030-06-06,192,gha,1698.39938,1443.94256,0.00001,0.00001,0.00000
aries,2030-06-14,192,gha,1706.28468,1443.94267,-0.00004,-0.00001,0.00000
aries,2030-06-22,192,gha,1714.16990,1443.94261,0.00003,-0.00000,-0.00000
aries,2030-06-30,192,gha,1722.05517,1443.94260,-0.00003,0.00000,0.00000
aries,2030-07-08,192,gha,1729.94039,1443.94269,0.00003,-0.00001,-0.00000
aries,2030-07-16,192,gha,1737.82564,1443.94254,0.00000,0.00001,-0.00000
aries,2030-07-24,192,gha,1745.71084,1443.94264,-0.00001,-0.00001,0.00000
aries,2030-08-01,192,gha,1753.59600,1443.94255,0.00003,0.00001,-0.00000
aries,2030-08-09,192,gha,1761.48121,1443.94258,-0.00004,0.00000,0.00000
aries,2030-08-17,192,gha,1769.36631,1443.94259,0.00002,-0.00000,-0.00000
aries,2030-08-25,192,gha,1777.25144,1443.94250,-0.00002,0.00001,0.00000
aries,2030-09-02,192,gha,1785.13654,1443.94262,-0.00001,-0.00001,0.00000
aries,2030-09-10,192,gha,1793.02162,1443.94248,0.00002,0.00001,-0.00000
aries,2030-09-18,192,gha,1440.90671,1443.94256,-0.00002,-0.00001,0.00000
aries,2030-09-26,192,gha,1448.79176,1443.94256,0.00004,-0.00000,-0.00000
aries,2030-10-04,192,gha,1456.67689,1443.94250,-0.00003,0.00001,0.00000
aries,2030-10-12,192,gha,1464.56195,1443.94259,0.00001,-0.00001,-0.00000
aries,2030-10-20,192,gha,1472.44706,1443.94250,0.00000,0.00001,0.00000
aries,2030-10-28,192,gha,1480.33223,1443.94263,-0.00003,-0.00001,0.00000
aries,2030-11-05,192,gha,1488.21736,1443.94256,0.00003,0.00000,-0.00000
aries,2030-11-13,192,gha,1496.10256,1443.94259,-0.00003,-0.00000,0.00000
aries,2030-11-21,192,gha,1503.98776,1443.94268,0.00004,-0.00001,-0.00000
aries,2030-11-29,192,gha,1511.87303,1443.94256,-0.00000,0.00001,-0.00000
aries,2030-12-07,192,gha,1519.75826,1443.94268,-0.00000,-0.00001,0.00000
aries,2030-12-15,192,gha,1527.64350,1443.94258,0.00002,0.00001,-0.00000
aries,2030-12-23,192,gha,1535.52882,1443.94266,-0.00005,-0.00000,0.00000
aries,2030-12-31,192,gha,1543.41405,1443.94264,0.00003,-0.00000,-0.00000
aries,2031-01-08,192,gha,1551.29931,1443.94257,-0.00003,0.00000,0.00000
aries,2031-01-16,192,gha,1559.18453,1443.94269,0.00001,-0.00002,-0.00000
aries,2031-01-24,192,gha,1567.06976,1443.94254,0.00001,0.00001,-0.00000
aries,2031-02-01,192,gha,1574.95495,1443.94261,-0.00002,-0.00001,0.00000
aries,2031-02-09,192,gha,1582.84006,1443.94255,0.00004,0.00001,-0.00000
aries,2031-02-17,192,gha,1590.72523,1443.94254,-0.00004,0.00001,0.00000
aries,2031-02-25,192,gha,1598.61031,1443.94259,0.00001,-0.00001,-0.00000
aries,2031-03-05,192,gha,1606.49540,1443.94248,-0.00001,0.00001,0.00000
aries,2031-03-13,192,gha,1614.38048,1443.94261,-0.00001,-0.00001,0.00000
aries,2031-03-21,192,gha,1622.26554,1443.94250,0.00003,0.00000,-0.00000
aries,2031-03-29,192,gha,1630.15064,1443.94254,-0.00003,-0.00000,0.00000
aries,2031-04-06,192,gha,1638.03569,1443.94258,0.00004,-0.00000,-0.00000
aries,2031-04-14,192,gha,1645.92083,1443.94250,-0.00002,0.00001,0.00000
aries,2031-04-22,192,gha,1653.80593,1443.94261,0.00000,-0.00001,0.00000
aries,2031-04-30,192,gha,1661.69105,1443.94252,0.00001,0.00001,0.00000
aries,2031-05-08,192,gha,1669.57625,1443.94263,-0.00004,-0.00001,0.00000
aries,2031-05-16,192,gha,1677.46142,1443.94260,0.00003,-0.00000,-0.00000
aries,2031-05-24,192,gha,1685.34664,1443.94258,-0.00003,0.00000,0.00000
aries,2031-06-01,192,gha,1693.23185,1443.94269,0.00003,-0.00001,-0.00000
aries,2031-06-09,192,gha,1701.11711,1443.94256,0.00001,0.00001,-0.00000
aries,2031-06-17,192,gha,1709.00235,1443.94266,-0.00001,-0.00001,0.00000
aries,2031-06-25,192,gha,1716.88755,1443.94258,0.00003,0.00001,-0.00000
aries,2031-07-03,192,gha,1724.77284,1443.94262,-0.00004,0.00000,0.00000
aries,2031-07-11,192,gha,1732.65805,1443.94264,0.00002,-0.00001,-0.00000
aries,2031-07-19,192,gha,1740.54326,1443.94254,-0.00002,0.00001,0.00000
aries,2031-07-27,192,gha,1748.42844,1443.94267,0.00000,-0.00002,-0.00000
aries,2031-08-04,192,gha,1756.31362,1443.94254,0.00002,0.00001,-0.00000
aries,2031-08-12,192,gha,1764.19878,1443.94258,-0.00003,-0.00000,0.00000
aries,2031-08-20,192,gha,1772.08385,1443.94256,0.00004,0.00000,-0.00000
aries,2031-08-28,192,gha,1779.96900,1443.94252,-0.00003,0.00001,0.00000
aries,2031-09-05,192,gha,1787.85407,1443.94259,0.00000,-0.00001,0.00000
aries,2031-09-13,192,gha,1795.73913,1443.94247,0.00000,0.00001,0.00000
aries,2031-09-21,192,gha,1443.62421,1443.94259,-0.00002,-0.00001,0.00000
aries,2031-09-29,192,gha,1451.50927,1443.94252,0.00003,-0.00000,-0.00000
moon,2026-10-01,24,gha,481.51606,172.57262,-0.03150,0.00258,0.00007,-0.00000
moon,2026-10-01,24,dec,26.99243,0.89810,-0.11107,-0.00103,0.00006,0.00000
moon,2026-10-01,24,hp,59.36184,0.01972,-0.00669,0.00009
moon,2026-10-02,24,gha,466.51689,172.45763,0.00364,0.00308,-0.00001,-0.00000
moon,2026-10-02,24,dec,27.87401,-0.02127,-0.11676,0.00011,0.00007,-0.00000
moon,2026-10-02,24,hp,59.35118,-0.02948,-0.00562,0.00008
moon,2026-10-03,24,gha,451.57269,172.62625,0.03720,0.00234,-0.00008,-0.00000
moon,2026-10-03,24,dec,26.91534,-0.93065,-0.10870,0.00118,0.00006,-0.00000
moon,2026-10-03,24,hp,59.25021,-0.07078,-0.00476,0.00006
moon,2026-10-04,24,gha,437.19526,173.01278,0.05693,0.00092,-0.00009,0.00000
moon,2026-10-04,24,dec,24.23858,-1.73062,-0.09017,0.00182,0.00002,-0.00000
moon,2026-10-04,24,hp,59.07239,-0.10663,-0.00426,0.00002
moon,2026-10-05,24,gha,423.69482,173.48928,0.05998,-0.00034,-0.00006,0.00000
moon,2026-10-05,24,dec,20.12856,-2.35993,-0.06685,0.00200,0.00000,-0.00000
moon,2026-10-05,24,hp,58.82565,-0.13999,-0.00412,0.00000
moon,2026-10-06,24,gha,411.12994,173.93828,0.05097,-0.00108,-0.00003,0.00000
moon,2026-10-06,24,dec,14.94941,-2.79951,-0.04322,0.00191,-0.00001,-0.00000
moon,2026-10-06,24,hp,58.51273,-0.17294,-0.00413,-0.00000
moon,2026-10-07,24,gha,399.36880,174.28803,0.03596,-0.00137,-0.00001,0.00000
moon,2026-10-07,24,dec,9.07510,-3.05662,-0.02139,0.00172,-0.00001,0.00000
moon,2026-10-07,24,hp,58.13402,-0.20570,-0.00403,0.00002
moon,2026-10-08,24,gha,388.17976,174.50898,0.01924,-0.00139,0.00000,0.00000
moon,2026-10-08,24,dec,2.85410,-3.14805,-0.00178,0.00155,-0.00001,0.00000
moon,2026-10-08,24,hp,57.69157,-0.23637,-0.00357,0.00006
moon,2026-10-09,24,gha,377.30012,174.59803,0.00324,-0.00126,0.00001,0.00000
moon,2026-10-09,24,dec,-3.39935,-3.09069,0.01587,0.00140,-0.00001,0.00000
moon,2026-10-09,24,hp,57.19302,-0.26136,-0.00259,0.00010
moon,2026-10-10,24,gha,366.47666,174.56696,-0.01060,-0.00103,0.00002,0.00000
moon,2026-10-10,24,dec,-9.40204,-2.89860,0.03194,0.00128,-0.00001,0.00000
moon,2026-10-10,24,hp,56.65408,-0.27632,-0.00107,0.00015
moon,2026-10-11,24,gha,355.49049,174.43822,-0.02097,-0.00068,0.00003,0.00000
moon,2026-10-11,24,dec,-14.89645,-2.58358,0.04660,0.00116,-0.00001,-0.00000
moon,2026-10-11,24,hp,56.09883,-0.27731,0.00088,0.00018
moon,2026-10-12,24,gha,344.17886,174.24569,-0.02631,-0.00019,0.00003,0.00000
moon,2026-10-12,24,dec,-19.64835,-2.15743,0.05967,0.00101,-0.00001,-0.00000
moon,2026-10-12,24,hp,55.55805,-0.26166,0.00305,0.00018
moon,2026-10-13,24,gha,332.45939,174.03582,-0.02513,0.00040,0.00004,-0.00000
moon,2026-10-13,24,dec,-23.45003,-1.63522,0.07049,0.00078,-0.00002,-0.00000
moon,2026-10-13,24,hp,55.06612,-0.22845,0.00524,0.00018
moon,2026-10-14,24,gha,320.35198,173.86359,-0.01696,0.00094,0.00003,-0.00000
moon,2026-10-14,24,dec,-26.13026,-1.03868,0.07809,0.00047,-0.00002,-0.00000
moon,2026-10-14,24,hp,54.65758,-0.17843,0.00723,0.00015
moon,2026-10-15,24,gha,307.98394,173.77963,-0.00349,0.00125,0.00001,-0.00000
moon,2026-10-15,24,dec,-27.56954,-0.39777,0.08148,0.00009,-0.00002,0.00000
moon,2026-10-15,24,hp,54.36403,-0.11374,0.00889,0.00012
moon,2026-10-16,24,gha,295.56279,173.81162,0.01134,0.00116,-0.00002,-0.00000
moon,2026-10-16,24,dec,-27.71441,0.25192,0.08030,-0.00028,-0.00002,0.00000
moon,2026-10-16,24,hp,54.21177,-0.03751,0.01010,0.00008
moon,2026-10-17,24,gha,283.31663,173.95194,0.02298,0.00074,-0.00003,-0.00000
moon,2026-10-17,24,dec,-26.58244,0.87577,0.07517,-0.00056,-0.00001,0.00000
moon,2026-10-17,24,hp,54.22006,0.04639,0.01079,0.00003
moon,2026-10-18,24,gha,271.42555,174.16148,0.02838,0.00016,-0.00004,0.00000
moon,2026-10-18,24,dec,-24.25303,1.44714,0.06739,-0.00072,-0.00001,0.00000
moon,2026-10-18,24,hp,54.39986,0.13349,0.01089,-0.00002
moon,2026-10-19,24,gha,259.97469,174.38641,0.02689,-0.00039,-0.00003,0.00000
moon,2026-10-19,24,dec,-20.84814,1.95011,0.05823,-0.00080,-0.00000,0.00000
moon,2026-10-19,24,hp,54.75249,0.21864,0.01029,-0.00008
moon,2026-10-20,24,gha,248.94240,174.57516,0.01955,-0.00081,-0.00002,0.00000
moon,2026-10-20,24,dec,-16.51287,2.37697,0.04840,-0.00085,-0.00000,-0.00000
moon,2026-10-20,24,hp,55.26816,0.29586,0.00889,-0.00015
moon,2026-10-21,24,gha,238.21432,174.68702,0.00788,-0.00112,-0.00002,0.00000
moon,2026-10-21,24,dec,-11.40477,2.72229,0.03777,-0.00094,-0.00001,-0.00000
moon,2026-10-21,24,hp,55.92430,0.35837,0.00660,-0.00023
moon,2026-10-22,24,gha,227.60621,174.69258,-0.00686,-0.00133,-0.00001,0.00000
moon,2026-10-22,24,dec,-5.69543,2.97689,0.02556,-0.00112,-0.00001,-0.00000
moon,2026-10-22,24,hp,56.68419,0.39886,0.00340,-0.00030
moon,2026-10-23,24,gha,216.88401,174.57116,-0.02373,-0.00147,-0.00001,0.00000
moon,2026-10-23,24,dec,0.41724,3.12325,0.01052,-0.00141,-0.00002,-0.00000
moon,2026-10-23,24,hp,57.49684,0.41047,-0.00058,-0.00036
moon,2026-10-24,24,gha,205.78016,174.31011,-0.04155,-0.00147,0.00001,0.00000
moon,2026-10-24,24,dec,6.68994,3.13349,-0.00864,-0.00180,-0.00003,-0.00000
moon,2026-10-24,24,hp,58.29933,0.38836,-0.00496,-0.00037
moon,2026-10-25,24,gha,194.01428,173.91033,-0.05792,-0.00119,0.00003,0.00000
moon,2026-10-25,24,dec,12.81452,2.97104,-0.03269,-0.00220,-0.00002,0.00000
moon,2026-10-25,24,hp,59.02285,0.33169,-0.00912,-0.00032
moon,2026-10-26,24,gha,181.33412,173.40105,-0.06799,-0.00039,0.00007,0.00000
moon,2026-10-26,24,dec,18.40756,2.59845,-0.06091,-0.00246,-0.00001,0.00000
moon,2026-10-26,24,hp,59.60240,0.24521,-0.01231,-0.00021
moon,2026-10-27,24,gha,527.59347,172.86124,-0.06439,0.00108,0.00011,0.00000
moon,2026-10-27,24,dec,23.02428,1.99406,-0.08989,-0.00228,0.00003,0.00000
moon,2026-10-27,24,hp,59.98830,0.13938,-0.01389,-0.00005
moon,2026-10-28,24,gha,512.86257,172.42728,-0.04111,0.00277,0.00009,-0.00000
moon,2026-10-28,24,dec,26.21450,1.17687,-0.11295,-0.00145,0.00007,0.00000
moon,2026-10-28,24,hp,60.15574,0.02829,-0.01362,0.00010
moon,2026-10-29,24,gha,497.50734,172.25058,-0.00158,0.00360,0.00000,-0.00001
moon,2026-10-29,24,dec,27.62489,0.22556,-0.12247,-0.00008,0.00009,-0.00000
moon,2026-10-29,24,hp,60.10851,-0.07395,-0.01175,0.00021
moon,2026-10-30,24,gha,482.12859,172.40444,0.03877,0.00289,-0.00009,-0.00000
moon,2026-10-30,24,dec,27.11011,-0.73418,-0.11512,0.00125,0.00007,-0.00000
moon,2026-10-30,24,hp,59.87528,-0.15690,-0.00890,0.00026
moon,2026-10-31,24,gha,467.33853,172.82636,0.06376,0.00122,-0.00011,0.00000
moon,2026-10-31,24,dec,24.77960,-1.57937,-0.09484,0.00202,0.00003,-0.00000
moon,2026-10-31,24,hp,59.50008,-0.21573,-0.00582,0.00025
moon,2026-11-01,24,gha,453.52784,173.36703,0.06873,-0.00030,-0.00008,0.00000
moon,2026-11-01,24,dec,20.94199,-2.23692,-0.06932,0.00215,-0.00001,-0.00000
moon,2026-11-01,24,hp,59.03100,-0.25108,-0.00310,0.00020
moon,2026-11-02,24,gha,440.78774,173.88485,0.05919,-0.00118,-0.00004,0.00000
moon,2026-11-02,24,dec,15.99347,-2.69097,-0.04458,0.00194,-0.00002,-0.00000
moon,2026-11-02,24,hp,58.51089,-0.26734,-0.00108,0.00014
moon,2026-11-03,24,gha,428.98087,174.29444,0.04264,-0.00151,-0.00001,0.00000
moon,2026-11-03,24,dec,10.32492,-2.95970,-0.02312,0.00164,-0.00002,0.00000
moon,2026-11-03,24,hp,57.97206,-0.27043,0.00020,0.00008
moon,2026-11-04,24,gha,417.85274,174.56207,0.02424,-0.00153,0.00000,0.00000
moon,2026-11-04,24,dec,4.27990,-3.07015,-0.00491,0.00141,-0.00001,0.00000
moon,2026-11-04,24,hp,57.43521,-0.26587,0.00086,0.00004
moon,2026-11-05,24,gha,407.11409,174.68459,0.00662,-0.00139,0.00001,0.00000
moon,2026-11-05,24,dec,-1.84813,-3.04459,0.01105,0.00127,-0.00001,0.00000
moon,2026-11-05,24,hp,56.91145,-0.25764,0.00116,0.00002
moon,2026-11-06,24,gha,396.48567,174.67408,-0.00886,-0.00117,0.00002,0.00000
moon,2026-11-06,24,dec,-7.80171,-2.89671,0.02580,0.00120,-0.00000,0.00000
moon,2026-11-06,24,hp,56.40601,-0.24764,0.00135,0.00002
moon,2026-11-07,24,gha,385.72212,174.55220,-0.02103,-0.00084,0.00003,0.00000
moon,2026-11-07,24,dec,-13.34358,-2.63334,0.03998,0.00116,-0.00000,-0.00000
moon,2026-11-07,24,hp,55.92235,-0.23577,0.00165,0.00004
moon,2026-11-08,24,gha,374.63171,174.35126,-0.02837,-0.00036,0.00003,0.00000
moon,2026-11-08,24,dec,-18.24690,-2.25864,0.05358,0.00110,-0.00001,-0.00000
moon,2026-11-08,24,hp,55.46568,-0.22043,0.00223,0.00006
moon,2026-11-09,24,gha,363.10077,174.11721,-0.02906,0.00026,0.00004,0.00000
moon,2026-11-09,24,dec,-22.29542,-1.77962,0.06589,0.00094,-0.00001,-0.00000
moon,2026-11-09,24,hp,55.04527,-0.19924,0.00312,0.00009
moon,2026-11-10,24,gha,351.12057,173.90851,-0.02198,0.00091,0.00004,-0.00000
moon,2026-11-10,24,dec,-25.29504,-1.21197,0.07550,0.00064,-0.00002,-0.00000
moon,2026-11-10,24,hp,54.67532,-0.16973,0.00430,0.00011
moon,2026-11-11,24,gha,338.80244,173.78493,-0.00814,0.00135,0.00002,-0.00000
moon,2026-11-11,24,dec,-27.09519,-0.58373,0.08083,0.00023,-0.00003,-0.00000
moon,2026-11-11,24,hp,54.37449,-0.12997,0.00566,0.00012
moon,2026-11-12,24,gha,326.36009,173.78675,0.00864,0.00138,-0.00001,-0.00000
moon,2026-11-12,24,dec,-27.61265,0.06633,0.08091,-0.00021,-0.00003,0.00000
moon,2026-11-12,24,hp,54.16438,-0.07895,0.00709,0.00012
moon,2026-11-13,24,gha,314.05124,173.91647,0.02308,0.00098,-0.00003,-0.00000
moon,2026-11-13,24,dec,-26.84550,0.69677,0.07607,-0.00057,-0.00002,0.00000
moon,2026-11-13,24,hp,54.06755,-0.01676,0.00844,0.00010
moon,2026-11-14,24,gha,302.09871,174.13772,0.03112,0.00035,-0.00004,0.00000
moon,2026-11-14,24,dec,-24.86800,1.27386,0.06785,-0.00077,-0.00001,0.00000
moon,2026-11-14,24,hp,54.10526,0.05540,0.00956,0.00008
moon,2026-11-15,24,gha,290.62867,174.39253,0.03149,-0.00027,-0.00004,0.00000
moon,2026-11-15,24,dec,-21.80798,1.77801,0.05809,-0.00083,-0.00000,0.00000
moon,2026-11-15,24,hp,54.29520,0.13517,0.01032,0.00004
moon,2026-11-16,24,gha,279.64901,174.62251,0.02515,-0.00076,-0.00003,0.00000
moon,2026-11-16,24,dec,-17.81889,2.20277,0.04813,-0.00082,0.00000,-0.00000
moon,2026-11-16,24,hp,54.64912,0.21894,0.01054,-0.00001
moon,2026-11-17,24,gha,269.06191,174.78097,0.01386,-0.00110,-0.00002,0.00000
moon,2026-11-17,24,dec,-13.05930,2.54868,0.03836,-0.00081,-0.00000,-0.00000
moon,2026-11-17,24,hp,55.17021,0.30173,0.01004,-0.00008
moon,2026-11-18,24,gha,258.68970,174.83449,-0.00092,-0.00135,-0.00001,0.00000
moon,2026-11-18,24,dec,-7.68648,2.81575,0.02828,-0.00088,-0.00001,-0.00000
moon,2026-11-18,24,hp,55.85002,0.37689,0.00860,-0.00016
moon,2026-11-19,24,gha,248.29766,174.75899,-0.01829,-0.00154,-0.00001,0.00000
moon,2026-11-19,24,dec,-1.86425,2.99680,0.01664,-0.00108,-0.00002,-0.00000
moon,2026-11-19,24,hp,56.66513,0.43607,0.00602,-0.00027
moon,2026-11-20,24,gha,237.60916,174.53646,-0.03755,-0.00165,-0.00000,0.00000
moon,2026-11-20,24,dec,4.21759,3.07260,0.00169,-0.00144,-0.00003,-0.00000
moon,2026-11-20,24,hp,57.57397,0.46957,0.00218,-0.00037
moon,2026-11-21,24,gha,226.31889,174.15683,-0.05724,-0.00158,0.00002,0.00000
moon,2026-11-21,24,dec,10.31610,3.00916,-0.01842,-0.00193,-0.00003,-0.00000
moon,2026-11-21,24,hp,58.51533,0.46763,-0.00280,-0.00045
moon,2026-11-22,24,gha,214.11911,173.62965,-0.07365,-0.00106,0.00005,0.00000
moon,2026-11-22,24,dec,16.10718,2.75992,-0.04481,-0.00245,-0.00003,0.00000
moon,2026-11-22,24,hp,59.41053,0.42287,-0.00842,-0.00047
moon,2026-11-23,24,gha,200.76219,173.00859,-0.07934,0.00025,0.00011,0.00000
moon,2026-11-23,24,dec,21.17097,2.27765,-0.07622,-0.00271,0.00000,0.00000
moon,2026-11-23,24,hp,60.17147,0.33361,-0.01376,-0.00040
moon,2026-11-24,24,gha,186.17703,172.41849,-0.06461,0.00228,0.00013,-0.00000
moon,2026-11-24,24,dec,25.01634,1.54204,-0.10693,-0.00227,0.00006,0.00000
moon,2026-11-24,24,hp,60.71510,0.20677,-0.01765,-0.00023
moon,2026-11-25,24,gha,530.60747,172.04436,-0.02585,0.00401,0.00007,-0.00001
moon,2026-11-25,24,dec,27.17235,0.59724,-0.12691,-0.00093,0.00011,0.00000
moon,2026-11-25,24,hp,60.98124,0.05816,-0.01910,-0.00000
moon,2026-11-26,24,gha,514.64806,172.03826,0.02434,0.00402,-0.00006,-0.00001
moon,2026-11-26,24,dec,27.33739,-0.43262,-0.12743,0.00084,0.00010,-0.00000
moon,2026-11-26,24,hp,60.94736,-0.09094,-0.01779,0.00022
moon,2026-11-27,24,gha,499.05465,172.40087,0.06325,0.00229,-0.00013,-0.00000
moon,2026-11-27,24,dec,25.50275,-1.38633,-0.10871,0.00215,0.00005,-0.00000
moon,2026-11-27,24,hp,60.63345,-0.21998,-0.01421,0.00037
moon,2026-11-28,24,gha,484.42373,172.98049,0.07805,0.00024,-0.00011,0.00000
moon,2026-11-28,24,dec,21.94947,-2.14267,-0.07967,0.00256,0.00000,-0.00000
moon,2026-11-28,24,hp,60.09457,-0.31492,-0.00943,0.00042
moon,2026-11-29,24,gha,470.99986,173.59065,0.07217,-0.00108,-0.00006,0.00000
moon,2026-11-29,24,dec,17.12241,-2.65962,-0.04999,0.00232,-0.00003,-0.00000
moon,2026-11-29,24,hp,59.40484,-0.37077,-0.00459,0.00038
moon,2026-11-30,24,gha,458.70911,174.10453,0.05536,-0.00162,-0.00002,0.00000
moon,2026-11-30,24,dec,11.48617,-2.95563,-0.02481,0.00187,-0.00003,0.00000
moon,2026-11-30,24,hp,58.64011,-0.39054,-0.00050,0.00030
moon,2026-12-01,24,gha,447.29768,174.46718,0.03517,-0.00170,0.00000,0.00000
moon,2026-12-01,24,dec,5.44227,-3.07171,-0.00493,0.00146,-0.00002,0.00000
moon,2026-12-01,24,hp,57.86507,-0.38203,0.00245,0.00020
moon,2026-12-02,24,gha,436.45004,174.66874,0.01545,-0.00157,0.00001,0.00000
moon,2026-12-02,24,dec,-0.68858,-3.04597,0.01090,0.00120,-0.00001,0.00000
moon,2026-12-02,24,hp,57.12699,-0.35455,0.00426,0.00011
moon,2026-12-03,24,gha,425.85381,174.72036,-0.00215,-0.00135,0.00002,0.00000
moon,2026-12-03,24,dec,-6.64967,-2.90389,0.02440,0.00107,-0.00000,0.00000
moon,2026-12-03,24,hp,56.45509,-0.31664,0.00510,0.00004
moon,2026-12-04,24,gha,415.22935,174.64310,-0.01663,-0.00104,0.00002,0.00000
moon,2026-12-04,24,dec,-12.22224,-2.65823,0.03696,0.00103,-0.00000,0.00000
moon,2026-12-04,24,hp,55.86349,-0.27480,0.00528,-0.00000
moon,2026-12-05,24,gha,404.34763,174.46679,-0.02669,-0.00061,0.00003,0.00000
moon,2026-12-05,24,dec,-17.20387,-2.31312,0.04930,0.00102,-0.00000,-0.00000
moon,2026-12-05,24,hp,55.35569,-0.23316,0.00510,-0.00002
moon,2026-12-06,24,gha,393.05132,174.23367,-0.03055,-0.00001,0.00004,0.00000
moon,2026-12-06,24,dec,-21.39735,-1.87038,0.06127,0.00096,-0.00001,-0.00000
moon,2026-12-06,24,hp,54.92920,-0.19357,0.00481,-0.00002
moon,2026-12-07,24,gha,381.28212,174.00047,-0.02653,0.00068,0.00004,-0.00000
moon,2026-12-07,24,dec,-24.61352,-1.33707,0.07172,0.00076,-0.00002,-0.00000
moon,2026-12-07,24,hp,54.57982,-0.15598,0.00462,-0.00001
moon,2026-12-08,24,gha,369.10455,173.83196,-0.01456,0.00127,0.00003,-0.00000
moon,2026-12-08,24,dec,-26.68885,-0.73230,0.07885,0.00040,-0.00003,-0.00000
moon,2026-12-08,24,hp,54.30481,-0.11899,0.00467,0.00002
moon,2026-12-09,24,gha,356.70447,173.78225,0.00253,0.00150,-0.00000,-0.00000
moon,2026-12-09,24,dec,-27.51266,-0.08972,0.08099,-0.00006,-0.00003,0.00000
moon,2026-12-09,24,hp,54.10515,-0.08038,0.00503,0.00004
moon,2026-12-10,24,gha,344.34453,173.87195,0.01945,0.00125,-0.00003,-0.00000
moon,2026-12-10,24,dec,-27.05185,0.54769,0.07760,-0.00049,-0.00002,0.00000
moon,2026-12-10,24,hp,53.98648,-0.03775,0.00567,0.00006
moon,2026-12-11,24,gha,332.28488,174.07809,0.03104,0.00065,-0.00004,-0.00000
moon,2026-12-11,24,dec,-25.35855,1.13901,0.06971,-0.00079,-0.00001,0.00000
moon,2026-12-11,24,hp,53.95902,0.01102,0.00655,0.00008
moon,2026-12-12,24,gha,320.70601,174.34616,0.03479,-0.00002,-0.00004,0.00000
moon,2026-12-12,24,dec,-22.55498,1.65586,0.05929,-0.00092,-0.00000,0.00000
moon,2026-12-12,24,hp,54.03651,0.06729,0.00753,0.00008
moon,2026-12-13,24,gha,309.66870,174.61338,0.03103,-0.00058,-0.00003,0.00000
moon,2026-12-13,24,dec,-18.80405,2.08584,0.04822,-0.00091,0.00000,0.00000
moon,2026-12-13,24,hp,54.23436,0.13135,0.00847,0.00007
moon,2026-12-14,24,gha,299.11639,174.82638,0.02152,-0.00098,-0.00002,0.00000
moon,2026-12-14,24,dec,-14.28067,2.42868,0.03758,-0.00086,0.00000,-0.00000
moon,2026-12-14,24,hp,54.56725,0.20214,0.00918,0.00004
moon,2026-12-15,24,gha,288.90053,174.94651,0.00803,-0.00126,-0.00001,0.00000
moon,2026-12-15,24,dec,-9.15477,2.68882,0.02750,-0.00083,-0.00000,-0.00000
moon,2026-12-15,24,hp,55.04614,0.27698,0.00945,-0.00000
moon,2026-12-16,24,gha,278.80738,174.94669,-0.00835,-0.00147,-0.00001,0.00000
moon,2026-12-16,24,dec,-3.58914,2.86828,0.01726,-0.00089,-0.00001,-0.00000
moon,2026-12-16,24,hp,55.67476,0.35128,0.00901,-0.00007
moon,2026-12-17,24,gha,268.57601,174.80636,-0.02704,-0.00164,-0.00001,0.00000
moon,2026-12-17,24,dec,2.24959,2.96065,0.00548,-0.00109,-0.00002,-0.00000
moon,2026-12-17,24,hp,56.44547,0.41823,0.00757,-0.00017
moon,2026-12-18,24,gha,257.90866,174.50931,-0.04738,-0.00173,-0.00000,0.00000
moon,2026-12-18,24,dec,8.16930,2.94645,-0.00968,-0.00146,-0.00003,-0.00000
moon,2026-12-18,24,hp,57.33466,0.46870,0.00485,-0.00029
moon,2026-12-19,24,gha,246.48348,174.04872,-0.06747,-0.00156,0.00002,0.00000
moon,2026-12-19,24,dec,13.92335,2.79050,-0.03022,-0.00198,-0.00004,-0.00000
moon,2026-12-19,24,hp,58.29848,0.49165,0.00068,-0.00041
moon,2026-12-20,24,gha,233.98884,173.44418,-0.08234,-0.00080,0.00007,0.00000
moon,2026-12-20,24,dec,19.18082,2.44445,-0.05722,-0.00250,-0.00003,0.00000
moon,2026-12-20,24,hp,59.27048,0.47576,-0.00482,-0.00050
moon,2026-12-21,24,gha,220.20550,172.77202,-0.08278,0.00087,0.00013,0.00000
moon,2026-12-21,24,dec,23.51323,1.86157,-0.08881,-0.00267,0.00001,0.00000
moon,2026-12-21,24,hp,60.16390,0.41246,-0.01104,-0.00052
moon,2026-12-22,24,gha,205.14711,172.18950,-0.05889,0.00312,0.00013,-0.00000
moon,2026-12-22,24,dec,26.42970,1.03068,-0.11774,-0.00199,0.00008,0.00000
moon,2026-12-22,24,hp,60.88141,0.30019,-0.01686,-0.00043
moon,2026-12-23,24,gha,189.19490,171.89791,-0.01156,0.00450,0.00002,-0.00001
moon,2026-12-23,24,dec,27.49083,0.01804,-0.13255,-0.00036,0.00012,0.00000
moon,2026-12-23,24,hp,61.33289,0.14797,-0.02083,-0.00022
moon,2026-12-24,24,gha,173.06656,172.01692,0.03999,0.00375,-0.00011,-0.00000
moon,2026-12-24,24,dec,26.47599,-1.02689,-0.12539,0.00150,0.00010,-0.00000
moon,2026-12-24,24,hp,61.45724,-0.02441,-0.02178,0.00006
moon,2026-12-25,24,gha,517.53875,172.48248,0.07257,0.00159,-0.00014,0.00000
moon,2026-12-25,24,dec,23.49287,-1.93458,-0.09952,0.00265,0.00004,-0.00000
moon,2026-12-25,24,hp,61.23975,-0.19113,-0.01945,0.00032
moon,2026-12-26,24,gha,503.11901,173.10319,0.07917,-0.00037,-0.00009,0.00000
moon,2026-12-26,24,dec,18.93272,-2.59748,-0.06591,0.00282,-0.00001,-0.00000
moon,2026-12-26,24,hp,60.71618,-0.32838,-0.01459,0.00047
moon,2026-12-27,24,gha,489.92958,173.69767,0.06763,-0.00141,-0.00004,0.00000
moon,2026-12-27,24,dec,13.31381,-2.99496,-0.03419,0.00241,-0.00003,-0.00000
moon,2026-12-27,24,hp,59.96149,-0.42127,-0.00857,0.00051
moon,2026-12-28,24,gha,477.80683,174.16336,0.04824,-0.00174,-0.00001,0.00000
moon,2026-12-28,24,dec,7.13536,-3.16215,-0.00858,0.00186,-0.00003,0.00000
moon,2026-12-28,24,hp,59.06922,-0.46614,-0.00275,0.00045
moon,2026-12-29,24,gha,466.45335,174.46584,0.02747,-0.00169,0.00001,0.00000
moon,2026-12-29,24,dec,0.80701,-3.15005,0.01080,0.00140,-0.00002,0.00000
moon,2026-12-29,24,hp,58.13072,-0.46840,0.00199,0.00034
moon,2026-12-30,24,gha,455.54261,174.60742,0.00828,-0.00149,0.00002,0.00000
moon,2026-12-30,24,dec,-5.35757,-3.00216,0.02566,0.00110,-0.00001,0.00000
moon,2026-12-30,24,hp,57.22124,-0.43832,0.00532,0.00022
moon,2026-12-31,24,gha,444.77015,174.60655,-0.00800,-0.00121,0.00002,0.00000
moon,2026-12-31,24,dec,-11.11683,-2.74691,0.03790,0.00096,-0.00001,0.00000
moon,2026-12-31,24,hp,56.39407,-0.38722,0.00727,0.00011
moon,2027-01-01,24,gha,433.87776,174.49084,-0.02025,-0.00082,0.00003,0.00000
moon,2027-01-01,24,dec,-16.27186,-2.39887,0.04901,0.00090,-0.00000,0.00000
moon,2027-01-01,24,hp,55.68103,-0.32512,0.00811,0.00003
moon,2027-01-02,24,gha,422.67242,174.29819,-0.02698,-0.00028,0.00004,0.00000
moon,2027-01-02,24,dec,-20.64375,-1.96420,0.05959,0.00086,-0.00000,-0.00000
moon,2027-01-02,24,hp,55.09619,-0.25969,0.00815,-0.00002
moon,2027-01-03,24,gha,411.04981,174.07958,-0.02652,0.00037,0.00004,-0.00000
moon,2027-01-03,24,dec,-24.06401,-1.44799,0.06926,0.00074,-0.00001,-0.00000
moon,2027-01-03,24,hp,54.64076,-0.19614,0.00768,-0.00005
moon,2027-01-04,24,gha,399.01899,173.89663,-0.01810,0.00101,0.00003,-0.00000
moon,2027-01-04,24,dec,-26.38055,-0.86231,0.07671,0.00048,-0.00002,-0.00000
moon,2027-01-04,24,hp,54.30778,-0.13743,0.00697,-0.00006
moon,2027-01-05,24,gha,386.71157,173.80831,-0.00331,0.00139,0.00001,-0.00000
moon,2027-01-05,24,dec,-27.47756,-0.23174,0.08025,0.00009,-0.00003,-0.00000
moon,2027-01-05,24,hp,54.08635,-0.08462,0.00624,-0.00006
moon,2027-01-06,24,gha,374.35538,173.84958,0.01353,0.00134,-0.00002,-0.00000
moon,2027-01-06,24,dec,-27.30084,0.40717,0.07871,-0.00034,-0.00003,0.00000
moon,2027-01-06,24,hp,53.96498,-0.03725,0.00564,-0.00004
moon,2027-01-07,24,gha,362.20915,174.01559,0.02717,0.00088,-0.00004,-0.00000
moon,2027-01-07,24,dec,-25.87459,1.01370,0.07228,-0.00071,-0.00002,0.00000
moon,2027-01-07,24,hp,53.93430,0.00628,0.00529,-0.00002
moon,2027-01-08,24,gha,350.48386,174.26485,0.03403,0.00025,-0.00004,0.00000
moon,2027-01-08,24,dec,-23.29891,1.55370,0.06235,-0.00092,-0.00001,0.00000
moon,2027-01-08,24,hp,53.98887,0.04826,0.00525,0.00001
moon,2027-01-09,24,gha,339.28796,174.53872,0.03340,-0.00034,-0.00003,0.00000
moon,2027-01-09,24,dec,-19.72897,2.00657,0.05076,-0.00099,-0.00000,0.00000
moon,2027-01-09,24,hp,54.12810,0.09119,0.00552,0.00003
moon,2027-01-10,24,gha,328.61401,174.78161,0.02655,-0.00078,-0.00002,0.00000
moon,2027-01-10,24,dec,-15.34731,2.36525,0.03896,-0.00097,0.00000,0.00000
moon,2027-01-10,24,hp,54.35612,0.13725,0.00602,0.00005
moon,2027-01-11,24,gha,318.35601,174.95098,0.01526,-0.00108,-0.00002,0.00000
moon,2027-01-11,24,dec,-10.34136,2.63126,0.02763,-0.00092,0.00000,-0.00000
moon,2027-01-11,24,hp,54.68066,0.18780,0.00662,0.00005
moon,2027-01-12,24,gha,308.33615,175.01720,0.00091,-0.00130,-0.00001,0.00000
moon,2027-01-12,24,dec,-4.89262,2.80836,0.01667,-0.00091,-0.00000,-0.00000
moon,2027-01-12,24,hp,55.11093,0.24289,0.00712,0.00003
moon,2027-01-13,24,gha,298.32634,174.95910,-0.01574,-0.00147,-0.00001,0.00000
moon,2027-01-13,24,dec,0.82206,2.89688,0.00533,-0.00099,-0.00001,-0.00000
moon,2027-01-13,24,hp,55.65451,0.30084,0.00729,-0.00001
moon,2027-01-14,24,gha,288.06102,174.76018,-0.03421,-0.00160,-0.00001,0.00000
moon,2027-01-14,24,dec,6.61873,2.88900,-0.00765,-0.00119,-0.00002,-0.00000
moon,2027-01-14,24,hp,56.31350,0.35777,0.00683,-0.00007
moon,2027-01-15,24,gha,277.24652,174.40921,-0.05352,-0.00159,0.00001,0.00000
moon,2027-01-15,24,dec,12.28651,2.76526,-0.02389,-0.00153,-0.00003,-0.00000
moon,2027-01-15,24,hp,57.07983,0.40739,0.00542,-0.00017
moon,2027-01-16,24,gha,265.57928,173.90900,-0.07092,-0.00124,0.00004,0.00000
moon,2027-01-16,24,dec,17.56247,2.49320,-0.04490,-0.00197,-0.00003,0.00000
moon,2027-01-16,24,hp,57.93036,0.44094,0.00278,-0.00028
moon,2027-01-17,24,gha,252.79275,173.29646,-0.08045,-0.00023,0.00009,0.00000
moon,2027-01-17,24,dec,22.10967,2.03225,-0.07097,-0.00234,-0.00001,0.00000
moon,2027-01-17,24,hp,58.82252,0.44787,-0.00124,-0.00039
moon,2027-01-18,24,gha,238.75289,172.66974,-0.07310,0.00155,0.00013,0.00000
moon,2027-01-18,24,dec,25.51676,1.35131,-0.09913,-0.00225,0.00003,0.00000
moon,2027-01-18,24,hp,59.69236,0.41761,-0.00647,-0.00047
moon,2027-01-19,24,gha,223.59050,172.19328,-0.04268,0.00343,0.00009,-0.00000
moon,2027-01-19,24,dec,27.34890,0.46198,-0.12164,-0.00136,0.00008,0.00000
moon,2027-01-19,24,hp,60.45754,0.34275,-0.01226,-0.00048
moon,2027-01-20,24,gha,207.77877,172.03404,0.00395,0.00405,-0.00002,-0.00001
moon,2027-01-20,24,dec,27.26616,-0.55062,-0.12867,0.00025,0.00011,-0.00000
moon,2027-01-20,24,hp,61.02779,0.22315,-0.01745,-0.00037
moon,2027-01-21,24,gha,192.02207,172.24497,0.04662,0.00283,-0.00012,-0.00000
moon,2027-01-21,24,dec,25.16551,-1.53915,-0.11566,0.00185,0.00008,-0.00000
moon,2027-01-21,24,hp,61.32271,0.06906,-0.02069,-0.00015
moon,2027-01-22,24,gha,176.96862,172.71990,0.06860,0.00083,-0.00012,0.00000
moon,2027-01-22,24,dec,21.24509,-2.35766,-0.08744,0.00272,0.00003,-0.00000
moon,2027-01-22,24,hp,61.29264,-0.09933,-0.02094,0.00012
moon,2027-01-23,24,gha,522.96822,173.27967,0.06866,-0.00070,-0.00007,0.00000
moon,2027-01-23,24,dec,15.93653,-2.92272,-0.05370,0.00280,-0.00001,-0.00000
moon,2027-01-23,24,hp,60.93392,-0.25699,-0.01806,0.00035
moon,2027-01-24,24,gha,510.03925,173.78003,0.05515,-0.00144,-0.00003,0.00000
moon,2027-01-24,24,dec,9.76397,-3.22357,-0.02220,0.00241,-0.00003,-0.00000
moon,2027-01-24,24,hp,60.29087,-0.38173,-0.01288,0.00049
moon,2027-01-25,24,gha,497.98250,174.14757,0.03643,-0.00162,-0.00000,0.00000
moon,2027-01-25,24,dec,3.22450,-3.29442,0.00358,0.00189,-0.00003,0.00000
moon,2027-01-25,24,hp,59.44356,-0.46046,-0.00676,0.00051
moon,2027-01-26,24,gha,486.50824,174.36234,0.01745,-0.00151,0.00001,0.00000
moon,2027-01-26,24,dec,-3.26977,-3.18333,0.02340,0.00144,-0.00002,0.00000
moon,2027-01-26,24,hp,58.48743,-0.49082,-0.00095,0.00045
moon,2027-01-27,24,gha,475.31766,174.43308,0.00066,-0.00127,0.00002,0.00000
moon,2027-01-27,24,dec,-9.39889,-2.93316,0.03858,0.00112,-0.00002,0.00000
moon,2027-01-27,24,hp,57.51389,-0.47881,0.00375,0.00033
moon,2027-01-28,24,gha,464.14493,174.38319,-0.01251,-0.00091,0.00003,0.00000
moon,2027-01-28,24,dec,-14.91672,-2.57457,0.05072,0.00092,-0.00001,0.00000
moon,2027-01-28,24,hp,56.59758,-0.43475,0.00705,0.00022
moon,2027-01-29,24,gha,452.78198,174.24703,-0.02069,-0.00043,0.00003,0.00000
moon,2027-01-29,24,dec,-19.62666,-2.12681,0.06099,0.00079,-0.00001,-0.00000
moon,2027-01-29,24,hp,55.79142,-0.36978,0.00901,0.00011
moon,2027-01-30,24,gha,441.10090,174.07044,-0.02242,0.00016,0.00004,0.00000
moon,2027-01-30,24,dec,-23.36366,-1.60289,0.06975,0.00066,-0.00001,-0.00000
moon,2027-01-30,24,hp,55.12718,-0.29376,0.00985,0.00003
moon,2027-01-31,24,gha,429.07574,173.90903,-0.01688,0.00076,0.00003,-0.00000
moon,2027-01-31,24,dec,-25.98874,-1.01660,0.07645,0.00044,-0.00002,-0.00000
moon,2027-01-31,24,hp,54.61895,-0.21447,0.00986,-0.00003
moon,2027-02-01,24,gha,416.79333,173.81847,-0.00502,0.00117,0.00002,-0.00000
moon,2027-02-01,24,dec,-27.39697,-0.38869,0.07998,0.00013,-0.00002,-0.00000
moon,2027-02-01,24,hp,54.26737,-0.13758,0.00929,-0.00007
moon,2027-02-02,24,gha,404.43662,173.83723,0.00982,0.00124,-0.00001,-0.00000
moon,2027-02-02,24,dec,-27.53401,0.25111,0.07932,-0.00024,-0.00002,0.00000
moon,2027-02-02,24,hp,54.06375,-0.06683,0.00836,-0.00009
moon,2027-02-03,24,gha,392.23376,173.97099,0.02306,0.00092,-0.00003,-0.00000
moon,2027-02-03,24,dec,-26.41073,0.86798,0.07429,-0.00059,-0.00002,0.00000
moon,2027-02-03,24,hp,53.99349,-0.00436,0.00725,-0.00010
moon,2027-02-04,24,gha,380.38916,174.19104,0.03101,0.00039,-0.00004,-0.00000
moon,2027-02-04,24,dec,-24.10593,1.42964,0.06569,-0.00083,-0.00001,0.00000
moon,2027-02-04,24,hp,54.03915,0.04909,0.00612,-0.00009
moon,2027-02-05,24,gha,369.02716,174.44800,0.03227,-0.00017,-0.00003,0.00000
moon,2027-02-05,24,dec,-20.75457,1.91268,0.05484,-0.00096,-0.00000,0.00000
moon,2027-02-05,24,hp,54.18305,0.09398,0.00513,-0.00007
moon,2027-02-06,24,gha,358.16933,174.69018,0.02750,-0.00061,-0.00002,0.00000
moon,2027-02-06,24,dec,-16.52767,2.30434,0.04300,-0.00100,-0.00000,0.00000
moon,2027-02-06,24,hp,54.40949,0.13182,0.00437,-0.00005
moon,2027-02-07,24,gha,347.74252,174.87527,0.01823,-0.00092,-0.00002,0.00000
moon,2027-02-07,24,dec,-11.61327,2.59999,0.03091,-0.00101,0.00000,-0.00000
moon,2027-02-07,24,hp,54.70647,0.16478,0.00392,-0.00002
moon,2027-02-08,24,gha,337.60112,174.97300,0.00583,-0.00113,-0.00001,0.00000
moon,2027-02-08,24,dec,-6.20432,2.79886,0.01879,-0.00102,-0.00000,-0.00000
moon,2027-02-08,24,hp,55.06670,0.19532,0.00376,-0.00000
moon,2027-02-09,24,gha,327.54873,174.96246,-0.00874,-0.00129,-0.00001,0.00000
moon,2027-02-09,24,dec,-0.49528,2.89983,0.00637,-0.00106,-0.00000,-0.00000
moon,2027-02-09,24,hp,55.48750,0.22555,0.00382,0.00001
moon,2027-02-10,24,gha,317.35335,174.82870,-0.02488,-0.00139,-0.00000,0.00000
moon,2027-02-10,24,dec,5.31367,2.89794,-0.00705,-0.00118,-0.00001,-0.00000
moon,2027-02-10,24,hp,55.96959,0.25664,0.00395,0.00001
moon,2027-02-11,24,gha,306.75828,174.56215,-0.04177,-0.00140,0.00000,0.00000
moon,2027-02-11,24,dec,11.00600,2.78160,-0.02240,-0.00139,-0.00002,-0.00000
moon,2027-02-11,24,hp,56.51445,0.28818,0.00390,-0.00002
moon,2027-02-12,24,gha,295.49704,174.16345,-0.05752,-0.00118,0.00003,0.00000
moon,2027-02-12,24,dec,16.33400,2.53115,-0.04070,-0.00167,-0.00002,0.00000
moon,2027-02-12,24,hp,57.12074,0.31768,0.00339,-0.00007
moon,2027-02-13,24,gha,283.32545,173.65600,-0.06819,-0.00052,0.00006,0.00000
moon,2027-02-13,24,dec,21.00402,2.12081,-0.06234,-0.00192,-0.00001,0.00000
moon,2027-02-13,24,hp,57.77980,0.34033,0.00214,-0.00014
moon,2027-02-14,24,gha,270.08553,173.10461,-0.06749,0.00072,0.00009,0.00000
moon,2027-02-14,24,dec,24.67236,1.52780,-0.08597,-0.00196,0.00001,0.00000
moon,2027-02-14,24,hp,58.47117,0.34919,-0.00008,-0.00023
moon,2027-02-15,24,gha,255.80080,172.62561,-0.04954,0.00226,0.00009,-0.00000
moon,2027-02-15,24,dec,26.96978,0.75187,-0.10720,-0.00149,0.00005,0.00000
moon,2027-02-15,24,hp,59.15915,0.33606,-0.00335,-0.00031
moon,2027-02-16,24,gha,240.75637,172.35843,-0.01552,0.00324,0.00002,-0.00000
moon,2027-02-16,24,dec,27.57064,-0.16104,-0.11916,-0.00043,0.00008,0.00000
moon,2027-02-16,24,hp,59.79186,0.29323,-0.00744,-0.00036
moon,2027-02-17,24,gha,225.47201,172.38909,0.02256,0.00289,-0.00006,-0.00000
moon,2027-02-17,24,dec,26.29494,-1.11227,-0.11630,0.00090,0.00008,-0.00000
moon,2027-02-17,24,hp,60.30496,0.21626,-0.01177,-0.00035
moon,2027-02-18,24,gha,210.52532,172.68659,0.04934,0.00149,-0.00010,-0.00000
moon,2027-02-18,24,dec,23.18854,-1.97931,-0.09858,0.00197,0.00005,-0.00000
moon,2027-02-18,24,hp,60.63109,0.10683,-0.01541,-0.00025
moon,2027-02-19,24,gha,196.33088,173.12610,0.05792,-0.00000,-0.00008,0.00000
moon,2027-02-19,24,dec,18.52408,-2.66234,-0.07127,0.00249,0.00001,-0.00000
moon,2027-02-19,24,hp,60.71415,-0.02538,-0.01734,-0.00007
moon,2027-02-20,24,gha,183.03311,173.57077,0.05156,-0.00096,-0.00004,0.00000
moon,2027-02-20,24,dec,12.72518,-3.11122,-0.04091,0.00251,-0.00001,-0.00000
moon,2027-02-20,24,hp,60.52464,-0.16376,-0.01689,0.00014
moon,2027-02-21,24,gha,530.54429,173.92833,0.03713,-0.00137,-0.00001,0.00000
moon,2027-02-21,24,dec,6.26818,-3.32185,-0.01222,0.00224,-0.00002,-0.00000
moon,2027-02-21,24,hp,60.06965,-0.28886,-0.01407,0.00032
moon,2027-02-22,24,gha,518.64468,174.15795,0.02022,-0.00141,0.00001,0.00000
moon,2027-02-22,24,dec,-0.39238,-3.31811,0.01250,0.00187,-0.00002,0.00000
moon,2027-02-22,24,hp,59.39300,-0.38400,-0.00953,0.00042
moon,2027-02-23,24,gha,507.07045,174.25449,0.00423,-0.00123,0.00002,0.00000
moon,2027-02-23,24,dec,-6.86211,-3.13480,0.03269,0.00150,-0.00002,0.00000
moon,2027-02-23,24,hp,58.56519,-0.43944,-0.00430,0.00044
moon,2027-02-24,24,gha,495.56986,174.23408,-0.00876,-0.00091,0.00002,0.00000
moon,2027-02-24,24,dec,-12.81693,-2.80659,0.04882,0.00119,-0.00002,0.00000
moon,2027-02-24,24,hp,57.66809,-0.45349,0.00069,0.00039
moon,2027-02-25,24,gha,483.93836,174.12746,-0.01710,-0.00046,0.00003,0.00000
moon,2027-02-25,24,dec,-17.99730,-2.36315,0.06159,0.00094,-0.00001,0.00000
moon,2027-02-25,24,hp,56.78031,-0.43085,0.00481,0.00030
moon,2027-02-26,24,gha,472.04565,173.97799,-0.01929,0.00010,0.00004,0.00000
moon,2027-02-26,24,dec,-22.19799,-1.82932,0.07144,0.00070,-0.00002,-0.00000
moon,2027-02-26,24,hp,55.96728,-0.37969,0.00781,0.00020
moon,2027-02-27,24,gha,459.85824,173.83855,-0.01457,0.00067,0.00003,-0.00000
moon,2027-02-27,24,dec,-25.26162,-1.22863,0.07825,0.00043,-0.00002,-0.00000
moon,2027-02-27,24,hp,55.27693,-0.30910,0.00968,0.00011
moon,2027-02-28,24,gha,447.44986,173.76204,-0.00385,0.00107,0.00002,-0.00000
moon,2027-02-28,24,dec,-27.08038,-0.58744,0.08148,0.00010,-0.00002,-0.00000
moon,2027-02-28,24,hp,54.73956,-0.22753,0.01058,0.00004
moon,2027-03-01,24,gha,434.98593,173.78547,0.00984,0.00115,-0.00001,-0.00000
moon,2027-03-01,24,dec,-27.60362,0.06352,0.08066,-0.00024,-0.00002,0.00000
moon,2027-03-01,24,hp,54.36988,-0.14207,0.01068,-0.00002
moon,2027-03-02,24,gha,422.67678,173.91575,0.02225,0.00087,-0.00003,-0.00000
moon,2027-03-02,24,dec,-26.84421,0.69194,0.07592,-0.00054,-0.00002,0.00000
moon,2027-03-02,24,hp,54.16985,-0.05841,0.01015,-0.00007
moon,2027-03-03,24,gha,410.71390,174.12774,0.02989,0.00038,-0.00003,-0.00000
moon,2027-03-03,24,dec,-24.87628,1.26943,0.06808,-0.00075,-0.00001,0.00000
moon,2027-03-03,24,hp,54.13132,0.01904,0.00915,-0.00010
moon,2027-03-04,24,gha,399.21675,174.37632,0.03135,-0.00013,-0.00003,0.00000
moon,2027-03-04,24,dec,-21.82299,1.77568,0.05827,-0.00087,-0.00001,0.00000
moon,2027-03-04,24,hp,54.23845,0.08695,0.00779,-0.00012
moon,2027-03-05,24,gha,388.20972,174.61310,0.02711,-0.00056,-0.00002,0.00000
moon,2027-03-05,24,dec,-17.83944,2.19881,0.04741,-0.00093,-0.00000,0.00000
moon,2027-03-05,24,hp,54.46976,0.14304,0.00621,-0.00014
moon,2027-03-06,24,gha,377.62772,174.79775,0.01853,-0.00086,-0.00002,0.00000
moon,2027-03-06,24,dec,-13.09851,2.53258,0.03596,-0.00098,-0.00000,-0.00000
moon,2027-03-06,24,hp,54.80028,0.18610,0.00455,-0.00014
moon,2027-03-07,24,gha,367.33626,174.90115,0.00697,-0.00106,-0.00001,0.00000
moon,2027-03-07,24,dec,-7.78343,2.77247,0.02391,-0.00104,-0.00000,-0.00000
moon,2027-03-07,24,hp,55.20379,0.21609,0.00297,-0.00012
moon,2027-03-08,24,gha,357.15229,174.90355,-0.00661,-0.00120,-0.00001,0.00000
moon,2027-03-08,24,dec,-2.08756,2.91261,0.01095,-0.00113,-0.00001,-0.00000
moon,2027-03-08,24,hp,55.65525,0.23423,0.00161,-0.00010
moon,2027-03-09,24,gha,346.85997,174.79173,-0.02148,-0.00127,-0.00000,0.00000
moon,2027-03-09,24,dec,3.78073,2.94370,-0.00343,-0.00127,-0.00001,-0.00000
moon,2027-03-09,24,hp,56.13312,0.24278,0.00058,-0.00007
moon,2027-03-10,24,gha,336.22302,174.55857,-0.03677,-0.00125,0.00001,0.00000
moon,2027-03-10,24,dec,9.59020,2.85214,-0.01979,-0.00146,-0.00001,-0.00000
moon,2027-03-10,24,hp,56.62102,0.24458,-0.00008,-0.00004
moon,2027-03-11,24,gha,325.00033,174.20709,-0.05071,-0.00103,0.00002,0.00000
moon,2027-03-11,24,dec,15.07819,2.62020,-0.03856,-0.00167,-0.00001,0.00000
moon,2027-03-11,24,hp,57.10826,0.24236,-0.00044,-0.00002
moon,2027-03-12,24,gha,312.97559,173.76044,-0.05993,-0.00044,0.00005,0.00000
moon,2027-03-12,24,dec,19.94466,2.22875,-0.05957,-0.00182,-0.00000,0.00000
moon,2027-03-12,24,hp,57.58873,0.23792,-0.00067,-0.00002
moon,2027-03-13,24,gha,300.01145,173.27582,-0.05940,0.00060,0.00008,0.00000
moon,2027-03-13,24,dec,23.85635,1.66477,-0.08133,-0.00176,0.00001,0.00000
moon,2027-03-13,24,hp,58.05826,0.23134,-0.00101,-0.00004
moon,2027-03-14,24,gha,286.12582,172.85089,-0.04459,0.00187,0.00007,-0.00000
moon,2027-03-14,24,dec,26.47214,0.93516,-0.10031,-0.00133,0.00004,0.00000
moon,2027-03-14,24,hp,58.51088,0.22068,-0.00172,-0.00008
moon,2027-03-15,24,gha,271.55422,172.60113,-0.01634,0.00272,0.00002,-0.00000
moon,2027-03-15,24,dec,27.49872,0.08212,-0.11144,-0.00047,0.00006,0.00000
moon,2027-03-15,24,hp,58.93480,0.20218,-0.00299,-0.00013
moon,2027-03-16,24,gha,256.73007,172.60199,0.01624,0.00254,-0.00005,-0.00000
moon,2027-03-16,24,dec,26.76628,-0.81397,-0.11072,0.00059,0.00006,-0.00000
moon,2027-03-16,24,hp,59.30957,0.17103,-0.00487,-0.00018
moon,2027-03-17,24,gha,242.14916,172.83757,0.04074,0.00145,-0.00008,-0.00000
moon,2027-03-17,24,dec,24.28654,-1.65514,-0.09801,0.00148,0.00004,-0.00000
moon,2027-03-17,24,hp,59.60550,0.12297,-0.00718,-0.00020
moon,2027-03-18,24,gha,228.18974,173.21101,0.05036,0.00017,-0.00007,0.00000
moon,2027-03-18,24,dec,20.25567,-2.35805,-0.07683,0.00199,0.00002,-0.00000
moon,2027-03-18,24,hp,59.78645,0.05604,-0.00951,-0.00018
moon,2027-03-19,24,gha,215.00879,173.60470,0.04643,-0.00076,-0.00004,0.00000
moon,2027-03-19,24,dec,15.00333,-2.87333,-0.05171,0.00215,0.00000,-0.00000
moon,2027-03-19,24,hp,59.81632,-0.02765,-0.01128,-0.00011
moon,2027-03-20,24,gha,202.55415,173.93041,0.03418,-0.00122,-0.00002,0.00000
moon,2027-03-20,24,dec,8.92468,-3.18389,-0.02602,0.00210,-0.00001,-0.00000
moon,2027-03-20,24,hp,59.66795,-0.12125,-0.01192,0.00001
moon,2027-03-21,24,gha,190.63987,174.14228,0.01859,-0.00134,0.00000,0.00000
moon,2027-03-21,24,dec,2.42700,-3.29347,-0.00165,0.00195,-0.00001,-0.00000
moon,2027-03-21,24,hp,59.33191,-0.21409,-0.01107,0.00013
moon,2027-03-22,24,gha,179.02314,174.22802,0.00305,-0.00122,0.00001,0.00000
moon,2027-03-22,24,dec,-4.10157,-3.21664,0.02049,0.00174,-0.00001,-0.00000
moon,2027-03-22,24,hp,58.82173,-0.29416,-0.00876,0.00024
moon,2027-03-23,24,gha,527.45997,174.19784,-0.01010,-0.00094,0.00002,0.00000
moon,2027-03-23,24,dec,-10.30757,-2.97312,0.03998,0.00151,-0.00002,-0.00000
moon,2027-03-23,24,hp,58.17360,-0.35115,-0.00537,0.00031
moon,2027-03-24,24,gha,515.74399,174.07885,-0.01887,-0.00050,0.00003,0.00000
moon,2027-03-24,24,dec,-15.87978,-2.58530,0.05653,0.00125,-0.00002,-0.00000
moon,2027-03-24,24,hp,57.44045,-0.37878,-0.00151,0.00033
moon,2027-03-25,24,gha,503.73859,173.91361,-0.02142,0.00009,0.00004,0.00000
moon,2027-03-25,24,dec,-20.55421,-2.07810,0.06975,0.00095,-0.00002,-0.00000
moon,2027-03-25,24,hp,56.68293,-0.37559,0.00226,0.00030
moon,2027-03-26,24,gha,491.40533,173.75716,-0.01661,0.00071,0.00004,-0.00000
moon,2027-03-26,24,dec,-24.12049,-1.48045,0.07903,0.00059,-0.00002,-0.00000
moon,2027-03-26,24,hp,55.96050,-0.34413,0.00551,0.00024
moon,2027-03-27,24,gha,478.81982,173.66690,-0.00516,0.00116,0.00002,-0.00000
moon,2027-03-27,24,dec,-26.43165,-0.82687,0.08364,0.00017,-0.00003,-0.00000
moon,2027-03-27,24,hp,55.32475,-0.28953,0.00802,0.00018
moon,2027-03-28,24,gha,466.15876,173.68449,0.00973,0.00126,-0.00001,-0.00000
moon,2027-03-28,24,dec,-27.41471,-0.15653,0.08323,-0.00024,-0.00002,0.00000
moon,2027-03-28,24,hp,54.81576,-0.21803,0.00973,0.00011
moon,2027-03-29,24,gha,453.65076,173.81889,0.02335,0.00096,-0.00003,-0.00000
moon,2027-03-29,24,dec,-27.07524,0.49188,0.07830,-0.00057,-0.00002,0.00000
moon,2027-03-29,24,hp,54.46099,-0.13596,0.01068,0.00005
moon,2027-03-30,24,gha,441.50587,174.04328,0.03181,0.00043,-0.00004,-0.00000
moon,2027-03-30,24,dec,-25.48939,1.08719,0.07018,-0.00077,-0.00001,0.00000
moon,2027-03-30,24,hp,54.27562,-0.04921,0.01091,-0.00001
moon,2027-03-31,24,gha,429.85627,174.30854,0.03353,-0.00013,-0.00003,0.00000
moon,2027-03-31,24,dec,-22.78396,1.61009,0.06041,-0.00085,-0.00000,0.00000
moon,2027-03-31,24,hp,54.26359,0.03683,0.01051,-0.00006
moon,2027-04-01,24,gha,418.73082,174.56233,0.02913,-0.00058,-0.00002,0.00000
moon,2027-04-01,24,dec,-19.11297,2.05232,0.05012,-0.00086,-0.00000,0.00000
moon,2027-04-01,24,hp,54.41848,0.11722,0.00951,-0.00011
moon,2027-04-02,24,gha,408.06241,174.76180,0.02019,-0.00089,-0.00002,0.00000
moon,2027-04-02,24,dec,-14.64020,2.41180,0.03973,-0.00087,-0.00000,-0.00000
moon,2027-04-02,24,hp,54.72439,0.18740,0.00796,-0.00015
moon,2027-04-03,24,gha,397.71105,174.87685,0.00822,-0.00109,-0.00001,0.00000
moon,2027-04-03,24,dec,-9.53243,2.68701,0.02898,-0.00093,-0.00001,-0.00000
moon,2027-04-03,24,hp,55.15669,0.24321,0.00593,-0.00019
moon,2027-04-04,24,gha,387.48717,174.88763,-0.00576,-0.00123,-0.00001,0.00000
moon,2027-04-04,24,dec,-3.96310,2.87249,0.01717,-0.00105,-0.00001,-0.00000
moon,2027-04-04,24,hp,55.68315,0.28125,0.00354,-0.00021
moon,2027-04-05,24,gha,377.16866,174.78114,-0.02100,-0.00130,-0.00000,0.00000
moon,2027-04-05,24,dec,1.87713,2.95630,0.00343,-0.00125,-0.00001,-0.00000
moon,2027-04-05,24,hp,56.26587,0.29933,0.00097,-0.00021
moon,2027-04-06,24,gha,366.51327,174.55042,-0.03665,-0.00128,0.00001,0.00000
moon,2027-04-06,24,dec,7.76661,2.91940,-0.01311,-0.00151,-0.00002,-0.00000
moon,2027-04-06,24,hp,56.86434,0.29707,-0.00150,-0.00019
moon,2027-04-07,24,gha,355.27415,174.19852,-0.05094,-0.00105,0.00002,0.00000
moon,2027-04-07,24,dec,13.43970,2.73717,-0.03293,-0.00179,-0.00002,0.00000
moon,2027-04-07,24,hp,57.43953,0.27636,-0.00360,-0.00015
moon,2027-04-08,24,gha,343.22953,173.74891,-0.06042,-0.00045,0.00005,0.00000
moon,2027-04-08,24,dec,18.58000,2.38417,-0.05565,-0.00197,-0.00001,0.00000
moon,2027-04-08,24,hp,57.95836,0.24123,-0.00508,-0.00009
moon,2027-04-09,24,gha,330.23829,173.26027,-0.05986,0.00062,0.00008,0.00000
moon,2027-04-09,24,dec,22.82794,1.84406,-0.07926,-0.00190,0.00002,0.00000
moon,2027-04-09,24,hp,58.39738,0.19716,-0.00583,-0.00003
moon,2027-04-10,24,gha,316.31930,172.83354,-0.04450,0.00194,0.00008,-0.00000
moon,2027-04-10,24,dec,25.81424,1.12526,-0.09957,-0.00140,0.00005,0.00000
moon,2027-04-10,24,hp,58.74437,0.14976,-0.00593,0.00001
moon,2027-04-11,24,gha,301.71699,172.58868,-0.01516,0.00282,0.00002,-0.00000
moon,2027-04-11,24,dec,27.22508,0.27593,-0.11111,-0.00047,0.00007,0.00000
moon,2027-04-11,24,hp,58.99731,0.10346,-0.00560,0.00004
moon,2027-04-12,24,gha,286.88118,172.60374,0.01857,0.00262,-0.00005,-0.00000
moon,2027-04-12,24,dec,26.88354,-0.61662,-0.11011,0.00062,0.00006,-0.00000
moon,2027-04-12,24,hp,59.16082,0.06043,-0.00516,0.00003
moon,2027-04-13,24,gha,272.32492,172.86104,0.04374,0.00148,-0.00009,-0.00000
moon,2027-04-13,24,dec,24.80430,-1.45185,-0.09723,0.00146,0.00004,-0.00000
moon,2027-04-13,24,hp,59.24144,0.02043,-0.00488,0.00001
moon,2027-04-14,24,gha,258.43689,173.25897,0.05341,0.00016,-0.00007,0.00000
moon,2027-04-14,24,dec,21.18439,-2.15106,-0.07687,0.00187,0.00001,-0.00000
moon,2027-04-14,24,hp,59.24332,-0.01859,-0.00492,-0.00002
moon,2027-04-15,24,gha,245.37520,173.67572,0.04912,-0.00079,-0.00004,0.00000
moon,2027-04-15,24,dec,16.33978,-2.67433,-0.05383,0.00193,-0.00000,-0.00000
moon,2027-04-15,24,hp,59.16577,-0.05926,-0.00528,-0.00004
moon,2027-04-16,24,gha,233.08242,174.02079,0.03632,-0.00127,-0.00002,0.00000
moon,2027-04-16,24,dec,10.63315,-3.01331,-0.03106,0.00185,-0.00001,-0.00000
moon,2027-04-16,24,hp,59.00350,-0.10342,-0.00576,-0.00004
moon,2027-04-17,24,gha,221.36383,174.24700,0.02000,-0.00141,-0.00000,0.00000
moon,2027-04-17,24,dec,4.42687,-3.17507,-0.00958,0.00173,-0.00001,0.00000
moon,2027-04-17,24,hp,58.74941,-0.15094,-0.00607,-0.00001
moon,2027-04-18,24,gha,209.96492,174.34030,0.00346,-0.00132,0.00001,0.00000
moon,2027-04-18,24,dec,-1.93536,-3.17036,0.01058,0.00163,-0.00001,0.00000
moon,2027-04-18,24,hp,58.39907,-0.19926,-0.00592,0.00004
moon,2027-04-19,24,gha,198.62537,174.30798,-0.01112,-0.00108,0.00002,0.00000
moon,2027-04-19,24,dec,-8.13060,-3.00904,0.02958,0.00153,-0.00001,-0.00000
moon,2027-04-19,24,hp,57.95544,-0.24367,-0.00508,0.00010
moon,2027-04-20,24,gha,187.11573,174.17347,-0.02179,-0.00067,0.00003,0.00000
moon,2027-04-20,24,dec,-13.85511,-2.70072,0.04728,0.00141,-0.00001,-0.00000
moon,2027-04-20,24,hp,57.43204,-0.27843,-0.00351,0.00016
moon,2027-04-21,24,gha,175.26958,173.97652,-0.02641,-0.00008,0.00004,0.00000
moon,2027-04-21,24,dec,-18.82707,-2.25812,0.06301,0.00120,-0.00002,-0.00000
moon,2027-04-21,24,hp,56.85366,-0.29816,-0.00135,0.00020
moon,2027-04-22,24,gha,523.01679,173.77342,-0.02313,0.00063,0.00004,-0.00000
moon,2027-04-22,24,dec,-22.79728,-1.70163,0.07553,0.00087,-0.00002,-0.00000
moon,2027-04-22,24,hp,56.25435,-0.29907,0.00115,0.00021
moon,2027-04-23,24,gha,510.41028,173.62958,-0.01176,0.00123,0.00003,-0.00000
moon,2027-04-23,24,dec,-25.56850,-1.06310,0.08330,0.00041,-0.00003,-0.00000
moon,2027-04-23,24,hp,55.67357,-0.27958,0.00371,0.00021
moon,2027-04-24,24,gha,497.62645,173.60053,0.00493,0.00148,0.00000,-0.00000
moon,2027-04-24,24,dec,-27.01873,-0.38557,0.08518,-0.00010,-0.00003,0.00000
moon,2027-04-24,24,hp,55.15172,-0.24031,0.00606,0.00018
moon,2027-04-25,24,gha,484.92156,173.70858,0.02167,0.00124,-0.00003,-0.00000
moon,2027-04-25,24,dec,-27.11776,0.28326,0.08125,-0.00054,-0.00002,0.00000
moon,2027-04-25,24,hp,54.72613,-0.18364,0.00804,0.00015
moon,2027-04-26,24,gha,472.55292,173.93249,0.03329,0.00066,-0.00004,-0.00000
moon,2027-04-26,24,dec,-25.92551,0.90208,0.07297,-0.00081,-0.00001,0.00000
moon,2027-04-26,24,hp,54.42818,-0.11307,0.00953,0.00010
moon,2027-04-27,24,gha,460.70138,174.21927,0.03725,0.00000,-0.00004,0.00000
moon,2027-04-27,24,dec,-23.57003,1.44466,0.06250,-0.00091,-0.00000,0.00000
moon,2027-04-27,24,hp,54.28154,-0.03279,0.01046,0.00005
moon,2027-04-28,24,gha,449.43116,174.50770,0.03391,-0.00054,-0.00003,0.00000
moon,2027-04-28,24,dec,-20.21522,1.90110,0.05165,-0.00089,0.00000,0.00000
moon,2027-04-28,24,hp,54.30111,0.05264,0.01081,0.00000
moon,2027-04-29,24,gha,438.69258,174.74636,0.02511,-0.00091,-0.00002,0.00000
moon,2027-04-29,24,dec,-16.03293,2.27258,0.04132,-0.00083,0.00000,-0.00000
moon,2027-04-29,24,hp,54.49231,0.13832,0.01051,-0.00005
moon,2027-04-30,24,gha,428.34859,174.89932,0.01272,-0.00114,-0.00001,0.00000
moon,2027-04-30,24,dec,-11.18858,2.56356,0.03146,-0.00082,-0.00000,-0.00000
moon,2027-04-30,24,hp,54.85034,0.21889,0.00952,-0.00011
moon,2027-05-01,24,gha,418.20359,174.94343,-0.00197,-0.00130,-0.00001,0.00000
moon,2027-05-01,24,dec,-5.84135,2.77524,0.02134,-0.00089,-0.00001,-0.00000
moon,2027-05-01,24,hp,55.35925,0.28856,0.00778,-0.00018
moon,2027-05-02,24,gha,408.02393,174.86334,-0.01824,-0.00141,-0.00001,0.00000
moon,2027-05-02,24,dec,-0.15559,2.90088,0.00976,-0.00106,-0.00001,-0.00000
moon,2027-05-02,24,hp,55.99108,0.34117,0.00526,-0.00024
moon,2027-05-03,24,gha,397.55050,174.64889,-0.03544,-0.00144,0.00000,0.00000
moon,2027-05-03,24,dec,5.68060,2.92329,-0.00467,-0.00136,-0.00002,-0.00000
moon,2027-05-03,24,hp,56.70567,0.37074,0.00204,-0.00029
moon,2027-05-04,24,gha,386.51092,174.29757,-0.05215,-0.00130,0.00002,0.00000
moon,2027-05-04,24,dec,11.43376,2.81443,-0.02321,-0.00174,-0.00002,0.00000
moon,2027-05-04,24,hp,57.45198,0.37249,-0.00164,-0.00032
moon,2027-05-05,24,gha,374.64404,173.82463,-0.06519,-0.00079,0.00005,0.00000
moon,2027-05-05,24,dec,16.80634,2.53889,-0.04631,-0.00210,-0.00002,0.00000
moon,2027-05-05,24,hp,58.17185,0.34427,-0.00538,-0.00030
moon,2027-05-06,24,gha,361.75282,173.28108,-0.06880,0.00029,0.00009,0.00000
moon,2027-05-06,24,dec,21.43145,2.06430,-0.07257,-0.00222,0.00001,0.00000
moon,2027-05-06,24,hp,58.80668,0.28786,-0.00861,-0.00023
moon,2027-05-07,24,gha,347.79354,172.77011,-0.05620,0.00185,0.00010,-0.00000
moon,2027-05-07,24,dec,24.89777,1.38113,-0.09756,-0.00184,0.00004,0.00000
moon,2027-05-07,24,hp,59.30596,0.20960,-0.01077,-0.00013
moon,2027-05-08,24,gha,332.97213,172.43415,-0.02548,0.00315,0.00005,-0.00000
moon,2027-05-08,24,dec,26.81988,0.52708,-0.11418,-0.00084,0.00008,0.00000
moon,2027-05-08,24,hp,59.63568,0.11949,-0.01154,-0.00000
moon,2027-05-09,24,gha,317.76161,172.38859,0.01425,0.00324,-0.00004,-0.00000
moon,2027-05-09,24,dec,26.94456,-0.40414,-0.11627,0.00050,0.00008,-0.00000
moon,2027-05-09,24,hp,59.78356,0.02891,-0.01092,0.00010
moon,2027-05-10,24,gha,302.76408,172.64102,0.04671,0.00203,-0.00010,-0.00000
moon,2027-05-10,24,dec,25.23936,-1.29024,-0.10335,0.00158,0.00005,-0.00000
moon,2027-05-10,24,hp,59.75888,-0.05219,-0.00924,0.00017
moon,2027-05-11,24,gha,288.47725,173.08427,0.06127,0.00042,-0.00009,0.00000
moon,2027-05-11,24,dec,21.89976,-2.03058,-0.08088,0.00207,0.00001,-0.00000
moon,2027-05-11,24,hp,59.58729,-0.11759,-0.00707,0.00019
moon,2027-05-12,24,gha,275.13584,173.57204,0.05859,-0.00077,-0.00005,0.00000
moon,2027-05-12,24,dec,17.27138,-2.57675,-0.05567,0.00207,-0.00001,-0.00000
moon,2027-05-12,24,hp,59.30245,-0.16547,-0.00494,0.00017
moon,2027-05-13,24,gha,262.71072,173.99171,0.04529,-0.00136,-0.00002,0.00000
moon,2027-05-13,24,dec,11.74895,-2.92597,-0.03202,0.00185,-0.00002,-0.00000
moon,2027-05-13,24,hp,58.93782,-0.19770,-0.00320,0.00012
moon,2027-05-14,24,gha,251.00166,174.28445,0.02760,-0.00154,-0.00000,0.00000
moon,2027-05-14,24,dec,5.70835,-3.09730,-0.01122,0.00162,-0.00001,0.00000
moon,2027-05-14,24,hp,58.52096,-0.21816,-0.00200,0.00008
moon,2027-05-15,24,gha,239.73321,174.43190,0.00937,-0.00147,0.00001,0.00000
moon,2027-05-15,24,dec,-0.51668,-3.11241,0.00716,0.00146,-0.00001,0.00000
moon,2027-05-15,24,hp,58.07113,-0.23108,-0.00129,0.00004
moon,2027-05-16,24,gha,228.61810,174.43917,-0.00719,-0.00127,0.00002,0.00000
moon,2027-05-16,24,dec,-6.63002,-2.98684,0.02408,0.00137,-0.00000,0.00000
moon,2027-05-16,24,hp,57.60009,-0.23962,-0.00087,0.00003
moon,2027-05-17,24,gha,217.39469,174.32640,-0.02038,-0.00091,0.00003,0.00000
moon,2027-05-17,24,dec,-12.35953,-2.72922,0.04023,0.00132,-0.00000,-0.00000
moon,2027-05-17,24,hp,57.11496,-0.24523,-0.00052,0.00003
moon,2027-05-18,24,gha,205.85594,174.12831,-0.02820,-0.00037,0.00004,0.00000
moon,2027-05-18,24,dec,-17.44678,-2.34521,0.05562,0.00123,-0.00001,-0.00000
moon,2027-05-18,24,hp,56.62180,-0.24751,-0.00002,0.00005
moon,2027-05-19,24,gha,193.88129,173.89684,-0.02842,0.00035,0.00005,0.00000
moon,2027-05-19,24,dec,-21.64747,-1.84404,0.06932,0.00103,-0.00002,-0.00000
moon,2027-05-19,24,hp,56.12896,-0.24466,0.00078,0.00008
moon,2027-05-20,24,gha,181.46988,173.69898,-0.01976,0.00108,0.00004,-0.00000
moon,2027-05-20,24,dec,-24.74588,-1.24579,0.07959,0.00066,-0.00003,-0.00000
moon,2027-05-20,24,hp,55.64921,-0.23416,0.00190,0.00011
moon,2027-05-21,24,gha,528.75758,173.60222,-0.00361,0.00155,0.00001,-0.00000
moon,2027-05-21,24,dec,-26.58157,-0.58580,0.08451,0.00015,-0.00003,-0.00000
moon,2027-05-21,24,hp,55.20035,-0.21353,0.00330,0.00013
moon,2027-05-22,24,gha,515.99309,173.64907,0.01526,0.00151,-0.00002,-0.00000
moon,2027-05-22,24,dec,-27.07796,0.08819,0.08306,-0.00038,-0.00003,0.00000
moon,2027-05-22,24,hp,54.80456,-0.18096,0.00486,0.00013
moon,2027-05-23,24,gha,503.46587,173.83666,0.03075,0.00101,-0.00004,-0.00000
moon,2027-05-23,24,dec,-26.25673,0.72711,0.07597,-0.00077,-0.00002,0.00000
moon,2027-05-23,24,hp,54.48660,-0.13567,0.00645,0.00013
moon,2027-05-24,24,gha,491.41522,174.11930,0.03867,0.00030,-0.00004,0.00000
moon,2027-05-24,24,dec,-24.22698,1.29377,0.06536,-0.00096,-0.00001,0.00000
moon,2027-05-24,24,hp,54.27169,-0.07801,0.00793,0.00011
moon,2027-05-25,24,gha,479.96645,174.43158,0.03827,-0.00034,-0.00004,0.00000
moon,2027-05-25,24,dec,-21.15368,1.76972,0.05361,-0.00098,0.00000,0.00000
moon,2027-05-25,24,hp,54.18323,-0.00942,0.00917,0.00009
moon,2027-05-26,24,gha,469.11664,174.71270,0.03120,-0.00081,-0.00002,0.00000
moon,2027-05-26,24,dec,-17.22163,2.15293,0.04234,-0.00090,0.00001,0.00000
moon,2027-05-26,24,hp,54.24077,0.06768,0.01004,0.00005
moon,2027-05-27,24,gha,458.75706,174.91806,0.01963,-0.00110,-0.00001,0.00000
moon,2027-05-27,24,dec,-12.61006,2.45012,0.03211,-0.00081,0.00000,-0.00000
moon,2027-05-27,24,hp,54.45801,0.14988,0.01043,0.00001
moon,2027-05-28,24,gha,448.70583,175.01868,0.00519,-0.00129,-0.00001,0.00000
moon,2027-05-28,24,dec,-7.48339,2.66860,0.02256,-0.00079,-0.00000,-0.00000
moon,2027-05-28,24,hp,54.84082,0.23273,0.01018,-0.00005
moon,2027-05-29,24,gha,438.73376,174.99557,-0.01122,-0.00144,-0.00001,0.00000
moon,2027-05-29,24,dec,-1.99646,2.81011,0.01268,-0.00087,-0.00001,-0.00000
moon,2027-05-29,24,hp,55.38496,0.31055,0.00915,-0.00012
moon,2027-05-30,24,gha,428.57915,174.83488,-0.02914,-0.00154,-0.00000,0.00000
moon,2027-05-30,24,dec,3.68978,2.86643,0.00102,-0.00109,-0.00002,-0.00000
moon,2027-05-30,24,hp,56.07353,0.37637,0.00716,-0.00021
moon,2027-05-31,24,gha,417.95678,174.52719,-0.04779,-0.00154,0.00001,0.00000
moon,2027-05-31,24,dec,9.38541,2.81661,-0.01410,-0.00145,-0.00003,-0.00000
moon,2027-05-31,24,hp,56.87452,0.42207,0.00411,-0.00030
moon,2027-06-01,24,gha,406.57240,174.07403,-0.06503,-0.00127,0.00003,0.00000
moon,2027-06-01,24,dec,14.84535,2.62659,-0.03420,-0.00191,-0.00003,0.00000
moon,2027-06-01,24,hp,57.73916,0.43917,0.00003,-0.00038
moon,2027-06-02,24,gha,394.15997,173.50437,-0.07595,-0.00045,0.00007,0.00000
moon,2027-06-02,24,dec,19.74733,2.25422,-0.05959,-0.00230,-0.00002,0.00000
moon,2027-06-02,24,hp,58.60280,0.42046,-0.00478,-0.00042
moon,2027-06-03,24,gha,380.56070,172.89902,-0.07268,0.00109,0.00011,0.00000
moon,2027-06-03,24,dec,23.69013,1.66508,-0.08772,-0.00230,0.00002,0.00000
moon,2027-06-03,24,hp,59.38980,0.36245,-0.00968,-0.00039
moon,2027-06-04,24,gha,365.84123,172.40176,-0.04841,0.00292,0.00010,-0.00000
moon,2027-06-04,24,dec,26.23723,0.86184,-0.11183,-0.00159,0.00007,0.00000
moon,2027-06-04,24,hp,60.02354,0.26787,-0.01378,-0.00028
moon,2027-06-05,24,gha,350.38377,172.17593,-0.00641,0.00384,0.00001,-0.00001
moon,2027-06-05,24,dec,27.02159,-0.08667,-0.12280,-0.00017,0.00010,0.00000
moon,2027-06-05,24,hp,60.44025,0.14683,-0.01618,-0.00011
moon,2027-06-06,24,gha,334.82583,172.30212,0.03658,0.00307,-0.00009,-0.00000
moon,2027-06-06,24,dec,25.87848,-1.05027,-0.11544,0.00134,0.00008,-0.00000
moon,2027-06-06,24,hp,60.60257,0.01536,-0.01635,0.00008
moon,2027-06-07,24,gha,319.81870,172.71267,0.06285,0.00125,-0.00012,0.00000
moon,2027-06-07,24,dec,22.91868,-1.89082,-0.09309,0.00226,0.00003,-0.00000
moon,2027-06-07,24,hp,60.50759,-0.10869,-0.01439,0.00024
moon,2027-06-08,24,gha,305.77327,173.24575,0.06756,-0.00037,-0.00008,0.00000
moon,2027-06-08,24,dec,18.48222,-2.52159,-0.06430,0.00244,-0.00001,-0.00000
moon,2027-06-08,24,hp,60.18540,-0.21062,-0.01095,0.00032
moon,2027-06-09,24,gha,292.77794,173.74996,0.05690,-0.00129,-0.00004,0.00000
moon,2027-06-09,24,dec,13.01503,-2.92229,-0.03635,0.00218,-0.00002,-0.00000
moon,2027-06-09,24,hp,59.68919,-0.28226,-0.00695,0.00033
moon,2027-06-10,24,gha,280.67892,174.13613,0.03908,-0.00161,-0.00001,0.00000
moon,2027-06-10,24,dec,6.95779,-3.11510,-0.01252,0.00180,-0.00002,0.00000
moon,2027-06-10,24,hp,59.08123,-0.32258,-0.00322,0.00028
moon,2027-06-11,24,gha,269.20215,174.37085,0.01962,-0.00160,0.00001,0.00000
moon,2027-06-11,24,dec,0.69151,-3.13491,0.00701,0.00148,-0.00002,0.00000
moon,2027-06-11,24,hp,58.42028,-0.33590,-0.00025,0.00021
moon,2027-06-12,24,gha,258.04181,174.45361,0.00139,-0.00142,0.00002,0.00000
moon,2027-06-12,24,dec,-5.46875,-3.01166,0.02345,0.00128,-0.00001,0.00000
moon,2027-06-12,24,hp,57.75345,-0.32923,0.00178,0.00013
moon,2027-06-13,24,gha,246.90967,174.40153,-0.01387,-0.00110,0.00002,0.00000
moon,2027-06-13,24,dec,-11.25719,-2.76454,0.03815,0.00118,-0.00000,0.00000
moon,2027-06-13,24,hp,57.11343,-0.30982,0.00296,0.00007
moon,2027-06-14,24,gha,235.56498,174.24494,-0.02446,-0.00063,0.00004,0.00000
moon,2027-06-14,24,dec,-16.43699,-2.40376,0.05193,0.00112,-0.00000,-0.00000
moon,2027-06-14,24,hp,56.51944,-0.28371,0.00350,0.00003
moon,2027-06-15,24,gha,223.84247,174.02933,-0.02831,0.00002,0.00005,0.00000
moon,2027-06-15,24,dec,-20.78780,-1.93639,0.06471,0.00100,-0.00001,-0.00000
moon,2027-06-15,24,hp,55.98067,-0.25492,0.00367,0.00001
moon,2027-06-16,24,gha,211.68413,173.81621,-0.02366,0.00076,0.00005,-0.00000
moon,2027-06-16,24,dec,-24.10749,-1.37442,0.07534,0.00075,-0.00002,-0.00000
moon,2027-06-16,24,hp,55.50030,-0.22541,0.00371,0.00000
moon,2027-06-17,24,gha,199.16425,173.67481,-0.01062,0.00137,0.00003,-0.00000
moon,2027-06-17,24,dec,-26.22972,-0.74227,0.08197,0.00033,-0.00003,-0.00000
moon,2027-06-17,24,hp,55.07948,-0.19531,0.00383,0.00002
moon,2027-06-18,24,gha,186.48477,173.66084,0.00747,0.00157,-0.00000,-0.00000
moon,2027-06-18,24,dec,-27.05182,-0.07900,0.08295,-0.00017,-0.00003,0.00000
moon,2027-06-18,24,hp,54.72042,-0.16348,0.00416,0.00004
moon,2027-06-19,24,gha,173.92334,173.79224,0.02483,0.00126,-0.00003,-0.00000
moon,2027-06-19,24,dec,-26.55868,0.56799,0.07799,-0.00063,-0.00002,0.00000
moon,2027-06-19,24,hp,54.42840,-0.12806,0.00474,0.00006
moon,2027-06-20,24,gha,521.74704,174.04097,0.03622,0.00062,-0.00004,-0.00000
moon,2027-06-20,24,dec,-24.82699,1.15570,0.06843,-0.00093,-0.00001,0.00000
moon,2027-06-20,24,hp,54.21263,-0.08703,0.00555,0.00008
moon,2027-06-21,24,gha,510.13378,174.34845,0.03945,-0.00007,-0.00004,0.00000
moon,2027-06-21,24,dec,-22.00508,1.65629,0.05655,-0.00103,-0.00000,0.00000
moon,2027-06-21,24,hp,54.08602,-0.03875,0.00654,0.00009
moon,2027-06-22,24,gha,499.13683,174.65109,0.03527,-0.00060,-0.00003,0.00000
moon,2027-06-22,24,dec,-18.27893,2.05971,0.04438,-0.00099,0.00001,0.00000
moon,2027-06-22,24,hp,54.06411,0.01771,0.00758,0.00009
moon,2027-06-23,24,gha,488.69355,174.89767,0.02575,-0.00096,-0.00002,0.00000
moon,2027-06-23,24,dec,-13.84088,2.36893,0.03309,-0.00089,0.00001,-0.00000
moon,2027-06-23,24,hp,54.16335,0.08234,0.00855,0.00007
moon,2027-06-24,24,gha,478.65543,175.05339,0.01278,-0.00119,-0.00001,0.00000
moon,2027-06-24,24,dec,-8.87118,2.59225,0.02288,-0.00082,0.00000,-0.00000
moon,2027-06-24,24,hp,54.39901,0.15393,0.00930,0.00005
moon,2027-06-25,24,gha,468.81724,175.09570,-0.00249,-0.00135,-0.00001,0.00000
moon,2027-06-25,24,dec,-3.53439,2.73648,0.01319,-0.00081,-0.00000,-0.00000
moon,2027-06-25,24,hp,54.78262,0.22995,0.00963,0.00001
moon,2027-06-26,24,gha,458.93573,175.00859,-0.01952,-0.00148,-0.00001,0.00000
moon,2027-06-26,24,dec,2.01243,2.80182,0.00296,-0.00091,-0.00001,-0.00000
moon,2027-06-26,24,hp,55.31908,0.30627,0.00934,-0.00006
moon,2027-06-27,24,gha,448.73906,174.77940,-0.03793,-0.00157,-0.00000,0.00000
moon,2027-06-27,24,dec,7.60259,2.77812,-0.00931,-0.00115,-0.00002,-0.00000
moon,2027-06-27,24,hp,56.00326,0.37694,0.00818,-0.00014
moon,2027-06-28,24,gha,437.93486,174.40082,-0.05661,-0.00150,0.00001,0.00000
moon,2027-06-28,24,dec,13.03638,2.64235,-0.02530,-0.00153,-0.00003,-0.00000
moon,2027-06-28,24,hp,56.81613,0.43404,0.00591,-0.00024
moon,2027-06-29,24,gha,426.23032,173.88134,-0.07250,-0.00106,0.00005,0.00000
moon,2027-06-29,24,dec,18.05503,2.35872,-0.04640,-0.00198,-0.00003,0.00000
moon,2027-06-29,24,hp,57.72104,0.46791,0.00236,-0.00035
moon,2027-06-30,24,gha,413.38372,173.26628,-0.07934,0.00004,0.00009,0.00000
moon,2027-06-30,24,dec,22.32120,1.88576,-0.07241,-0.00230,-0.00001,0.00000
moon,2027-06-30,24,hp,58.66127,0.46831,-0.00243,-0.00044
moon,2027-07-01,24,gha,399.30312,172.66203,-0.06859,0.00182,0.00012,-0.00000
moon,2027-07-01,24,dec,25.42618,1.19649,-0.09959,-0.00212,0.00004,0.00000
moon,2027-07-01,24,hp,59.56094,0.42666,-0.00805,-0.00048
moon,2027-07-02,24,gha,384.16983,172.23194,-0.03597,0.00350,0.00007,-0.00000
moon,2027-07-02,24,dec,26.95146,0.31186,-0.11982,-0.00112,0.00009,0.00000
moon,2027-07-02,24,hp,60.33180,0.33954,-0.01364,-0.00043
moon,2027-07-03,24,gha,368.48772,172.12404,0.00953,0.00380,-0.00004,-0.00001
moon,2027-07-03,24,dec,26.59220,-0.67464,-0.12400,0.00047,0.00010,-0.00000
moon,2027-07-03,24,hp,60.88693,0.21197,-0.01798,-0.00028
moon,2027-07-04,24,gha,352.94384,172.36440,0.04817,0.00245,-0.00012,-0.00000
moon,2027-07-04,24,dec,24.28748,-1.61771,-0.10923,0.00191,0.00007,-0.00000
moon,2027-07-04,24,hp,61.15924,0.05870,-0.01993,-0.00004
moon,2027-07-05,24,gha,338.12795,172.83458,0.06603,0.00055,-0.00011,0.00000
moon,2027-07-05,24,dec,20.26174,-2.38464,-0.08126,0.00262,0.00002,-0.00000
moon,2027-07-05,24,hp,61.11851,-0.09864,-0.01898,0.00020
moon,2027-07-06,24,gha,324.32753,173.36293,0.06364,-0.00083,-0.00006,0.00000
moon,2027-07-06,24,dec,14.94357,-2.90684,-0.04930,0.00262,-0.00002,-0.00000
moon,2027-07-06,24,hp,60.77925,-0.23769,-0.01548,0.00037
moon,2027-07-07,24,gha,311.52135,173.81879,0.04921,-0.00147,-0.00002,0.00000
moon,2027-07-07,24,dec,8.83105,-3.18122,-0.01997,0.00224,-0.00003,-0.00000
moon,2027-07-07,24,hp,60.19542,-0.34196,-0.01047,0.00045
moon,2027-07-08,24,gha,299.49377,174.13785,0.03031,-0.00162,0.00000,0.00000
moon,2027-07-08,24,dec,2.38852,-3.24119,0.00418,0.00179,-0.00003,0.00000
moon,2027-07-08,24,hp,59.44468,-0.40436,-0.00517,0.00042
moon,2027-07-09,24,gha,287.95143,174.30407,0.01145,-0.00150,0.00001,0.00000
moon,2027-07-09,24,dec,-3.99713,-3.12849,0.02336,0.00143,-0.00002,0.00000
moon,2027-07-09,24,hp,58.60978,-0.42668,-0.00055,0.00034
moon,2027-07-10,24,gha,276.59727,174.32807,-0.00497,-0.00122,0.00002,0.00000
moon,2027-07-10,24,dec,-10.01634,-2.87777,0.03890,0.00118,-0.00001,0.00000
moon,2027-07-10,24,hp,57.76372,-0.41648,0.00292,0.00024
moon,2027-07-11,24,gha,265.17185,174.23628,-0.01724,-0.00080,0.00003,0.00000
moon,2027-07-11,24,dec,-15.41765,-2.51249,0.05216,0.00103,-0.00001,0.00000
moon,2027-07-11,24,hp,56.96189,-0.38349,0.00516,0.00014
moon,2027-07-12,24,gha,253.48250,174.06910,-0.02354,-0.00023,0.00004,0.00000
moon,2027-07-12,24,dec,-19.98758,-2.04773,0.06380,0.00090,-0.00001,-0.00000
moon,2027-07-12,24,hp,56.24039,-0.33703,0.00632,0.00006
moon,2027-07-13,24,gha,241.43188,173.88142,-0.02217,0.00046,0.00004,-0.00000
moon,2027-07-13,24,dec,-23.54045,-1.49702,0.07353,0.00070,-0.00002,-0.00000
moon,2027-07-13,24,hp,55.61847,-0.28458,0.00670,0.00001
moon,2027-07-14,24,gha,229.04292,173.73755,-0.01269,0.00109,0.00003,-0.00000
moon,2027-07-14,24,dec,-25.92307,-0.88008,0.08014,0.00038,-0.00002,-0.00000
moon,2027-07-14,24,hp,55.10268,-0.23132,0.00657,-0.00002
moon,2027-07-15,24,gha,216.46304,173.69547,0.00274,0.00142,0.00001,-0.00000
moon,2027-07-15,24,dec,-27.03268,-0.22783,0.08217,-0.00005,-0.00003,-0.00000
moon,2027-07-15,24,hp,54.69146,-0.18022,0.00619,-0.00004
moon,2027-07-16,24,gha,203.92950,173.78490,0.01938,0.00129,-0.00002,-0.00000
moon,2027-07-16,24,dec,-26.83830,0.41947,0.07888,-0.00049,-0.00003,0.00000
moon,2027-07-16,24,hp,54.37922,-0.13235,0.00579,-0.00003
moon,2027-07-17,24,gha,191.69802,173.99421,0.03206,0.00079,-0.00004,-0.00000
moon,2027-07-17,24,dec,-25.39131,1.02083,0.07087,-0.00082,-0.00002,0.00000
moon,2027-07-17,24,hp,54.15981,-0.08729,0.00551,-0.00001
moon,2027-07-18,24,gha,179.96530,174.27779,0.03772,0.00016,-0.00004,0.00000
moon,2027-07-18,24,dec,-22.81644,1.54480,0.05982,-0.00099,-0.00001,0.00000
moon,2027-07-18,24,hp,54.02900,-0.04356,0.00546,0.00001
moon,2027-07-19,24,gha,528.82164,174.57725,0.03618,-0.00039,-0.00003,0.00000
moon,2027-07-19,24,dec,-19.28676,1.97468,0.04760,-0.00102,0.00000,0.00000
moon,2027-07-19,24,hp,53.98607,0.00082,0.00567,0.00003
moon,2027-07-20,24,gha,518.24551,174.84060,0.02898,-0.00078,-0.00002,0.00000
moon,2027-07-20,24,dec,-14.99497,2.30710,0.03560,-0.00097,0.00000,0.00000
moon,2027-07-20,24,hp,54.03443,0.04792,0.00613,0.00005
moon,2027-07-21,24,gha,508.12545,175.03016,0.01797,-0.00103,-0.00001,0.00000
moon,2027-07-21,24,dec,-10.13200,2.54654,0.02439,-0.00090,0.00000,-0.00000
moon,2027-07-21,24,hp,54.18127,0.09944,0.00676,0.00006
moon,2027-07-22,24,gha,498.28801,175.12116,0.00448,-0.00120,-0.00001,0.00000
moon,2027-07-22,24,dec,-4.87725,2.69947,0.01391,-0.00086,0.00000,-0.00000
moon,2027-07-22,24,hp,54.43635,0.15621,0.00743,0.00005
moon,2027-07-23,24,gha,488.51879,175.09690,-0.01078,-0.00134,-0.00001,0.00000
moon,2027-07-23,24,dec,0.60027,2.76941,0.00352,-0.00089,-0.00000,-0.00000
moon,2027-07-23,24,hp,54.81000,0.21789,0.00796,0.00003
moon,2027-07-24,24,gha,478.57433,174.94474,-0.02744,-0.00143,-0.00000,0.00000
moon,2027-07-24,24,dec,6.13236,2.75327,-0.00778,-0.00102,-0.00001,-0.00000
moon,2027-07-24,24,hp,55.31033,0.28259,0.00814,-0.00001
moon,2027-07-25,24,gha,468.18923,174.65561,-0.04488,-0.00145,0.00000,0.00000
moon,2027-07-25,24,dec,11.53545,2.63856,-0.02132,-0.00126,-0.00002,-0.00000
moon,2027-07-25,24,hp,55.93974,0.34647,0.00772,-0.00007
moon,2027-07-26,24,gha,457.08790,174.22931,-0.06134,-0.00124,0.00002,0.00000
moon,2027-07-26,24,dec,16.59017,2.40190,-0.03845,-0.00161,-0.00002,-0.00000
moon,2027-07-26,24,hp,56.69082,0.40351,0.00639,-0.00016
moon,2027-07-27,24,gha,445.01494,173.68810,-0.07281,-0.00058,0.00006,0.00000
moon,2027-07-27,24,dec,21.02098,2.01104,-0.05988,-0.00195,-0.00002,0.00000
moon,2027-07-27,24,hp,57.54179,0.44538,0.00389,-0.00026
moon,2027-07-28,24,gha,431.80033,173.09740,-0.07261,0.00071,0.00010,0.00000
moon,2027-07-28,24,dec,24.48742,1.43497,-0.08435,-0.00206,0.00001,0.00000
moon,2027-07-28,24,hp,58.45231,0.46194,0.00005,-0.00038
moon,2027-07-29,24,gha,417.46094,172.57855,-0.05420,0.00236,0.00010,-0.00000
moon,2027-07-29,24,dec,26.60745,0.66603,-0.10711,-0.00162,0.00005,0.00000
moon,2027-07-29,24,hp,59.36117,0.44269,-0.00502,-0.00046
moon,2027-07-30,24,gha,402.29000,172.28042,-0.01844,0.00342,0.00003,-0.00000
moon,2027-07-30,24,dec,27.03292,-0.25162,-0.12031,-0.00048,0.00009,0.00000
moon,2027-07-30,24,hp,60.18830,0.37963,-0.01078,-0.00048
moon,2027-07-31,24,gha,386.83329,172.29657,0.02182,0.00305,-0.00007,-0.00000
moon,2027-07-31,24,dec,25.56630,-1.21252,-0.11733,0.00098,0.00009,-0.00000
moon,2027-07-31,24,hp,60.84361,0.27115,-0.01619,-0.00040
moon,2027-08-01,24,gha,371.70062,172.59424,0.04993,0.00154,-0.00011,-0.00000
moon,2027-08-01,24,dec,22.25556,-2.08207,-0.09800,0.00215,0.00005,-0.00000
moon,2027-08-01,24,hp,61.24322,0.12534,-0.01992,-0.00021
moon,2027-08-02,24,gha,357.32709,173.03939,0.05858,-0.00004,-0.00008,0.00000
moon,2027-08-02,24,dec,17.39728,-2.75152,-0.06845,0.00267,0.00001,-0.00000
moon,2027-08-02,24,hp,61.32969,-0.03967,-0.02088,0.00005
moon,2027-08-03,24,gha,343.85906,173.48661,0.05148,-0.00104,-0.00004,0.00000
moon,2027-08-03,24,dec,11.44878,-3.17013,-0.03629,0.00262,-0.00002,-0.00000
moon,2027-08-03,24,hp,61.08837,-0.19986,-0.01874,0.00030
moon,2027-08-04,24,gha,331.19837,173.83986,0.03614,-0.00144,-0.00001,0.00000
moon,2027-08-04,24,dec,4.91408,-3.33996,-0.00679,0.00227,-0.00003,-0.00000
moon,2027-08-04,24,hp,60.55213,-0.33255,-0.01416,0.00045
moon,2027-08-05,24,gha,319.11144,174.05848,0.01850,-0.00145,0.00001,0.00000
moon,2027-08-05,24,dec,-1.73923,-3.29283,0.01781,0.00183,-0.00003,0.00000
moon,2027-08-05,24,hp,59.79178,-0.42297,-0.00838,0.00049
moon,2027-08-06,24,gha,307.32314,174.13958,0.00215,-0.00124,0.00002,0.00000
moon,2027-08-06,24,dec,-8.11753,-3.06912,0.03744,0.00145,-0.00002,0.00000
moon,2027-08-06,24,hp,58.89725,-0.46680,-0.00267,0.00044
moon,2027-08-07,24,gha,295.57649,174.10312,-0.01061,-0.00086,0.00003,0.00000
moon,2027-08-07,24,dec,-13.90494,-2.70535,0.05298,0.00115,-0.00002,0.00000
moon,2027-08-07,24,hp,57.95803,-0.46845,0.00208,0.00034
moon,2027-08-08,24,gha,283.67110,173.98540,-0.01790,-0.00033,0.00004,0.00000
moon,2027-08-08,24,dec,-18.85105,-2.23049,0.06531,0.00091,-0.00001,-0.00000
moon,2027-08-08,24,hp,57.04942,-0.43731,0.00550,0.00023
moon,2027-08-09,24,gha,271.49353,173.83684,-0.01813,0.00030,0.00004,-0.00000
moon,2027-08-09,24,dec,-22.75791,-1.66851,0.07474,0.00066,-0.00002,-0.00000
moon,2027-08-09,24,hp,56.22624,-0.38412,0.00761,0.00013
moon,2027-08-10,24,gha,259.04117,173.71691,-0.01081,0.00090,0.00003,-0.00000
moon,2027-08-10,24,dec,-25.47559,-1.04411,0.08081,0.00034,-0.00002,-0.00000
moon,2027-08-10,24,hp,55.52262,-0.31866,0.00861,0.00004
moon,2027-08-11,24,gha,246.42780,173.68074,0.00237,0.00124,0.00001,-0.00000
moon,2027-08-11,24,dec,-26.90881,-0.38756,0.08266,-0.00004,-0.00002,-0.00000
moon,2027-08-11,24,hp,54.95515,-0.24867,0.00879,-0.00001
moon,2027-08-12,24,gha,233.85618,173.76021,0.01741,0.00120,-0.00002,-0.00000
moon,2027-08-12,24,dec,-27.02892,0.26509,0.07982,-0.00043,-0.00002,0.00000
moon,2027-08-12,24,hp,54.52716,-0.17964,0.00841,-0.00005
moon,2027-08-13,24,gha,221.55727,173.95108,0.02961,0.00080,-0.00003,-0.00000
moon,2027-08-13,24,dec,-25.88046,0.87745,0.07272,-0.00074,-0.00002,0.00000
moon,2027-08-13,24,hp,54.23306,-0.11504,0.00771,-0.00007
moon,2027-08-14,24,gha,209.71994,174.21680,0.03585,0.00024,-0.00004,0.00000
moon,2027-08-14,24,dec,-23.57440,1.42020,0.06264,-0.00092,-0.00001,0.00000
moon,2027-08-14,24,hp,54.06211,-0.05658,0.00690,-0.00007
moon,2027-08-15,24,gha,198.44286,174.50582,0.03550,-0.00028,-0.00003,0.00000
moon,2027-08-15,24,dec,-20.26897,1.87558,0.05109,-0.00099,-0.00000,0.00000
moon,2027-08-15,24,hp,54.00163,-0.00454,0.00613,-0.00006
moon,2027-08-16,24,gha,187.72290,174.76938,0.02972,-0.00066,-0.00002,0.00000
moon,2027-08-16,24,dec,-16.14672,2.23678,0.03923,-0.00098,0.00000,0.00000
moon,2027-08-16,24,hp,54.03953,0.04194,0.00552,-0.00004
moon,2027-08-17,24,gha,177.47084,174.97058,0.02015,-0.00091,-0.00001,0.00000
moon,2027-08-17,24,dec,-11.39622,2.50407,0.02766,-0.00095,0.00000,-0.00000
moon,2027-08-17,24,hp,54.16630,0.08453,0.00516,-0.00002
moon,2027-08-18,24,gha,527.53627,175.08484,0.00813,-0.00108,-0.00001,0.00000
moon,2027-08-18,24,dec,-6.20248,2.68033,0.01645,-0.00093,0.00000,-0.00000
moon,2027-08-18,24,hp,54.37621,0.12530,0.00507,0.00000
moon,2027-08-19,24,gha,517.72863,175.09615,-0.00550,-0.00119,-0.00001,0.00000
moon,2027-08-19,24,dec,-0.74552,2.76733,0.00527,-0.00094,-0.00000,-0.00000
moon,2027-08-19,24,hp,54.66769,0.16629,0.00521,0.00002
moon,2027-08-20,24,gha,507.83060,174.99349,-0.02030,-0.00127,-0.00000,0.00000
moon,2027-08-20,24,dec,4.79461,2.76302,-0.00649,-0.00103,-0.00001,-0.00000
moon,2027-08-20,24,hp,55.04273,0.20897,0.00547,0.00002
moon,2027-08-21,24,gha,497.60657,174.76964,-0.03569,-0.00128,0.00000,0.00000
moon,2027-08-21,24,dec,10.22811,2.65951,-0.01966,-0.00118,-0.00001,-0.00000
moon,2027-08-21,24,hp,55.50524,0.25373,0.00570,0.00001
moon,2027-08-22,24,gha,486.81267,174.42416,-0.05043,-0.00114,0.00002,0.00000
moon,2027-08-22,24,dec,15.34239,2.44186,-0.03515,-0.00141,-0.00002,-0.00000
moon,2027-08-22,24,hp,56.05836,0.29936,0.00565,-0.00002
moon,2027-08-23,24,gha,475.21847,173.97215,-0.06178,-0.00069,0.00004,0.00000
moon,2027-08-23,24,dec,19.88849,2.08893,-0.05351,-0.00165,-0.00001,0.00000
moon,2027-08-23,24,hp,56.70087,0.34266,0.00507,-0.00008
moon,2027-08-24,24,gha,462.65184,173.45843,-0.06507,0.00022,0.00007,0.00000
moon,2027-08-24,24,dec,23.57353,1.57882,-0.07423,-0.00177,0.00000,0.00000
moon,2027-08-24,24,hp,57.42285,0.37814,0.00366,-0.00016
moon,2027-08-25,24,gha,449.07103,172.96912,-0.05503,0.00149,0.00008,-0.00000
moon,2027-08-25,24,dec,26.07136,0.90199,-0.09461,-0.00156,0.00003,0.00000
moon,2027-08-25,24,hp,58.20120,0.39814,0.00117,-0.00026
moon,2027-08-26,24,gha,434.64017,172.62084,-0.03012,0.00257,0.00005,-0.00000
moon,2027-08-26,24,dec,27.06635,0.08053,-0.10952,-0.00085,0.00006,0.00000
moon,2027-08-26,24,hp,58.99594,0.39357,-0.00248,-0.00035
moon,2027-08-27,24,gha,419.74415,172.51077,0.00291,0.00275,-0.00003,-0.00000
moon,2027-08-27,24,dec,26.33147,-0.81860,-0.11333,0.00025,0.00007,0.00000
moon,2027-08-27,24,hp,59.74905,0.35569,-0.00710,-0.00041
moon,2027-08-28,24,gha,404.88520,172.65405,0.03133,0.00186,-0.00008,-0.00000
moon,2027-08-28,24,dec,23.81100,-1.69364,-0.10347,0.00136,0.00006,-0.00000
moon,2027-08-28,24,hp,60.38788,0.27899,-0.01206,-0.00040
moon,2027-08-29,24,gha,390.49873,172.97142,0.04566,0.00053,-0.00008,0.00000
moon,2027-08-29,24,dec,19.65827,-2.44120,-0.08206,0.00214,0.00003,-0.00000
moon,2027-08-29,24,hp,60.83500,0.16454,-0.01636,-0.00030
moon,2027-08-30,24,gha,376.81253,173.34182,0.04504,-0.00056,-0.00005,0.00000
moon,2027-08-30,24,dec,14.20579,-2.98787,-0.05402,0.00247,0.00001,-0.00000
moon,2027-08-30,24,hp,61.02396,0.02235,-0.01885,-0.00010
moon,2027-08-31,24,gha,363.82675,173.66344,0.03434,-0.00115,-0.00002,0.00000
moon,2027-08-31,24,dec,7.89235,-3.30072,-0.02423,0.00245,-0.00001,-0.00000
moon,2027-08-31,24,hp,60.91669,-0.12950,-0.01871,0.00013
moon,2027-09-01,24,gha,351.38162,173.87878,0.01921,-0.00132,-0.00000,0.00000
moon,2027-09-01,24,dec,1.18782,-3.38035,0.00390,0.00221,-0.00002,-0.00000
moon,2027-09-01,24,hp,60.51552,-0.26931,-0.01589,0.00033
moon,2027-09-02,24,gha,339.24350,173.97032,0.00389,-0.00120,0.00001,0.00000
moon,2027-09-02,24,dec,-5.46140,-3.24837,0.02850,0.00188,-0.00002,-0.00000
moon,2027-09-02,24,hp,59.86402,-0.37820,-0.01113,0.00045
moon,2027-09-03,24,gha,327.17323,173.94894,-0.00865,-0.00086,0.00003,0.00000
moon,2027-09-03,24,dec,-11.66316,-2.93643,0.04885,0.00151,-0.00002,0.00000
moon,2027-09-03,24,hp,59.03612,-0.44505,-0.00556,0.00047
moon,2027-09-04,24,gha,314.97486,173.84650,-0.01606,-0.00035,0.00004,0.00000
moon,2027-09-04,24,dec,-17.09198,-2.47904,0.06487,0.00115,-0.00002,-0.00000
moon,2027-09-04,24,hp,58.11875,-0.46789,-0.00026,0.00041
moon,2027-09-05,24,gha,302.53353,173.71179,-0.01651,0.00028,0.00004,-0.00000
moon,2027-09-05,24,dec,-21.49167,-1.91095,0.07651,0.00078,-0.00002,-0.00000
moon,2027-09-05,24,hp,57.19533,-0.45191,0.00408,0.00031
moon,2027-09-06,24,gha,289.84333,173.60395,-0.00940,0.00088,0.00003,-0.00000
moon,2027-09-06,24,dec,-24.67661,-1.26818,0.08347,0.00037,-0.00003,-0.00000
moon,2027-09-06,24,hp,56.33474,-0.40610,0.00718,0.00021
moon,2027-09-07,24,gha,277.01465,173.57822,0.00358,0.00123,0.00001,-0.00000
moon,2027-09-07,24,dec,-26.53611,-0.58973,0.08538,-0.00006,-0.00003,0.00000
moon,2027-09-07,24,hp,55.58667,-0.34038,0.00908,0.00011
moon,2027-09-08,24,gha,264.24707,173.66661,0.01843,0.00118,-0.00002,-0.00000
moon,2027-09-08,24,dec,-27.03956,0.08367,0.08227,-0.00045,-0.00002,0.00000
moon,2027-09-08,24,hp,54.98185,-0.26371,0.00995,0.00004
moon,2027-09-09,24,gha,251.76858,173.86496,0.03046,0.00078,-0.00003,-0.00000
moon,2027-09-09,24,dec,-26.23499,0.71483,0.07501,-0.00074,-0.00001,0.00000
moon,2027-09-09,24,hp,54.53470,-0.18339,0.01003,-0.00002
moon,2027-09-10,24,gha,239.76544,174.13700,0.03658,0.00023,-0.00003,0.00000
moon,2027-09-10,24,dec,-24.23561,1.27624,0.06507,-0.00090,-0.00001,0.00000
moon,2027-09-10,24,hp,54.24682,-0.10492,0.00952,-0.00006
moon,2027-09-11,24,gha,228.33445,174.43167,0.03620,-0.00028,-0.00003,0.00000
moon,2027-09-11,24,dec,-21.19742,1.75268,0.05396,-0.00094,-0.00000,0.00000
moon,2027-09-11,24,hp,54.11041,-0.03224,0.00861,-0.00009
moon,2027-09-12,24,gha,217.47189,174.70099,0.03048,-0.00065,-0.00002,0.00000
moon,2027-09-12,24,dec,-17.29621,2.13910,0.04266,-0.00093,0.00000,0.00000
moon,2027-09-12,24,hp,54.11123,0.03210,0.00746,-0.00010
moon,2027-09-13,24,gha,207.08974,174.90904,0.02112,-0.00089,-0.00001,0.00000
moon,2027-09-13,24,dec,-12.71197,2.43589,0.03156,-0.00092,0.00000,-0.00000
moon,2027-09-13,24,hp,54.23115,0.08677,0.00621,-0.00010
moon,2027-09-14,24,gha,197.04093,175.03245,0.00948,-0.00104,-0.00001,0.00000
moon,2027-09-14,24,dec,-7.62260,2.64428,0.02052,-0.00093,-0.00000,-0.00000
moon,2027-09-14,24,hp,54.45050,0.13157,0.00500,-0.00010
moon,2027-09-15,24,gha,187.14105,175.05680,-0.00355,-0.00113,-0.00000,0.00000
moon,2027-09-15,24,dec,-2.20558,2.76325,0.00913,-0.00098,-0.00000,-0.00000
moon,2027-09-15,24,hp,54.75023,0.16729,0.00396,-0.00008
moon,2027-09-16,24,gha,177.18261,174.97318,-0.01744,-0.00118,-0.00000,0.00000
moon,2027-09-16,24,dec,3.35569,2.78778,-0.00317,-0.00108,-0.00001,-0.00000
moon,2027-09-16,24,hp,55.11379,0.19560,0.00316,-0.00005
moon,2027-09-17,24,gha,526.94455,174.77697,-0.03158,-0.00116,0.00000,0.00000
moon,2027-09-17,24,dec,8.86315,2.70818,-0.01699,-0.00123,-0.00001,-0.00000
moon,2027-09-17,24,hp,55.52847,0.21864,0.00264,-0.00003
moon,2027-09-18,24,gha,516.20293,174.47039,-0.04479,-0.00101,0.00002,0.00000
moon,2027-09-18,24,dec,14.09480,2.51029,-0.03280,-0.00141,-0.00001,0.00000
moon,2027-09-18,24,hp,55.98589,0.23855,0.00236,-0.00002
moon,2027-09-19,24,gha,504.75119,174.06960,-0.05469,-0.00059,0.00004,0.00000
moon,2027-09-19,24,dec,18.79726,2.17721,-0.05075,-0.00157,-0.00001,0.00000
moon,2027-09-19,24,hp,56.48136,0.25679,0.00220,-0.00001
moon,2027-09-20,24,gha,492.43864,173.61547,-0.05749,0.00018,0.00006,0.00000
moon,2027-09-20,24,dec,22.68492,1.69435,-0.07004,-0.00161,0.00000,0.00000
moon,2027-09-20,24,hp,57.01189,0.27355,0.00196,-0.00003
moon,2027-09-21,24,gha,479.22875,173.18159,-0.04913,0.00123,0.00007,-0.00000
moon,2027-09-21,24,dec,25.45380,1.05923,-0.08835,-0.00139,0.00003,0.00000
moon,2027-09-21,24,hp,57.57307,0.28715,0.00138,-0.00007
moon,2027-09-22,24,gha,465.25779,172.86471,-0.02848,0.00214,0.00004,-0.00000
moon,2027-09-22,24,dec,26.81877,0.29451,-0.10180,-0.00080,0.00005,0.00000
moon,2027-09-22,24,hp,58.15509,0.29389,0.00020,-0.00013
moon,2027-09-23,24,gha,450.84587,172.74664,-0.00066,0.00235,-0.00002,-0.00000
moon,2027-09-23,24,dec,26.57295,-0.54412,-0.10634,0.00007,0.00006,0.00000
moon,2027-09-23,24,hp,58.73882,0.28821,-0.00175,-0.00020
moon,2027-09-24,24,gha,436.41754,172.84593,0.02433,0.00170,-0.00006,-0.00000
moon,2027-09-24,24,dec,24.64755,-1.37607,-0.10010,0.00095,0.00005,-0.00000
moon,2027-09-24,24,hp,59.29299,0.26367,-0.00450,-0.00026
moon,2027-09-25,24,gha,422.35580,173.10393,0.03824,0.00060,-0.00007,0.00000
moon,2027-09-25,24,dec,21.13964,-2.11875,-0.08441,0.00162,0.00003,-0.00000
moon,2027-09-25,24,hp,59.77400,0.21457,-0.00783,-0.00029
moon,2027-09-26,24,gha,408.87959,173.42062,0.03920,-0.00039,-0.00005,0.00000
moon,2027-09-26,24,dec,16.29365,-2.70894,-0.06248,0.00200,0.00002,-0.00000
moon,2027-09-26,24,hp,60.12968,0.13830,-0.01119,-0.00026
moon,2027-09-27,24,gha,396.01105,173.70351,0.03045,-0.00101,-0.00003,0.00000
moon,2027-09-27,24,dec,10.45420,-3.10961,-0.03742,0.00215,0.00000,-0.00000
moon,2027-09-27,24,hp,60.30771,0.03753,-0.01383,-0.00017
moon,2027-09-28,24,gha,383.61954,173.89341,0.01660,-0.00125,-0.00001,0.00000
moon,2027-09-28,24,dec,4.01774,-3.30521,-0.01147,0.00215,-0.00000,-0.00000
moon,2027-09-28,24,hp,60.26749,-0.07870,-0.01496,-0.00002
moon,2027-09-29,24,gha,371.49143,173.96595,0.00161,-0.00121,0.00001,0.00000
moon,2027-09-29,24,dec,-2.60360,-3.29503,0.01383,0.00205,-0.00001,-0.00000
moon,2027-09-29,24,hp,59.99187,-0.19623,-0.01412,0.00015
moon,2027-09-30,24,gha,359.39294,173.92467,-0.01144,-0.00093,0.00002,0.00000
moon,2027-09-30,24,dec,-9.00740,-3.08923,0.03726,0.00184,-0.00002,-0.00000
moon,2027-09-30,24,hp,59.49408,-0.29926,-0.01138,0.00030
moon,2027-10-01,24,gha,347.12088,173.79629,-0.01978,-0.00043,0.00004,0.00000
moon,2027-10-01,24,dec,-14.82102,-2.70737,0.05768,0.00154,-0.00002,-0.00000
moon,2027-10-01,24,hp,58.81686,-0.37456,-0.00730,0.00037
moon,2027-10-02,24,gha,334.54675,173.62859,-0.02095,0.00025,0.00005,0.00000
moon,2027-10-02,24,dec,-19.72028,-2.17839,0.07386,0.00114,-0.00003,-0.00000
moon,2027-10-02,24,hp,58.02384,-0.41462,-0.00270,0.00038
moon,2027-10-03,24,gha,321.65452,173.48528,-0.01365,0.00095,0.00004,-0.00000
moon,2027-10-03,24,dec,-23.44878,-1.54118,0.08456,0.00063,-0.00003,-0.00000
moon,2027-10-03,24,hp,57.18720,-0.41836,0.00168,0.00034
moon,2027-10-04,24,gha,308.55845,173.43074,0.00081,0.00140,0.00002,-0.00000
moon,2027-10-04,24,dec,-25.83740,-0.84391,0.08878,0.00007,-0.00003,0.00000
moon,2027-10-04,24,hp,56.37601,-0.38979,0.00533,0.00027
moon,2027-10-05,24,gha,295.48090,173.50611,0.01802,0.00139,-0.00002,-0.00000
moon,2027-10-05,24,dec,-26.81866,-0.13929,0.08648,-0.00044,-0.00003,0.00000
moon,2027-10-05,24,hp,55.64819,-0.33579,0.00802,0.00018
moon,2027-10-06,24,gha,282.68581,173.71079,0.03237,0.00095,-0.00004,-0.00000
moon,2027-10-06,24,dec,-26.42694,0.52467,0.07889,-0.00080,-0.00002,0.00000
moon,2027-10-06,24,hp,55.04681,-0.26415,0.00975,0.00011
moon,2027-10-07,24,gha,270.39485,174.00459,0.03996,0.00031,-0.00004,0.00000
moon,2027-10-07,24,dec,-24.77927,1.11406,0.06818,-0.00096,-0.00000,0.00000
moon,2027-10-07,24,hp,54.59966,-0.18229,0.01060,0.00004
moon,2027-10-08,24,gha,258.72799,174.32858,0.04001,-0.00028,-0.00003,0.00000
moon,2027-10-08,24,dec,-22.04273,1.61270,0.05646,-0.00097,0.00000,0.00000
moon,2027-10-08,24,hp,54.32060,-0.09668,0.01071,-0.00002
moon,2027-10-09,24,gha,247.68909,174.62748,0.03398,-0.00070,-0.00002,0.00000
moon,2027-10-09,24,dec,-18.40206,2.01849,0.04509,-0.00092,0.00000,-0.00000
moon,2027-10-09,24,hp,54.21157,-0.01277,0.01019,-0.00007
moon,2027-10-10,24,gha,237.18597,174.86104,0.02396,-0.00095,-0.00001,0.00000
moon,2027-10-10,24,dec,-14.03843,2.33627,0.03445,-0.00086,0.00000,-0.00000
moon,2027-10-10,24,hp,54.26456,0.06490,0.00916,-0.00010
moon,2027-10-11,24,gha,227.06162,175.00430,0.01160,-0.00110,-0.00001,0.00000
moon,2027-10-11,24,dec,-9.12265,2.57101,0.02425,-0.00085,-0.00000,-0.00000
moon,2027-10-11,24,hp,54.46327,0.13259,0.00771,-0.00014
moon,2027-10-12,24,gha,217.12031,175.04298,-0.00208,-0.00118,-0.00000,0.00000
moon,2027-10-12,24,dec,-3.81948,2.72342,0.01375,-0.00091,-0.00001,-0.00000
moon,2027-10-12,24,hp,54.78469,0.18735,0.00594,-0.00016
moon,2027-10-13,24,gha,207.14421,174.96890,-0.01651,-0.00122,-0.00000,0.00000
moon,2027-10-13,24,dec,1.70131,2.78765,0.00207,-0.00105,-0.00001,-0.00000
moon,2027-10-13,24,hp,55.20086,0.22720,0.00400,-0.00016
moon,2027-10-14,24,gha,196.90363,174.77836,-0.03108,-0.00119,0.00000,0.00000
moon,2027-10-14,24,dec,7.25122,2.75085,-0.01163,-0.00125,-0.00001,-0.00000
moon,2027-10-14,24,hp,55.68106,0.25137,0.00205,-0.00016
moon,2027-10-15,24,gha,186.16776,174.47448,-0.04460,-0.00103,0.00002,0.00000
moon,2027-10-15,24,dec,12.60978,2.59409,-0.02797,-0.00148,-0.00001,0.00000
moon,2027-10-15,24,hp,56.19445,0.26054,0.00028,-0.00014
moon,2027-10-16,24,gha,174.72514,174.07450,-0.05464,-0.00059,0.00004,0.00000
moon,2027-10-16,24,dec,17.51543,2.29571,-0.04697,-0.00167,-0.00001,0.00000
moon,2027-10-16,24,hp,56.71301,0.25684,-0.00114,-0.00010
moon,2027-10-17,24,gha,522.42302,173.62113,-0.05730,0.00021,0.00006,0.00000
moon,2027-10-17,24,dec,21.66635,1.83808,-0.06750,-0.00171,0.00001,0.00000
moon,2027-10-17,24,hp,57.21420,0.24354,-0.00211,-0.00006
moon,2027-10-18,24,gha,509.22745,173.19072,-0.04839,0.00129,0.00007,-0.00000
moon,2027-10-18,24,dec,24.73967,1.21916,-0.08675,-0.00144,0.00003,0.00000
moon,2027-10-18,24,hp,57.68246,0.22429,-0.00264,-0.00003
moon,2027-10-19,24,gha,495.28335,172.88318,-0.02685,0.00222,0.00004,-0.00000
moon,2027-10-19,24,dec,26.43608,0.46581,-0.10044,-0.00079,0.00005,0.00000
moon,2027-10-19,24,hp,58.10911,0.20217,-0.00286,-0.00001
moon,2027-10-20,24,gha,480.92441,172.78190,0.00187,0.00242,-0.00002,-0.00000
moon,2027-10-20,24,dec,26.54474,-0.36061,-0.10458,0.00011,0.00006,-0.00000
moon,2027-10-20,24,hp,58.49019,0.17880,-0.00299,-0.00002
moon,2027-10-21,24,gha,466.58880,172.90383,0.02738,0.00172,-0.00006,-0.00000
moon,2027-10-21,24,dec,25.00190,-1.17669,-0.09796,0.00096,0.00005,-0.00000
moon,2027-10-21,24,hp,58.82304,0.15378,-0.00331,-0.00004
moon,2027-10-22,24,gha,452.66762,173.18661,0.04131,0.00058,-0.00007,0.00000
moon,2027-10-22,24,dec,21.90893,-1.90362,-0.08280,0.00151,0.00002,-0.00000
moon,2027-10-22,24,hp,59.10222,0.12482,-0.00400,-0.00008
moon,2027-10-23,24,gha,439.38058,173.52687,0.04198,-0.00042,-0.00005,0.00000
moon,2027-10-23,24,dec,17.50060,-2.48807,-0.06287,0.00177,0.00001,-0.00000
moon,2027-10-23,24,hp,59.31645,0.08845,-0.00515,-0.00011
moon,2027-10-24,24,gha,426.74538,173.83020,0.03275,-0.00105,-0.00003,0.00000
moon,2027-10-24,24,dec,12.08976,-2.90465,-0.04116,0.00184,0.00000,-0.00000
moon,2027-10-24,24,hp,59.44757,0.04143,-0.00663,-0.00013
moon,2027-10-25,24,gha,414.62364,174.03591,0.01820,-0.00132,-0.00001,0.00000
moon,2027-10-25,24,dec,6.02106,-3.14566,-0.01909,0.00184,-0.00000,-0.00000
moon,2027-10-25,24,hp,59.47253,-0.01772,-0.00813,-0.00011
moon,2027-10-26,24,gha,402.79002,174.11698,0.00205,-0.00133,0.00001,0.00000
moon,2027-10-26,24,dec,-0.35322,-3.21027,0.00292,0.00183,-0.00000,-0.00000
moon,2027-10-26,24,hp,59.36832,-0.08738,-0.00919,-0.00006
moon,2027-10-27,24,gha,390.99168,174.07222,-0.01287,-0.00112,0.00002,0.00000
moon,2027-10-27,24,dec,-6.68112,-3.09945,0.02473,0.00180,-0.00000,-0.00000
moon,2027-10-27,24,hp,59.11884,-0.16226,-0.00938,0.00003
moon,2027-10-28,24,gha,378.99507,173.92193,-0.02393,-0.00068,0.00004,0.00000
moon,2027-10-28,24,dec,-12.61480,-2.81666,0.04579,0.00170,-0.00001,-0.00000
moon,2027-10-28,24,hp,58.72161,-0.23418,-0.00843,0.00013
moon,2027-10-29,24,gha,366.62914,173.70853,-0.02823,-0.00000,0.00005,0.00000
moon,2027-10-29,24,dec,-17.81973,-2.37236,0.06486,0.00146,-0.00002,-0.00000
moon,2027-10-29,24,hp,58.19175,-0.29395,-0.00636,0.00021
moon,2027-10-30,24,gha,353.83007,173.49649,-0.02333,0.00082,0.00005,-0.00000
moon,2027-10-30,24,dec,-21.99482,-1.79014,0.07994,0.00103,-0.00003,-0.00000
moon,2027-10-30,24,hp,57.56181,-0.33357,-0.00345,0.00027
moon,2027-10-31,24,gha,340.67672,173.36209,-0.00905,0.00151,0.00003,-0.00000
moon,2027-10-31,24,dec,-24.90341,-1.11108,0.08877,0.00042,-0.00004,-0.00000
moon,2027-10-31,24,hp,56.87745,-0.34803,-0.00014,0.00028
moon,2027-11-01,24,gha,327.39004,173.36790,0.01088,0.00172,-0.00001,-0.00000
moon,2027-11-01,24,dec,-26.40723,-0.39178,0.08991,-0.00023,-0.00004,0.00000
moon,2027-11-01,24,hp,56.19072,-0.33598,0.00312,0.00026
moon,2027-11-02,24,gha,314.27542,173.53333,0.02983,0.00135,-0.00004,-0.00000
moon,2027-11-02,24,dec,-26.48707,0.30684,0.08382,-0.00075,-0.00003,0.00000
moon,2027-11-02,24,hp,55.55309,-0.29926,0.00599,0.00022
moon,2027-11-03,24,gha,301.62399,173.82532,0.04190,0.00063,-0.00005,0.00000
moon,2027-11-03,24,dec,-25.23563,0.93541,0.07283,-0.00104,-0.00001,0.00000
moon,2027-11-03,24,hp,55.01004,-0.24190,0.00826,0.00016
moon,2027-11-04,24,gha,289.62458,174.17778,0.04492,-0.00011,-0.00004,0.00000
moon,2027-11-04,24,dec,-22.82276,1.46667,0.05990,-0.00109,0.00000,0.00000
moon,2027-11-04,24,hp,54.59778,-0.16903,0.00986,0.00010
moon,2027-11-05,24,gha,278.32825,174.52189,0.04015,-0.00065,-0.00003,0.00000
moon,2027-11-05,24,dec,-19.45066,1.89493,0.04732,-0.00100,0.00001,0.00000
moon,2027-11-05,24,hp,54.34184,-0.08614,0.01077,0.00005
moon,2027-11-06,24,gha,267.66386,174.80536,0.03014,-0.00098,-0.00002,0.00000
moon,2027-11-06,24,dec,-15.31866,2.22771,0.03609,-0.00088,0.00001,-0.00000
moon,2027-11-06,24,hp,54.25686,0.00137,0.01101,-0.00001
moon,2027-11-07,24,gha,257.47582,174.99576,0.01714,-0.00117,-0.00001,0.00000
moon,2027-11-07,24,dec,-10.60662,2.47604,0.02614,-0.00079,0.00000,-0.00000
moon,2027-11-07,24,hp,54.34679,0.08822,0.01061,-0.00006
moon,2027-11-08,24,gha,247.55881,175.07502,0.00250,-0.00127,-0.00000,0.00000
moon,2027-11-08,24,dec,-5.47530,2.64742,0.01670,-0.00079,-0.00000,-0.00000
moon,2027-11-08,24,hp,54.60511,0.16922,0.00955,-0.00012
moon,2027-11-09,24,gha,237.67984,175.03300,-0.01311,-0.00133,-0.00000,0.00000
moon,2027-11-09,24,dec,-0.07792,2.74160,0.00666,-0.00090,-0.00001,-0.00000
moon,2027-11-09,24,hp,55.01488,0.23914,0.00784,-0.00017
moon,2027-11-10,24,gha,227.59003,174.86377,-0.02922,-0.00134,0.00000,0.00000
moon,2027-11-10,24,dec,5.42226,2.74864,-0.00527,-0.00111,-0.00002,-0.00000
moon,2027-11-10,24,hp,55.54886,0.29290,0.00552,-0.00022
moon,2027-11-11,24,gha,217.03351,174.56664,-0.04488,-0.00124,0.00001,0.00000
moon,2027-11-11,24,dec,10.83192,2.64852,-0.02028,-0.00141,-0.00002,-0.00000
moon,2027-11-11,24,hp,56.17006,0.32595,0.00268,-0.00025
moon,2027-11-12,24,gha,205.76400,174.15297,-0.05790,-0.00087,0.00003,0.00000
moon,2027-11-12,24,dec,15.90939,2.41328,-0.03908,-0.00172,-0.00002,0.00000
moon,2027-11-12,24,hp,56.83365,0.33504,-0.00043,-0.00026
moon,2027-11-13,24,gha,193.58167,173.65948,-0.06409,-0.00008,0.00006,0.00000
moon,2027-11-13,24,dec,20.35486,2.01379,-0.06113,-0.00192,-0.00000,0.00000
moon,2027-11-13,24,hp,57.49046,0.31921,-0.00349,-0.00024
moon,2027-11-14,24,gha,180.39866,173.16258,-0.05797,0.00115,0.00008,0.00000
moon,2027-11-14,24,dec,23.82099,1.43351,-0.08369,-0.00177,0.00002,0.00000
moon,2027-11-14,24,hp,58.09239,0.28056,-0.00608,-0.00018
moon,2027-11-15,24,gha,526.31975,172.77659,-0.03631,0.00240,0.00006,-0.00000
moon,2027-11-15,24,dec,25.95752,0.68812,-0.10152,-0.00112,0.00006,0.00000
moon,2027-11-15,24,hp,58.59880,0.22440,-0.00782,-0.00010
moon,2027-11-16,24,gha,511.68285,172.61400,-0.00345,0.00290,-0.00001,-0.00000
moon,2027-11-16,24,dec,26.49108,-0.16067,-0.10881,-0.00006,0.00007,0.00000
moon,2027-11-16,24,hp,58.98219,0.15841,-0.00852,-0.00001
moon,2027-11-17,24,gha,496.98872,172.71857,0.02845,0.00225,-0.00007,-0.00000
moon,2027-11-17,24,dec,25.31042,-1.01504,-0.10291,0.00101,0.00006,-0.00000
moon,2027-11-17,24,hp,59.23125,0.09089,-0.00823,0.00006
moon,2027-11-18,24,gha,482.72402,173.03285,0.04778,0.00093,-0.00009,0.00000
moon,2027-11-18,24,dec,22.50495,-1.77652,-0.08627,0.00169,0.00003,-0.00000
moon,2027-11-18,24,hp,59.35002,0.02872,-0.00724,0.00010
moon,2027-11-19,24,gha,469.19134,173.43724,0.05114,-0.00031,-0.00006,0.00000
moon,2027-11-19,24,dec,18.32988,-2.38015,-0.06425,0.00192,0.00000,-0.00000
moon,2027-11-19,24,hp,59.35353,-0.02414,-0.00596,0.00011
moon,2027-11-20,24,gha,456.45247,173.81648,0.04231,-0.00108,-0.00003,0.00000
moon,2027-11-20,24,dec,13.12833,-2.80236,-0.04141,0.00186,-0.00001,-0.00000
moon,2027-11-20,24,hp,59.26137,-0.06705,-0.00480,0.00008
moon,2027-11-21,24,gha,444.37756,174.09575,0.02691,-0.00143,-0.00001,0.00000
moon,2027-11-21,24,dec,7.26133,-3.04675,-0.01994,0.00172,-0.00001,0.00000
moon,2027-11-21,24,hp,59.09158,-0.10208,-0.00402,0.00005
moon,2027-11-22,24,gha,432.72893,174.24091,0.00929,-0.00148,0.00000,0.00000
moon,2027-11-22,24,dec,1.07206,-3.12596,-0.00006,0.00161,-0.00001,0.00000
moon,2027-11-22,24,hp,58.85663,-0.13258,-0.00367,0.00001
moon,2027-11-23,24,gha,421.23024,174.24622,-0.00770,-0.00133,0.00002,0.00000
moon,2027-11-23,24,dec,-5.12013,-3.05048,0.01884,0.00155,-0.00000,0.00000
moon,2027-11-23,24,hp,58.56237,-0.16165,-0.00363,-0.00000
moon,2027-11-24,24,gha,409.61413,174.12592,-0.02177,-0.00098,0.00003,0.00000
moon,2027-11-24,24,dec,-11.01159,-2.82555,0.03735,0.00153,-0.00000,-0.00000
moon,2027-11-24,24,hp,58.20984,-0.19091,-0.00367,0.00000
moon,2027-11-25,24,gha,397.66068,173.91350,-0.03032,-0.00040,0.00004,0.00000
moon,2027-11-25,24,dec,-16.30647,-2.45434,0.05532,0.00145,-0.00001,-0.00000
moon,2027-11-25,24,hp,57.79900,-0.21979,-0.00350,0.00003
moon,2027-11-26,24,gha,385.23908,173.66478,-0.03044,0.00041,0.00006,0.00000
moon,2027-11-26,24,dec,-20.71966,-1.94531,0.07153,0.00122,-0.00002,-0.00000
moon,2027-11-26,24,hp,57.33308,-0.24562,-0.00288,0.00007
moon,2027-11-27,24,gha,372.35109,173.45567,-0.02033,0.00126,0.00005,-0.00000
moon,2027-11-27,24,dec,-23.99646,-1.32136,0.08367,0.00077,-0.00004,-0.00000
moon,2027-11-27,24,hp,56.82213,-0.26436,-0.00172,0.00012
moon,2027-11-28,24,gha,359.15546,173.36442,-0.00153,0.00180,0.00002,-0.00000
moon,2027-11-28,24,dec,-25.94793,-0.62549,0.08919,0.00014,-0.00004,-0.00000
moon,2027-11-28,24,hp,56.28468,-0.27170,-0.00005,0.00016
moon,2027-11-29,24,gha,345.94133,173.43962,0.02020,0.00172,-0.00002,-0.00000
moon,2027-11-29,24,dec,-26.48825,0.08322,0.08686,-0.00051,-0.00004,0.00000
moon,2027-11-29,24,hp,55.74719,-0.26410,0.00198,0.00018
moon,2027-11-30,24,gha,333.04150,173.67505,0.03756,0.00111,-0.00005,-0.00000
moon,2027-11-30,24,dec,-25.65256,0.74485,0.07775,-0.00097,-0.00002,0.00000
moon,2027-11-30,24,hp,55.24173,-0.23955,0.00416,0.00018
moon,2027-12-01,24,gha,320.72433,174.01476,0.04593,0.00029,-0.00005,0.00000
moon,2027-12-01,24,dec,-23.58076,1.31607,0.06473,-0.00116,-0.00000,0.00000
moon,2027-12-01,24,hp,54.80263,-0.19780,0.00626,0.00017
moon,2027-12-02,24,gha,309.12320,174.38330,0.04499,-0.00041,-0.00004,0.00000
moon,2027-12-02,24,dec,-20.47493,1.77818,0.05085,-0.00113,0.00001,0.00000
moon,2027-12-02,24,hp,54.46313,-0.14016,0.00810,0.00014
moon,2027-12-03,24,gha,298.22795,174.71485,0.03710,-0.00087,-0.00002,0.00000
moon,2027-12-03,24,dec,-16.55311,2.13301,0.03810,-0.00099,0.00001,0.00000
moon,2027-12-03,24,hp,54.25254,-0.06921,0.00957,0.00010
moon,2027-12-04,24,gha,287.91786,174.96493,0.02497,-0.00113,-0.00001,0.00000
moon,2027-12-04,24,dec,-12.01805,2.39291,0.02713,-0.00084,0.00001,-0.00000
moon,2027-12-04,24,hp,54.19412,0.01161,0.01056,0.00006
moon,2027-12-05,24,gha,278.00267,175.10782,0.01050,-0.00127,-0.00001,0.00000
moon,2027-12-05,24,dec,-7.04603,2.57118,0.01759,-0.00076,0.00000,-0.00000
moon,2027-12-05,24,hp,54.30348,0.09811,0.01098,0.00001
moon,2027-12-06,24,gha,268.25275,175.12904,-0.00536,-0.00137,-0.00001,0.00000
moon,2027-12-06,24,dec,-1.79155,2.67577,0.00854,-0.00077,-0.00000,-0.00000
moon,2027-12-06,24,hp,54.58722,0.18543,0.01075,-0.00005
moon,2027-12-07,24,gha,258.41513,175.01931,-0.02219,-0.00143,-0.00000,0.00000
moon,2027-12-07,24,dec,3.59794,2.70551,-0.00133,-0.00090,-0.00001,-0.00000
moon,2027-12-07,24,hp,55.04137,0.26787,0.00974,-0.00012
moon,2027-12-08,24,gha,248.22142,174.77254,-0.03951,-0.00144,0.00000,0.00000
moon,2027-12-08,24,dec,8.96154,2.64796,-0.01351,-0.00115,-0.00002,-0.00000
moon,2027-12-08,24,hp,55.64961,0.33880,0.00785,-0.00020
moon,2027-12-09,24,gha,237.39726,174.38959,-0.05592,-0.00126,0.00002,0.00000
moon,2027-12-09,24,dec,14.10153,2.47878,-0.02942,-0.00151,-0.00002,-0.00000
moon,2027-12-09,24,hp,56.38157,0.39078,0.00500,-0.00028
moon,2027-12-10,24,gha,225.68658,173.88952,-0.06812,-0.00070,0.00005,0.00000
moon,2027-12-10,24,dec,18.76175,2.16443,-0.04982,-0.00188,-0.00002,0.00000
moon,2027-12-10,24,hp,57.19173,0.41624,0.00124,-0.00035
moon,2027-12-11,24,gha,212.90594,173.32796,-0.07030,0.00043,0.00009,0.00000
moon,2027-12-11,24,dec,22.61776,1.67168,-0.07366,-0.00204,0.00000,0.00000
moon,2027-12-11,24,hp,58.02041,0.40877,-0.00317,-0.00038
moon,2027-12-12,24,gha,199.03359,172.81150,-0.05611,0.00196,0.00010,-0.00000
moon,2027-12-12,24,dec,25.29661,0.98789,-0.09671,-0.00170,0.00004,0.00000
moon,2027-12-12,24,hp,58.79817,0.36521,-0.00768,-0.00036
moon,2027-12-13,24,gha,184.29893,172.48016,-0.02463,0.00315,0.00004,-0.00000
moon,2027-12-13,24,dec,26.44407,0.14692,-0.11182,-0.00072,0.00008,0.00000
moon,2027-12-13,24,hp,59.45428,0.28768,-0.01154,-0.00027
moon,2027-12-14,24,gha,529.18541,172.43882,0.01420,0.00310,-0.00005,-0.00000
moon,2027-12-14,24,dec,25.83162,-0.76001,-0.11257,0.00061,0.00008,-0.00000
moon,2027-12-14,24,hp,59.92855,0.18456,-0.01398,-0.00013
moon,2027-12-15,24,gha,514.28161,172.68274,0.04455,0.00183,-0.00010,-0.00000
moon,2027-12-15,24,dec,23.44869,-1.61092,-0.09822,0.00171,0.00005,-0.00000
moon,2027-12-15,24,hp,60.18302,0.06947,-0.01450,0.00004
moon,2027-12-16,24,gha,500.05399,173.10001,0.05702,0.00027,-0.00009,0.00000
moon,2027-12-16,24,dec,19.51388,-2.30372,-0.07409,0.00222,0.00001,-0.00000
moon,2027-12-16,24,hp,60.20923,-0.04212,-0.01315,0.00018
moon,2027-12-17,24,gha,486.70534,173.54793,0.05300,-0.00085,-0.00005,0.00000
moon,2027-12-17,24,dec,14.39914,-2.78850,-0.04712,0.00222,-0.00001,-0.00000
moon,2027-12-17,24,hp,60.02783,-0.13702,-0.01043,0.00026
moon,2027-12-18,24,gha,474.18481,173.91985,0.03903,-0.00140,-0.00002,0.00000
moon,2027-12-18,24,dec,8.52679,-3.06285,-0.02192,0.00196,-0.00002,-0.00000
moon,2027-12-18,24,hp,59.68065,-0.20741,-0.00714,0.00028
moon,2027-12-19,24,gha,462.28090,174.16125,0.02107,-0.00155,-0.00000,0.00000
moon,2027-12-19,24,dec,2.29692,-3.14883,-0.00007,0.00168,-0.00002,0.00000
moon,2027-12-19,24,hp,59.21890,-0.25172,-0.00400,0.00024
moon,2027-12-20,24,gha,450.71387,174.25656,0.00292,-0.00145,0.00001,0.00000
moon,2027-12-20,24,dec,-3.94017,-3.07257,0.01877,0.00147,-0.00001,0.00000
moon,2027-12-20,24,hp,58.69184,-0.27326,-0.00150,0.00017
moon,2027-12-21,24,gha,439.19804,174.21432,-0.01300,-0.00118,0.00002,0.00000
moon,2027-12-21,24,dec,-9.88077,-2.85397,0.03567,0.00135,-0.00001,0.00000
moon,2027-12-21,24,hp,58.13915,-0.27803,0.00018,0.00011
moon,2027-12-22,24,gha,427.48299,174.06104,-0.02449,-0.00070,0.00004,0.00000
moon,2027-12-22,24,dec,-15.25299,-2.50514,0.05140,0.00127,-0.00001,-0.00000
moon,2027-12-22,24,hp,57.58788,-0.27246,0.00111,0.00005
moon,2027-12-23,24,gha,415.39003,173.84222,-0.02901,-0.00002,0.00005,0.00000
moon,2027-12-23,24,dec,-19.80521,-2.03499,0.06590,0.00113,-0.00001,-0.00000
moon,2027-12-23,24,hp,57.05333,-0.26178,0.00150,0.00002
moon,2027-12-24,24,gha,402.85151,173.62317,-0.02431,0.00080,0.00005,-0.00000
moon,2027-12-24,24,dec,-23.30789,-1.45764,0.07793,0.00084,-0.00002,-0.00000
moon,2027-12-24,24,hp,56.54222,-0.24923,0.00162,0.00001
moon,2027-12-25,24,gha,389.94301,173.48006,-0.01025,0.00149,0.00003,-0.00000
moon,2027-12-25,24,dec,-25.57284,-0.80110,0.08536,0.00037,-0.00003,-0.00000
moon,2027-12-25,24,hp,56.05702,-0.23588,0.00174,0.00002
moon,2027-12-26,24,gha,376.88220,173.47571,0.00957,0.00172,-0.00000,-0.00000
moon,2027-12-26,24,dec,-26.48511,-0.11041,0.08627,-0.00022,-0.00004,0.00000
moon,2027-12-26,24,hp,55.60000,-0.22087,0.00205,0.00004
moon,2027-12-27,24,gha,363.97300,173.63105,0.02866,0.00138,-0.00004,-0.00000
moon,2027-12-27,24,dec,-26.03090,0.55964,0.08031,-0.00075,-0.00003,0.00000
moon,2027-12-27,24,hp,55.17648,-0.20212,0.00268,0.00007
moon,2027-12-28,24,gha,351.50887,173.91524,0.04114,0.00067,-0.00005,-0.00000
moon,2027-12-28,24,dec,-24.30225,1.15967,0.06913,-0.00108,-0.00001,0.00000
moon,2027-12-28,24,hp,54.79657,-0.17699,0.00364,0.00009
moon,2027-12-29,24,gha,339.68496,174.26382,0.04471,-0.00006,-0.00004,0.00000
moon,2027-12-29,24,dec,-21.47254,1.65862,0.05545,-0.00117,0.00000,0.00000
moon,2027-12-29,24,hp,54.47551,-0.14305,0.00487,0.00011
moon,2027-12-30,24,gha,328.56074,174.60841,0.04047,-0.00061,-0.00003,0.00000
moon,2027-12-30,24,dec,-17.75565,2.04681,0.04172,-0.00110,0.00001,0.00000
moon,2027-12-30,24,hp,54.23274,-0.09857,0.00626,0.00012
moon,2027-12-31,24,gha,318.07331,174.89615,0.03087,-0.00096,-0.00002,0.00000
moon,2027-12-31,24,dec,-13.36850,2.33001,0.02932,-0.00096,0.00001,-0.00000
moon,2027-12-31,24,hp,54.09014,-0.04286,0.00766,0.00011
moon,2028-01-01,24,gha,308.07359,175.09350,0.01813,-0.00115,-0.00001,0.00000
moon,2028-01-01,24,dec,-8.50885,2.52069,0.01857,-0.00083,0.00001,-0.00000
moon,2028-01-01,24,hp,54.06985,0.02362,0.00893,0.00010
moon,2028-01-02,24,gha,298.36026,175.18101,0.00354,-0.00127,-0.00001,0.00000
moon,2028-01-02,24,dec,-3.34958,2.63064,0.00903,-0.00077,0.00000,-0.00000
moon,2028-01-02,24,hp,54.19187,0.09922,0.00992,0.00007
moon,2028-01-03,24,gha,288.70115,175.14668,-0.01229,-0.00136,-0.00001,0.00000
moon,2028-01-03,24,dec,1.95482,2.66605,-0.00022,-0.00079,-0.00000,-0.00000
moon,2028-01-03,24,hp,54.47168,0.18105,0.01046,0.00002
moon,2028-01-04,24,gha,278.84356,174.98176,-0.02905,-0.00142,-0.00000,0.00000
moon,2028-01-04,24,dec,7.25369,2.62431,-0.01045,-0.00093,-0.00001,-0.00000
moon,2028-01-04,24,hp,54.91764,0.26485,0.01038,-0.00004
moon,2028-01-05,24,gha,268.52047,174.68092,-0.04611,-0.00139,0.00001,0.00000
moon,2028-01-05,24,dec,12.38047,2.49195,-0.02309,-0.00119,-0.00002,-0.00000
moon,2028-01-05,24,hp,55.52803,0.34478,0.00946,-0.00012
moon,2028-01-06,24,gha,257.46269,174.24839,-0.06156,-0.00113,0.00003,0.00000
moon,2028-01-06,24,dec,17.13026,2.24420,-0.03947,-0.00155,-0.00002,0.00000
moon,2028-01-06,24,hp,56.28767,0.41321,0.00747,-0.00022
moon,2028-01-07,24,gha,245.43111,173.71183,-0.07133,-0.00041,0.00006,0.00000
moon,2028-01-07,24,dec,21.23994,1.84826,-0.06010,-0.00188,-0.00002,0.00000
moon,2028-01-07,24,hp,57.16438,0.46080,0.00423,-0.00032
moon,2028-01-08,24,gha,232.28236,173.14125,-0.06906,0.00087,0.00009,0.00000
moon,2028-01-08,24,dec,24.38243,1.27479,-0.08339,-0.00194,0.00001,0.00000
moon,2028-01-08,24,hp,58.10627,0.47733,-0.00028,-0.00042
moon,2028-01-09,24,gha,218.06400,172.65682,-0.04936,0.00239,0.00009,-0.00000
moon,2028-01-09,24,dec,26.19523,0.52049,-0.10433,-0.00144,0.00005,0.00000
moon,2028-01-09,24,hp,59.04173,0.45354,-0.00577,-0.00048
moon,2028-01-10,24,gha,203.08707,172.39544,-0.01446,0.00325,0.00001,-0.00000
moon,2028-01-10,24,dec,26.35867,-0.36632,-0.11540,-0.00032,0.00008,0.00000
moon,2028-01-10,24,hp,59.88436,0.38429,-0.01150,-0.00046
moon,2028-01-11,24,gha,187.88371,172.43242,0.02284,0.00276,-0.00007,-0.00000
moon,2028-01-11,24,dec,24.70729,-1.28133,-0.11094,0.00105,0.00008,-0.00000
moon,2028-01-11,24,hp,60.54469,0.27199,-0.01635,-0.00033
moon,2028-01-12,24,gha,173.02010,172.72472,0.04767,0.00131,-0.00010,0.00000
moon,2028-01-12,24,dec,21.31114,-2.09861,-0.09155,0.00209,0.00005,-0.00000
moon,2028-01-12,24,hp,60.94754,0.12854,-0.01913,-0.00012
moon,2028-01-13,24,gha,518.88211,173.14275,0.05428,-0.00015,-0.00008,0.00000
moon,2028-01-13,24,dec,16.46783,-2.72112,-0.06333,0.00252,0.00001,-0.00000
moon,2028-01-13,24,hp,61.04989,-0.02619,-0.01913,0.00012
moon,2028-01-14,24,gha,505.58358,173.55215,0.04647,-0.00106,-0.00004,0.00000
moon,2028-01-14,24,dec,10.61482,-3.10676,-0.03322,0.00244,-0.00002,-0.00000
moon,2028-01-14,24,hp,60.85166,-0.16980,-0.01643,0.00032
moon,2028-01-15,24,gha,493.01363,173.86503,0.03110,-0.00143,-0.00001,0.00000
moon,2028-01-15,24,dec,4.22485,-3.26030,-0.00574,0.00212,-0.00002,-0.00000
moon,2028-01-15,24,hp,60.39412,-0.28399,-0.01194,0.00042
moon,2028-01-16,24,gha,480.93707,174.04378,0.01357,-0.00145,0.00001,0.00000
moon,2028-01-16,24,dec,-2.26562,-3.21083,0.01746,0.00175,-0.00002,0.00000
moon,2028-01-16,24,hp,59.74677,-0.35910,-0.00684,0.00042
moon,2028-01-17,24,gha,469.08021,174.08580,-0.00268,-0.00123,0.00002,0.00000
moon,2028-01-17,24,dec,-8.48487,-2.99248,0.03659,0.00145,-0.00002,0.00000
moon,2028-01-17,24,hp,58.98908,-0.39470,-0.00218,0.00035
moon,2028-01-18,24,gha,457.18793,174.01147,-0.01519,-0.00082,0.00003,0.00000
moon,2028-01-18,24,dec,-14.12495,-2.63432,0.05254,0.00122,-0.00001,0.00000
moon,2028-01-18,24,hp,58.19441,-0.39696,0.00144,0.00025
moon,2028-01-19,24,gha,445.06456,173.85972,-0.02171,-0.00023,0.00004,0.00000
moon,2028-01-19,24,dec,-18.92940,-2.15897,0.06593,0.00101,-0.00001,-0.00000
moon,2028-01-19,24,hp,57.42029,-0.37517,0.00383,0.00015
moon,2028-01-20,24,gha,432.60989,173.68682,-0.02026,0.00048,0.00005,-0.00000
moon,2028-01-20,24,dec,-22.68446,-1.58723,0.07654,0.00074,-0.00002,-0.00000
moon,2028-01-20,24,hp,56.70529,-0.33876,0.00512,0.00007
moon,2028-01-21,24,gha,419.84826,173.55983,-0.01034,0.00114,0.00003,-0.00000
moon,2028-01-21,24,dec,-25.22258,-0.94525,0.08329,0.00036,-0.00003,-0.00000
moon,2028-01-21,24,hp,56.07059,-0.29556,0.00558,0.00001
moon,2028-01-22,24,gha,406.93365,173.53898,0.00570,0.00147,0.00001,-0.00000
moon,2028-01-22,24,dec,-26.43859,-0.26947,0.08483,-0.00011,-0.00003,0.00000
moon,2028-01-22,24,hp,55.52403,-0.25106,0.00549,-0.00002
moon,2028-01-23,24,gha,394.11252,173.65422,0.02284,0.00132,-0.00002,-0.00000
moon,2028-01-23,24,dec,-26.30906,0.39545,0.08058,-0.00058,-0.00003,0.00000
moon,2028-01-23,24,hp,55.06489,-0.20834,0.00517,-0.00003
moon,2028-01-24,24,gha,381.64812,173.89212,0.03570,0.00079,-0.00004,-0.00000
moon,2028-01-24,24,dec,-24.90017,1.00576,0.07139,-0.00092,-0.00002,0.00000
moon,2028-01-24,24,hp,54.68849,-0.16834,0.00484,-0.00002
moon,2028-01-25,24,gha,369.74020,174.20463,0.04130,0.00015,-0.00004,0.00000
moon,2028-01-25,24,dec,-22.35515,1.52904,0.05914,-0.00109,-0.00000,0.00000
moon,2028-01-25,24,hp,54.38995,-0.13032,0.00469,-0.00000
moon,2028-01-26,24,gha,358.47841,174.53219,0.03964,-0.00040,-0.00003,0.00000
moon,2028-01-26,24,dec,-18.86584,1.94920,0.04588,-0.00110,0.00000,0.00000
moon,2028-01-26,24,hp,54.16708,-0.09243,0.00482,0.00002
moon,2028-01-27,24,gha,347.83999,174.82343,0.03252,-0.00076,-0.00002,0.00000
moon,2028-01-27,24,dec,-14.64159,2.26436,0.03305,-0.00103,0.00001,0.00000
moon,2028-01-27,24,hp,54.02204,-0.05224,0.00527,0.00005
moon,2028-01-28,24,gha,337.71504,175.04278,0.02193,-0.00098,-0.00001,0.00000
moon,2028-01-28,24,dec,-9.88633,2.48113,0.02132,-0.00093,0.00001,-0.00000
moon,2028-01-28,24,hp,53.96183,-0.00736,0.00599,0.00007
moon,2028-01-29,24,gha,327.93692,175.16855,0.00929,-0.00111,-0.00001,0.00000
moon,2028-01-29,24,dec,-4.78770,2.60867,0.01070,-0.00085,0.00000,-0.00000
moon,2028-01-29,24,hp,53.99782,0.04411,0.00690,0.00008
moon,2028-01-30,24,gha,318.30482,175.18774,-0.00464,-0.00120,-0.00000,0.00000
moon,2028-01-30,24,dec,0.48349,2.65421,0.00073,-0.00082,-0.00000,-0.00000
moon,2028-01-30,24,hp,54.14427,0.10315,0.00786,0.00008
moon,2028-01-31,24,gha,308.59661,175.09168,-0.01948,-0.00127,-0.00000,0.00000
moon,2028-01-31,24,dec,5.76605,2.61992,-0.00939,-0.00088,-0.00001,-0.00000
moon,2028-01-31,24,hp,54.41622,0.16951,0.00870,0.00006
moon,2028-02-01,24,gha,298.57565,174.87458,-0.03481,-0.00128,0.00000,0.00000
moon,2028-02-01,24,dec,10.89604,2.50068,-0.02067,-0.00102,-0.00001,-0.00000
moon,2028-02-01,24,hp,54.82676,0.24146,0.00922,0.00002
moon,2028-02-02,24,gha,287.99875,174.53621,-0.04956,-0.00115,0.00001,0.00000
moon,2028-02-02,24,dec,15.69076,2.28277,-0.03421,-0.00125,-0.00002,-0.00000
moon,2028-02-02,24,hp,55.38374,0.31547,0.00918,-0.00003
moon,2028-02-03,24,gha,276.63475,174.08999,-0.06128,-0.00074,0.00004,0.00000
moon,2028-02-03,24,dec,19.93192,1.94453,-0.05083,-0.00152,-0.00002,0.00000
moon,2028-02-03,24,hp,56.08585,0.38590,0.00829,-0.00012
moon,2028-02-04,24,gha,264.30487,173.57644,-0.06565,0.00009,0.00007,0.00000
moon,2028-02-04,24,dec,23.35399,1.46129,-0.07031,-0.00170,-0.00000,0.00000
moon,2028-02-04,24,hp,56.91825,0.44480,0.00625,-0.00022
moon,2028-02-05,24,gha,250.94978,173.07521,-0.05753,0.00130,0.00008,-0.00000
moon,2028-02-05,24,dec,25.64987,0.81786,-0.09034,-0.00157,0.00002,0.00000
moon,2028-02-05,24,hp,57.84786,0.48197,0.00283,-0.00035
moon,2028-02-06,24,gha,236.70388,172.69784,-0.03485,0.00241,0.00005,-0.00000
moon,2028-02-06,24,dec,26.50905,0.02822,-0.10599,-0.00095,0.00006,0.00000
moon,2028-02-06,24,hp,58.81987,0.48598,-0.00202,-0.00046
moon,2028-02-07,24,gha,221.91887,172.54364,-0.00319,0.00270,-0.00002,-0.00000
moon,2028-02-07,24,dec,25.69334,-0.84838,-0.11129,0.00012,0.00007,0.00000
moon,2028-02-07,24,hp,59.75726,0.44645,-0.00797,-0.00052
moon,2028-02-08,24,gha,207.07666,172.63812,0.02546,0.00194,-0.00007,-0.00000
moon,2028-02-08,24,dec,23.12504,-1.71282,-0.10278,0.00128,0.00007,-0.00000
moon,2028-02-08,24,hp,60.56667,0.35781,-0.01413,-0.00049
moon,2028-02-09,24,gha,192.61511,172.91338,0.04110,0.00065,-0.00008,0.00000
moon,2028-02-09,24,dec,18.93745,-2.45725,-0.08181,0.00215,0.00004,-0.00000
moon,2028-02-09,24,hp,61.15221,0.22352,-0.01917,-0.00033
moon,2028-02-10,24,gha,178.78100,173.25313,0.04189,-0.00046,-0.00006,0.00000
moon,2028-02-10,24,dec,13.45608,-3.00026,-0.05324,0.00254,0.00001,-0.00000
moon,2028-02-10,24,hp,61.43614,0.05830,-0.02169,-0.00008
moon,2028-02-11,24,gha,525.59607,173.55377,0.03215,-0.00109,-0.00002,0.00000
moon,2028-02-11,24,dec,7.12714,-3.30298,-0.02245,0.00254,-0.00001,-0.00000
moon,2028-02-11,24,hp,61.37959,-0.11422,-0.02095,0.00020
moon,2028-02-12,24,gha,512.91593,173.75387,0.01753,-0.00129,-0.00000,0.00000
moon,2028-02-12,24,dec,0.43531,-3.36464,0.00658,0.00227,-0.00002,-0.00000
moon,2028-02-12,24,hp,60.99400,-0.26824,-0.01719,0.00041
moon,2028-02-13,24,gha,500.51555,173.83322,0.00252,-0.00117,0.00002,0.00000
moon,2028-02-13,24,dec,-6.15923,-3.20896,0.03169,0.00190,-0.00002,-0.00000
moon,2028-02-13,24,hp,60.33718,-0.38388,-0.01156,0.00051
moon,2028-02-14,24,gha,488.16141,173.80255,-0.00956,-0.00081,0.00003,0.00000
moon,2028-02-14,24,dec,-12.25591,-2.87064,0.05221,0.00152,-0.00002,0.00000
moon,2028-02-14,24,hp,59.49630,-0.45194,-0.00549,0.00049
moon,2028-02-15,24,gha,475.66549,173.69608,-0.01608,-0.00025,0.00004,0.00000
moon,2028-02-15,24,dec,-17.52649,-2.38668,0.06812,0.00114,-0.00002,-0.00000
moon,2028-02-15,24,hp,58.56610,-0.47379,-0.00013,0.00040
moon,2028-02-16,24,gha,462.92743,173.56669,-0.01508,0.00042,0.00004,-0.00000
moon,2028-02-16,24,dec,-21.71637,-1.79379,0.07941,0.00074,-0.00003,-0.00000
moon,2028-02-16,24,hp,57.63114,-0.45779,0.00392,0.00028
moon,2028-02-17,24,gha,449.96397,173.47726,-0.00621,0.00103,0.00003,-0.00000
moon,2028-02-17,24,dec,-24.64572,-1.13033,0.08568,0.00030,-0.00003,-0.00000
moon,2028-02-17,24,hp,56.75605,-0.41511,0.00655,0.00016
moon,2028-02-18,24,gha,436.91254,173.48342,0.00828,0.00132,0.00001,-0.00000
moon,2028-02-18,24,dec,-26.21524,-0.43854,0.08645,-0.00017,-0.00003,0.00000
moon,2028-02-18,24,hp,55.98323,-0.35657,0.00792,0.00007
moon,2028-02-19,24,gha,423.99553,173.61251,0.02376,0.00119,-0.00002,-0.00000
moon,2028-02-19,24,dec,-26.41244,0.23748,0.08182,-0.00059,-0.00002,0.00000
moon,2028-02-19,24,hp,55.33524,-0.29107,0.00834,0.00000
moon,2028-02-20,24,gha,411.45083,173.85252,0.03541,0.00072,-0.00004,-0.00000
moon,2028-02-20,24,dec,-25.30917,0.85832,0.07288,-0.00088,-0.00001,0.00000
moon,2028-02-20,24,hp,54.81932,-0.22505,0.00810,-0.00004
moon,2028-02-21,24,gha,399.45943,174.16032,0.04052,0.00014,-0.00004,0.00000
moon,2028-02-21,24,dec,-23.04505,1.39617,0.06134,-0.00102,-0.00000,0.00000
moon,2028-02-21,24,hp,54.43219,-0.16259,0.00748,-0.00006
moon,2028-02-22,24,gha,388.10302,174.48202,0.03904,-0.00036,-0.00003,0.00000
moon,2028-02-22,24,dec,-19.80130,1.83719,0.04888,-0.00104,0.00000,0.00000
moon,2028-02-22,24,hp,54.16452,-0.10571,0.00673,-0.00006
moon,2028-02-23,24,gha,377.36115,174.77067,0.03253,-0.00070,-0.00002,0.00000
moon,2028-02-23,24,dec,-15.77502,2.17886,0.03661,-0.00100,0.00000,0.00000
moon,2028-02-23,24,hp,54.00463,-0.05476,0.00603,-0.00005
moon,2028-02-24,24,gha,367.13338,174.99346,0.02282,-0.00090,-0.00001,0.00000
moon,2028-02-24,24,dec,-11.16158,2.42491,0.02500,-0.00094,0.00000,-0.00000
moon,2028-02-24,24,hp,53.94155,-0.00875,0.00551,-0.00003
moon,2028-02-25,24,gha,357.26705,175.13058,0.01126,-0.00101,-0.00001,0.00000
moon,2028-02-25,24,dec,-6.14677,2.58077,0.01404,-0.00089,0.00000,-0.00000
moon,2028-02-25,24,hp,53.96722,0.03422,0.00527,-0.00001
moon,2028-02-26,24,gha,347.57890,175.17077,-0.00133,-0.00108,-0.00000,0.00000
moon,2028-02-26,24,dec,-0.90667,2.65047,0.00340,-0.00089,-0.00000,-0.00000
moon,2028-02-26,24,hp,54.07790,0.07652,0.00534,0.00002
moon,2028-02-27,24,gha,337.86820,175.10752,-0.01454,-0.00112,-0.00000,0.00000
moon,2028-02-27,24,dec,4.38757,2.63477,-0.00740,-0.00092,-0.00000,-0.00000
moon,2028-02-27,24,hp,54.27462,0.12048,0.00568,0.00004
moon,2028-02-28,24,gha,327.92442,174.93754,-0.02794,-0.00111,0.00000,0.00000
moon,2028-02-28,24,dec,9.56193,2.52995,-0.01897,-0.00101,-0.00001,-0.00000
moon,2028-02-28,24,hp,54.56259,0.16791,0.00619,0.00005
moon,2028-02-29,24,gha,317.53493,174.66234,-0.04067,-0.00099,0.00001,0.00000
moon,2028-02-29,24,dec,14.42995,2.32725,-0.03196,-0.00116,-0.00001,-0.00000
moon,2028-02-29,24,hp,54.94964,0.21957,0.00671,0.00004
moon,2028-03-01,24,gha,306.49944,174.29356,-0.05099,-0.00069,0.00003,0.00000
moon,2028-03-01,24,dec,18.78289,2.01330,-0.04682,-0.00132,-0.00001,0.00000
moon,2028-03-01,24,hp,55.44365,0.27470,0.00702,0.00001
moon,2028-03-02,24,gha,294.65889,173.86176,-0.05591,-0.00008,0.00005,0.00000
moon,2028-03-02,24,dec,22.38319,1.57316,-0.06341,-0.00143,-0.00000,0.00000
moon,2028-03-02,24,hp,56.04905,0.33057,0.00686,-0.00004
moon,2028-03-03,24,gha,281.94183,173.42455,-0.05184,0.00079,0.00006,0.00000
moon,2028-03-03,24,dec,24.96806,0.99755,-0.08037,-0.00136,0.00001,0.00000
moon,2028-03-03,24,hp,56.76258,0.38218,0.00591,-0.00012
moon,2028-03-04,24,gha,268.41761,173.06381,-0.03677,0.00168,0.00005,-0.00000
moon,2028-03-04,24,dec,26.27217,0.29457,-0.09471,-0.00098,0.00003,0.00000
moon,2028-03-04,24,hp,57.56854,0.42209,0.00389,-0.00022
moon,2028-03-05,24,gha,254.32206,172.86022,-0.01337,0.00211,0.00000,-0.00000
moon,2028-03-05,24,dec,26.07408,-0.49916,-0.10248,-0.00027,0.00005,0.00000
moon,2028-03-05,24,hp,58.43408,0.44069,0.00057,-0.00033
moon,2028-03-06,24,gha,240.01385,172.85164,0.01063,0.00177,-0.00004,-0.00000
moon,2028-03-06,24,dec,24.25587,-1.31743,-0.10055,0.00060,0.00006,-0.00000
moon,2028-03-06,24,hp,59.30608,0.42746,-0.00404,-0.00043
moon,2028-03-07,24,gha,225.85975,173.00779,0.02683,0.00088,-0.00006,-0.00000
moon,2028-03-07,24,dec,20.84978,-2.07842,-0.08828,0.00142,0.00004,-0.00000
moon,2028-03-07,24,hp,60.11157,0.37344,-0.00954,-0.00047
moon,2028-03-08,24,gha,212.11112,173.24733,0.03135,-0.00010,-0.00005,0.00000
moon,2028-03-08,24,dec,16.04832,-2.70570,-0.06751,0.00201,0.00003,-0.00000
moon,2028-03-08,24,hp,60.76448,0.27490,-0.01501,-0.00042
moon,2028-03-09,24,gha,198.84346,173.48022,0.02565,-0.00080,-0.00003,0.00000
moon,2028-03-09,24,dec,10.17783,-3.14283,-0.04119,0.00234,0.00001,-0.00000
moon,2028-03-09,24,hp,61.17992,0.13706,-0.01917,-0.00026
moon,2028-03-10,24,gha,185.97385,173.64025,0.01379,-0.00112,-0.00001,0.00000
moon,2028-03-10,24,dec,3.65327,-3.35769,-0.01236,0.00243,-0.00000,-0.00000
moon,2028-03-10,24,hp,61.29380,-0.02455,-0.02080,-0.00001
moon,2028-03-11,24,gha,533.32112,173.69554,0.00005,-0.00112,0.00001,0.00000
moon,2028-03-11,24,dec,-3.06947,-3.34114,0.01630,0.00232,-0.00001,-0.00000
moon,2028-03-11,24,hp,61.08108,-0.18695,-0.01935,0.00025
moon,2028-03-12,24,gha,520.67298,173.64642,-0.01180,-0.00081,0.00003,0.00000
moon,2028-03-12,24,dec,-9.53638,-3.10392,0.04251,0.00203,-0.00002,-0.00000
moon,2028-03-12,24,hp,60.56423,-0.32643,-0.01520,0.00043
moon,2028-03-13,24,gha,507.84658,173.52165,-0.01840,-0.00025,0.00004,0.00000
moon,2028-03-13,24,dec,-15.33174,-2.67314,0.06445,0.00161,-0.00003,-0.00000
moon,2028-03-13,24,hp,59.80736,-0.42566,-0.00948,0.00050
moon,2028-03-14,24,gha,494.74175,173.37462,-0.01707,0.00048,0.00005,-0.00000
moon,2028-03-14,24,dec,-20.10747,-2.08910,0.08063,0.00107,-0.00004,-0.00000
moon,2028-03-14,24,hp,58.89927,-0.47745,-0.00352,0.00048
moon,2028-03-15,24,gha,481.38157,173.27362,-0.00698,0.00116,0.00003,-0.00000
moon,2028-03-15,24,dec,-23.60698,-1.40269,0.08989,0.00046,-0.00004,-0.00000
moon,2028-03-15,24,hp,57.93330,-0.48419,0.00167,0.00038
moon,2028-03-16,24,gha,467.92251,173.28105,0.00943,0.00150,0.00001,-0.00000
moon,2028-03-16,24,dec,-25.68323,-0.67208,0.09167,-0.00016,-0.00004,0.00000
moon,2028-03-16,24,hp,56.99154,-0.45431,0.00559,0.00027
moon,2028-03-17,24,gha,454.61623,173.42719,0.02680,0.00132,-0.00003,-0.00000
moon,2028-03-17,24,dec,-26.30651,0.04454,0.08659,-0.00067,-0.00003,0.00000
moon,2028-03-17,24,hp,56.13652,-0.39858,0.00815,0.00016
moon,2028-03-18,24,gha,441.72930,173.69653,0.03955,0.00076,-0.00004,-0.00000
moon,2028-03-18,24,dec,-25.55436,0.69922,0.07654,-0.00098,-0.00001,0.00000
moon,2028-03-18,24,hp,55.40947,-0.32735,0.00950,0.00007
moon,2028-03-19,24,gha,429.45981,174.03830,0.04474,0.00011,-0.00004,0.00000
moon,2028-03-19,24,dec,-23.58244,1.26226,0.06403,-0.00108,-0.00000,0.00000
moon,2028-03-19,24,hp,54.83255,-0.24924,0.00991,0.00000
moon,2028-03-20,24,gha,417.89147,174.39159,0.04265,-0.00043,-0.00003,0.00000
moon,2028-03-20,24,dec,-20.58668,1.72274,0.05114,-0.00105,0.00000,0.00000
moon,2028-03-20,24,hp,54.41274,-0.17080,0.00962,-0.00005
moon,2028-03-21,24,gha,406.99492,174.70571,0.03529,-0.00077,-0.00002,0.00000
moon,2028-03-21,24,dec,-16.77111,2.08271,0.03900,-0.00097,0.00001,-0.00000
moon,2028-03-21,24,hp,54.14596,-0.09660,0.00888,-0.00008
moon,2028-03-22,24,gha,396.65678,174.94741,0.02482,-0.00095,-0.00001,0.00000
moon,2028-03-22,24,dec,-12.32950,2.34962,0.02786,-0.00089,0.00000,-0.00000
moon,2028-03-22,24,hp,54.02066,-0.02954,0.00786,-0.00009
moon,2028-03-23,24,gha,386.71258,175.09835,0.01277,-0.00104,-0.00000,0.00000
moon,2028-03-23,24,dec,-7.44074,2.53044,0.01741,-0.00086,0.00000,-0.00000
moon,2028-03-23,24,hp,54.02101,0.02895,0.00675,-0.00009
moon,2028-03-24,24,gha,376.97121,175.14964,-0.00001,-0.00108,-0.00000,0.00000
moon,2028-03-24,24,dec,-2.27322,2.62847,0.00707,-0.00087,-0.00000,-0.00000
moon,2028-03-24,24,hp,54.12952,0.07867,0.00569,-0.00008
moon,2028-03-25,24,gha,367.22921,175.09749,-0.01304,-0.00109,0.00000,0.00000
moon,2028-03-25,24,dec,3.00644,2.64216,-0.00377,-0.00094,-0.00001,-0.00000
moon,2028-03-25,24,hp,54.32944,0.12050,0.00480,-0.00006
moon,2028-03-26,24,gha,357.27895,174.94154,-0.02588,-0.00104,0.00001,0.00000
moon,2028-03-26,24,dec,8.22355,2.56500,-0.01571,-0.00105,-0.00001,-0.00000
moon,2028-03-26,24,hp,54.60663,0.15615,0.00416,-0.00004
moon,2028-03-27,24,gha,346.91669,174.68636,-0.03767,-0.00090,0.00001,0.00000
moon,2028-03-27,24,dec,13.18616,2.38638,-0.02919,-0.00119,-0.00001,0.00000
moon,2028-03-27,24,hp,54.95088,0.18781,0.00380,-0.00002
moon,2028-03-28,24,gha,335.95699,174.34633,-0.04677,-0.00058,0.00003,0.00000
moon,2028-03-28,24,dec,17.67842,2.09328,-0.04431,-0.00132,-0.00001,0.00000
moon,2028-03-28,24,hp,55.35645,0.21766,0.00369,-0.00000
moon,2028-03-29,24,gha,324.25950,173.95299,-0.05056,-0.00001,0.00004,0.00000
moon,2028-03-29,24,dec,21.45938,1.67412,-0.06056,-0.00137,0.00000,0.00000
moon,2028-03-29,24,hp,55.82135,0.24726,0.00372,0.00000
moon,2028-03-30,24,gha,311.76956,173.56076,-0.04611,0.00077,0.00005,-0.00000
moon,2028-03-30,24,dec,24.27204,1.12531,-0.07641,-0.00124,0.00002,0.00000
moon,2028-03-30,24,hp,56.34558,0.27694,0.00368,-0.00001
moon,2028-03-31,24,gha,298.56117,173.24254,-0.03211,0.00153,0.00004,-0.00000
moon,2028-03-31,24,dec,25.86811,0.46006,-0.08923,-0.00086,0.00003,0.00000
moon,2028-03-31,24,hp,56.92801,0.30521,0.00332,-0.00005
moon,2028-04-01,24,gha,284.85305,173.06682,-0.01122,0.00186,0.00000,-0.00000
moon,2028-04-01,24,dec,26.04866,-0.28517,-0.09600,-0.00024,0.00004,0.00000
moon,2028-04-01,24,hp,57.56245,0.32845,0.00238,-0.00011
moon,2028-04-02,24,gha,270.96589,173.06368,0.00990,0.00156,-0.00004,-0.00000
moon,2028-04-02,24,dec,24.70942,-1.05301,-0.09473,0.00046,0.00004,-0.00000
moon,2028-04-02,24,hp,58.23327,0.34088,0.00059,-0.00019
moon,2028-04-03,24,gha,257.22307,173.20542,0.02416,0.00077,-0.00006,-0.00000
moon,2028-04-03,24,dec,21.87067,-1.77798,-0.08543,0.00107,0.00003,-0.00000
moon,2028-04-03,24,hp,58.91153,0.33508,-0.00218,-0.00027
moon,2028-04-04,24,gha,243.84595,173.42078,0.02815,-0.00010,-0.00005,0.00000
moon,2028-04-04,24,dec,17.67796,-2.40158,-0.06967,0.00153,0.00002,-0.00000
moon,2028-04-04,24,hp,59.55306,0.30339,-0.00585,-0.00033
moon,2028-04-05,24,gha,230.90026,173.62900,0.02274,-0.00076,-0.00003,0.00000
moon,2028-04-05,24,dec,12.37961,-2.87981,-0.04934,0.00184,0.00002,-0.00000
moon,2028-04-05,24,hp,60.10008,0.24018,-0.00998,-0.00034
moon,2028-04-06,24,gha,218.30601,173.76704,0.01113,-0.00113,-0.00001,0.00000
moon,2028-04-06,24,dec,6.29816,-3.18205,-0.02584,0.00206,0.00001,-0.00000
moon,2028-04-06,24,hp,60.48805,0.14460,-0.01380,-0.00028
moon,2028-04-07,24,gha,205.88457,173.79961,-0.00312,-0.00120,0.00000,0.00000
moon,2028-04-07,24,dec,-0.19263,-3.28744,-0.00028,0.00219,0.00000,-0.00000
moon,2028-04-07,24,hp,60.65771,0.02293,-0.01636,-0.00014
moon,2028-04-08,24,gha,193.41484,173.71942,-0.01656,-0.00099,0.00002,0.00000
moon,2028-04-08,24,dec,-6.68626,-3.18419,0.02610,0.00219,-0.00000,-0.00000
moon,2028-04-08,24,hp,60.56979,-0.11126,-0.01685,0.00006
moon,2028-04-09,24,gha,180.68876,173.54689,-0.02566,-0.00048,0.00004,0.00000
moon,2028-04-09,24,dec,-12.76426,-2.87264,0.05148,0.00201,-0.00002,-0.00000
moon,2028-04-09,24,hp,60.21706,-0.23991,-0.01499,0.00025
moon,2028-04-10,24,gha,527.56809,173.33148,-0.02678,0.00032,0.00006,0.00000
moon,2028-04-10,24,dec,-18.02555,-2.37037,0.07337,0.00160,-0.00003,-0.00000
moon,2028-04-10,24,hp,59.62850,-0.34546,-0.01117,0.00038
moon,2028-04-11,24,gha,514.03995,173.14812,-0.01749,0.00121,0.00005,-0.00000
moon,2028-04-11,24,dec,-22.12555,-1.71665,0.08893,0.00096,-0.00005,-0.00000
moon,2028-04-11,24,hp,58.86339,-0.41556,-0.00627,0.00043
moon,2028-04-12,24,gha,500.25079,173.07822,0.00106,0.00180,0.00002,-0.00000
moon,2028-04-12,24,dec,-24.82029,-0.97238,0.09576,0.00017,-0.00005,0.00000
moon,2028-04-12,24,hp,57.99821,-0.44543,-0.00124,0.00040
moon,2028-04-13,24,gha,486.48579,173.17524,0.02314,0.00177,-0.00002,-0.00000
moon,2028-04-13,24,dec,-26.00163,-0.21104,0.09329,-0.00056,-0.00004,0.00000
moon,2028-04-13,24,hp,57.11186,-0.43724,0.00316,0.00033
moon,2028-04-14,24,gha,473.08250,173.43648,0.04109,0.00116,-0.00005,-0.00000
moon,2028-04-14,24,dec,-25.70543,0.49893,0.08335,-0.00105,-0.00002,0.00000
moon,2028-04-14,24,hp,56.27412,-0.39767,0.00657,0.00024
moon,2028-04-15,24,gha,460.31814,173.80657,0.04997,0.00032,-0.00005,0.00000
moon,2028-04-15,24,dec,-24.08363,1.11121,0.06940,-0.00123,-0.00000,0.00000
moon,2028-04-15,24,hp,55.53922,-0.33530,0.00887,0.00015
moon,2028-04-16,24,gha,448.33424,174.20904,0.04941,-0.00038,-0.00004,0.00000
moon,2028-04-16,24,dec,-21.35273,1.60745,0.05474,-0.00119,0.00001,0.00000
moon,2028-04-16,24,hp,54.94422,-0.25863,0.01016,0.00007
moon,2028-04-17,24,gha,437.12707,174.57753,0.04193,-0.00083,-0.00002,0.00000
moon,2028-04-17,24,dec,-17.74342,1.99067,0.04132,-0.00104,0.00001,-0.00000
moon,2028-04-17,24,hp,54.51011,-0.17512,0.01060,0.00001
moon,2028-04-18,24,gha,426.58293,174.86878,0.03048,-0.00105,-0.00001,0.00000
moon,2028-04-18,24,dec,-13.46927,2.27382,0.02972,-0.00090,0.00001,-0.00000
moon,2028-04-18,24,hp,54.24432,-0.09087,0.01037,-0.00004
moon,2028-04-19,24,gha,416.52293,175.06012,0.01719,-0.00115,-0.00000,0.00000
moon,2028-04-19,24,dec,-8.71678,2.47019,0.01953,-0.00081,0.00000,-0.00000
moon,2028-04-19,24,hp,54.14334,-0.01074,0.00960,-0.00008
moon,2028-04-20,24,gha,406.73655,175.14183,0.00319,-0.00118,-0.00000,0.00000
moon,2028-04-20,24,dec,-3.65059,2.58802,0.00994,-0.00080,-0.00000,-0.00000
moon,2028-04-20,24,hp,54.19512,0.06154,0.00842,-0.00011
moon,2028-04-21,24,gha,397.00087,175.11068,-0.01097,-0.00118,0.00000,0.00000
moon,2028-04-21,24,dec,1.57391,2.62818,-0.00002,-0.00087,-0.00001,-0.00000
moon,2028-04-21,24,hp,54.38110,0.12323,0.00697,-0.00013
moon,2028-04-22,24,gha,387.09015,174.96703,-0.02486,-0.00113,0.00001,0.00000
moon,2028-04-22,24,dec,6.79541,2.58393,-0.01129,-0.00101,-0.00001,-0.00000
moon,2028-04-22,24,hp,54.67825,0.17257,0.00536,-0.00014
moon,2028-04-23,24,gha,376.78381,174.71594,-0.03766,-0.00098,0.00001,0.00000
moon,2028-04-23,24,dec,11.83223,2.44183,-0.02457,-0.00120,-0.00001,0.00000
moon,2028-04-23,24,hp,55.06105,0.20888,0.00373,-0.00013
moon,2028-04-24,24,gha,365.88031,174.37218,-0.04770,-0.00065,0.00003,0.00000
moon,2028-04-24,24,dec,16.47136,2.18434,-0.04013,-0.00138,-0.00001,0.00000
moon,2028-04-24,24,hp,55.50383,0.23266,0.00224,-0.00011
moon,2028-04-25,24,gha,354.22474,173.96850,-0.05216,-0.00005,0.00005,0.00000
moon,2028-04-25,24,dec,20.46497,1.79487,-0.05739,-0.00147,0.00000,0.00000
moon,2028-04-25,24,hp,55.98301,0.24550,0.00101,-0.00009
moon,2028-04-26,24,gha,341.75245,173.56287,-0.04774,0.00081,0.00006,0.00000
moon,2028-04-26,24,dec,23.54045,1.26632,-0.07452,-0.00134,0.00002,0.00000
moon,2028-04-26,24,hp,56.47909,0.24983,0.00012,-0.00006
moon,2028-04-27,24,gha,328.53768,173.23485,-0.03278,0.00165,0.00004,-0.00000
moon,2028-04-27,24,dec,25.43015,0.61182,-0.08835,-0.00091,0.00004,0.00000
moon,2028-04-27,24,hp,56.97774,0.24834,-0.00045,-0.00004
moon,2028-04-28,24,gha,314.81446,173.06098,-0.01000,0.00204,0.00000,-0.00000
moon,2028-04-28,24,dec,25.91989,-0.12796,-0.09539,-0.00023,0.00005,0.00000
moon,2028-04-28,24,hp,57.46958,0.24319,-0.00082,-0.00003
moon,2028-04-29,24,gha,300.93217,173.07615,0.01322,0.00172,-0.00004,-0.00000
moon,2028-04-29,24,dec,24.90113,-0.88933,-0.09364,0.00051,0.00004,-0.00000
moon,2028-04-29,24,hp,57.94833,0.23526,-0.00118,-0.00004
moon,2028-04-30,24,gha,287.24616,173.25102,0.02899,0.00086,-0.00006,-0.00000
moon,2028-04-30,24,dec,22.40058,-1.60295,-0.08373,0.00110,0.00003,-0.00000
moon,2028-04-30,24,hp,58.40770,0.22361,-0.00178,-0.00007
moon,2028-05-01,24,gha,274.00131,173.50794,0.03358,-0.00008,-0.00005,0.00000
moon,2028-05-01,24,dec,18.57158,-2.21308,-0.06819,0.00145,0.00002,-0.00000
moon,2028-05-01,24,hp,58.83767,0.20548,-0.00283,-0.00011
moon,2028-05-02,24,gha,261.27341,173.75952,0.02806,-0.00079,-0.00003,0.00000
moon,2028-05-02,24,dec,13.65761,-2.68538,-0.04959,0.00163,0.00001,-0.00000
moon,2028-05-02,24,hp,59.22123,0.17675,-0.00443,-0.00016
moon,2028-05-03,24,gha,248.98100,173.93784,0.01581,-0.00120,-0.00002,0.00000
moon,2028-05-03,24,dec,7.95330,-3.00212,-0.02942,0.00173,0.00001,0.00000
moon,2028-05-03,24,hp,59.53297,0.13326,-0.00649,-0.00018
moon,2028-05-04,24,gha,236.93515,174.00340,0.00034,-0.00134,-0.00000,0.00000
moon,2028-05-04,24,dec,1.78054,-3.15288,-0.00810,0.00183,0.00001,0.00000
moon,2028-05-04,24,hp,59.74049,0.07241,-0.00871,-0.00018
moon,2028-05-05,24,gha,224.89437,173.94274,-0.01532,-0.00123,0.00001,0.00000
moon,2028-05-05,24,dec,-4.51946,-3.12837,0.01439,0.00192,0.00000,-0.00000
moon,2028-05-05,24,hp,59.80934,-0.00511,-0.01058,-0.00013
moon,2028-05-06,24,gha,212.61422,173.76643,-0.02809,-0.00085,0.00003,0.00000
moon,2028-05-06,24,dec,-10.58747,-2.92019,0.03771,0.00195,-0.00000,-0.00000
moon,2028-05-06,24,hp,59.71080,-0.09423,-0.01153,-0.00003
moon,2028-05-07,24,gha,199.89767,173.51179,-0.03432,-0.00014,0.00005,0.00000
moon,2028-05-07,24,dec,-16.05303,-2.52635,0.06052,0.00182,-0.00002,-0.00000
moon,2028-05-07,24,hp,59.43041,-0.18585,-0.01116,0.00009
moon,2028-05-08,24,gha,186.65263,173.24651,-0.03029,0.00083,0.00006,-0.00000
moon,2028-05-08,24,dec,-20.55662,-1.96084,0.08015,0.00141,-0.00004,-0.00000
moon,2028-05-08,24,hp,58.97436,-0.26869,-0.00935,0.00021
moon,2028-05-09,24,gha,172.94689,173.06094,-0.01449,0.00175,0.00005,-0.00000
moon,2028-05-09,24,dec,-23.79127,-1.26300,0.09308,0.00071,-0.00005,-0.00000
moon,2028-05-09,24,hp,58.37104,-0.33214,-0.00637,0.00028
moon,2028-05-10,24,gha,519.02601,173.03824,0.00949,0.00213,-0.00000,-0.00000
moon,2028-05-10,24,dec,-25.55588,-0.49878,0.09648,-0.00014,-0.00005,0.00000
moon,2028-05-10,24,hp,57.66713,-0.36872,-0.00272,0.00032
moon,2028-05-11,24,gha,505.25674,173.21248,0.03339,0.00174,-0.00004,-0.00000
moon,2028-05-11,24,dec,-25.79655,0.25278,0.09013,-0.00087,-0.00004,0.00000
moon,2028-05-11,24,hp,56.91986,-0.37543,0.00102,0.00030
moon,2028-05-12,24,gha,492.00511,173.54910,0.04921,0.00085,-0.00006,0.00000
moon,2028-05-12,24,dec,-24.60915,0.92354,0.07686,-0.00128,-0.00001,0.00000
moon,2028-05-12,24,hp,56.18817,-0.35344,0.00440,0.00026
moon,2028-05-13,24,gha,479.51806,173.96769,0.05384,-0.00005,-0.00005,0.00000
moon,2028-05-13,24,dec,-22.19747,1.47476,0.06083,-0.00135,0.00000,0.00000
moon,2028-05-13,24,hp,55.52553,-0.30693,0.00712,0.00020
moon,2028-05-14,24,gha,467.87351,174.38371,0.04903,-0.00070,-0.00003,0.00000
moon,2028-05-14,24,dec,-18.81117,1.89866,0.04539,-0.00121,0.00001,0.00000
moon,2028-05-14,24,hp,54.97534,-0.24162,0.00909,0.00013
moon,2028-05-15,24,gha,457.00168,174.73549,0.03830,-0.00105,-0.00001,0.00000
moon,2028-05-15,24,dec,-14.69428,2.20714,0.03209,-0.00101,0.00001,-0.00000
moon,2028-05-15,24,hp,54.56906,-0.16365,0.01030,0.00007
moon,2028-05-16,24,gha,446.73678,174.98819,0.02461,-0.00121,-0.00001,0.00000
moon,2028-05-16,24,dec,-10.05948,2.41847,0.02104,-0.00084,0.00001,-0.00000
moon,2028-05-16,24,hp,54.32611,-0.07890,0.01079,0.00001
moon,2028-05-17,24,gha,436.86327,175.12589,0.00972,-0.00127,-0.00000,0.00000
moon,2028-05-17,24,dec,-5.08503,2.54804,0.01150,-0.00076,0.00000,-0.00000
moon,2028-05-17,24,hp,54.25452,0.00719,0.01064,-0.00004
moon,2028-05-18,24,gha,427.14443,175.14251,-0.00559,-0.00128,-0.00000,0.00000
moon,2028-05-18,24,dec,0.07427,2.60367,0.00238,-0.00078,-0.00000,-0.00000
moon,2028-05-18,24,hp,54.35197,0.08963,0.00989,-0.00009
moon,2028-05-19,24,gha,417.33616,175.03646,-0.02090,-0.00126,0.00000,0.00000
moon,2028-05-19,24,dec,5.27005,2.58386,-0.00754,-0.00089,-0.00001,-0.00000
moon,2028-05-19,24,hp,54.60649,0.16379,0.00857,-0.00013
moon,2028-05-20,24,gha,407.19470,174.80980,-0.03561,-0.00117,0.00001,0.00000
moon,2028-05-20,24,dec,10.34138,2.47762,-0.01938,-0.00109,-0.00001,-0.00000
moon,2028-05-20,24,hp,54.99716,0.22537,0.00675,-0.00017
moon,2028-05-21,24,gha,396.48741,174.47231,-0.04831,-0.00091,0.00002,0.00000
moon,2028-05-21,24,dec,15.09713,2.26596,-0.03397,-0.00134,-0.00002,0.00000
moon,2028-05-21,24,hp,55.49503,0.27063,0.00451,-0.00020
moon,2028-05-22,24,gha,385.01668,174.05035,-0.05621,-0.00035,0.00005,0.00000
moon,2028-05-22,24,dec,19.30359,1.92599,-0.05138,-0.00154,-0.00001,0.00000
moon,2028-05-22,24,hp,56.06454,0.29679,0.00201,-0.00021
moon,2028-05-23,24,gha,372.66420,173.59788,-0.05532,0.00055,0.00007,0.00000
moon,2028-05-23,24,dec,22.68505,1.43975,-0.07020,-0.00155,0.00001,0.00000
moon,2028-05-23,24,hp,56.66608,0.30262,-0.00053,-0.00021
moon,2028-05-24,24,gha,359.45115,173.19991,-0.04231,0.00161,0.00006,-0.00000
moon,2028-05-24,24,dec,24.94701,0.80807,-0.08712,-0.00121,0.00003,0.00000
moon,2028-05-24,24,hp,57.25958,0.28896,-0.00283,-0.00017
moon,2028-05-25,24,gha,345.58390,172.95302,-0.01817,0.00231,0.00002,-0.00000
moon,2028-05-25,24,dec,25.82806,0.06425,-0.09756,-0.00048,0.00005,0.00000
moon,2028-05-25,24,hp,57.80889,0.25887,-0.00461,-0.00012
moon,2028-05-26,24,gha,331.43363,172.92003,0.00971,0.00219,-0.00004,-0.00000
moon,2028-05-26,24,dec,25.16854,-0.72409,-0.09794,0.00042,0.00006,-0.00000
moon,2028-05-26,24,hp,58.28590,0.21723,-0.00570,-0.00006
moon,2028-05-27,24,gha,317.42569,173.09003,0.03124,0.00131,-0.00007,-0.00000
moon,2028-05-27,24,dec,22.96274,-1.47346,-0.08807,0.00118,0.00004,-0.00000
moon,2028-05-27,24,hp,58.67312,0.16966,-0.00610,-0.00001
moon,2028-05-28,24,gha,303.89215,173.38395,0.04029,0.00020,-0.00007,0.00000
moon,2028-05-28,24,dec,19.36236,-2.11266,-0.07099,0.00161,0.00002,-0.00000
moon,2028-05-28,24,hp,58.96385,0.12118,-0.00596,0.00003
moon,2028-05-29,24,gha,290.97844,173.69964,0.03709,-0.00068,-0.00004,0.00000
moon,2028-05-29,24,dec,14.63263,-2.60010,-0.05065,0.00174,0.00000,-0.00000
moon,2028-05-29,24,hp,59.15968,0.07498,-0.00557,0.00003
moon,2028-05-30,24,gha,278.64132,173.95354,0.02549,-0.00120,-0.00002,0.00000
moon,2028-05-30,24,dec,9.09348,-2.92166,-0.02978,0.00172,-0.00000,-0.00000
moon,2028-05-30,24,hp,59.26630,0.03193,-0.00522,0.00002
moon,2028-05-31,24,gha,266.70355,174.09544,0.00963,-0.00140,-0.00001,0.00000
moon,2028-05-31,24,dec,3.07675,-3.07809,-0.00941,0.00168,-0.00000,0.00000
moon,2028-05-31,24,hp,59.28894,-0.00919,-0.00511,-0.00000
moon,2028-06-01,24,gha,254.91782,174.10473,-0.00726,-0.00138,0.00001,0.00000
moon,2028-06-01,24,dec,-3.09117,-3.07313,0.01063,0.00167,0.00000,0.00000
moon,2028-06-01,24,hp,59.22924,-0.05067,-0.00530,-0.00003
moon,2028-06-02,24,gha,243.01933,173.98410,-0.02245,-0.00112,0.00002,0.00000
moon,2028-06-02,24,dec,-9.08870,-2.90761,0.03079,0.00169,0.00000,-0.00000
moon,2028-06-02,24,hp,59.08439,-0.09450,-0.00567,-0.00003
moon,2028-06-03,24,gha,230.77106,173.75888,-0.03291,-0.00058,0.00004,0.00000
moon,2028-06-03,24,dec,-14.59343,-2.58025,0.05102,0.00167,-0.00001,-0.00000
moon,2028-06-03,24,hp,58.84895,-0.14120,-0.00597,-0.00001
moon,2028-06-04,24,gha,218.01305,173.48133,-0.03499,0.00027,0.00006,0.00000
moon,2028-06-04,24,dec,-19.28405,-2.09443,0.07012,0.00148,-0.00002,-0.00000
moon,2028-06-04,24,hp,58.51866,-0.18904,-0.00591,0.00003
moon,2028-06-05,24,gha,204.71804,173.23137,-0.02575,0.00127,0.00006,-0.00000
moon,2028-06-05,24,dec,-22.86031,-1.46904,0.08544,0.00103,-0.00004,-0.00000
moon,2028-06-05,24,hp,58.09495,-0.23411,-0.00525,0.00008
moon,2028-06-06,24,gha,191.03309,173.10043,-0.00570,0.00199,0.00003,-0.00000
moon,2028-06-06,24,dec,-25.08394,-0.74774,0.09363,0.00031,-0.00005,-0.00000
moon,2028-06-06,24,hp,57.58858,-0.27112,-0.00390,0.00014
moon,2028-06-07,24,gha,177.26695,173.15429,0.01925,0.00204,-0.00002,-0.00000
moon,2028-06-07,24,dec,-25.82838,0.00236,0.09250,-0.00049,-0.00005,0.00000
moon,2028-06-07,24,hp,57.02110,-0.29471,-0.00192,0.00019
moon,2028-06-08,24,gha,523.80082,173.39721,0.04033,0.00139,-0.00005,-0.00000
moon,2028-06-08,24,dec,-25.11015,0.70772,0.08277,-0.00109,-0.00003,0.00000
moon,2028-06-08,24,hp,56.42369,-0.30071,0.00046,0.00021
moon,2028-06-09,24,gha,510.95966,173.77088,0.05143,0.00045,-0.00006,0.00000
moon,2028-06-09,24,dec,-23.07818,1.31170,0.06775,-0.00136,-0.00001,0.00000
moon,2028-06-09,24,hp,55.83396,-0.28692,0.00298,0.00021
moon,2028-06-10,24,gha,498.91963,174.18933,0.05176,-0.00036,-0.00004,0.00000
moon,2028-06-10,24,dec,-19.96488,1.78789,0.05134,-0.00134,0.00001,0.00000
moon,2028-06-10,24,hp,55.29171,-0.25333,0.00538,0.00019
moon,2028-06-11,24,gha,487.69183,174.57648,0.04413,-0.00087,-0.00002,0.00000
moon,2028-06-11,24,dec,-16.02744,2.13695,0.03624,-0.00116,0.00001,0.00000
moon,2028-06-11,24,hp,54.83489,-0.20177,0.00745,0.00016
moon,2028-06-12,24,gha,477.16099,174.88249,0.03192,-0.00113,-0.00001,0.00000
moon,2028-06-12,24,dec,-11.50542,2.37446,0.02349,-0.00096,0.00001,-0.00000
moon,2028-06-12,24,hp,54.49640,-0.13537,0.00908,0.00011
moon,2028-06-13,24,gha,467.13658,175.08111,0.01754,-0.00125,-0.00000,0.00000
moon,2028-06-13,24,dec,-6.60308,2.51909,0.01293,-0.00081,0.00001,-0.00000
moon,2028-06-13,24,hp,54.30209,-0.05802,0.01018,0.00007
moon,2028-06-14,24,gha,457.39099,175.16052,0.00223,-0.00130,-0.00000,0.00000
moon,2028-06-14,24,dec,-1.49116,2.58514,0.00369,-0.00075,0.00000,-0.00000
moon,2028-06-14,24,hp,54.26951,0.02589,0.01071,0.00002
moon,2028-06-15,24,gha,447.68026,175.11565,-0.01348,-0.00132,-0.00000,0.00000
moon,2028-06-15,24,dec,3.68018,2.57865,-0.00538,-0.00078,-0.00001,-0.00000
moon,2028-06-15,24,hp,54.40714,0.11167,0.01064,-0.00003
moon,2028-06-16,24,gha,437.75378,174.94477,-0.02920,-0.00129,0.00000,0.00000
moon,2028-06-16,24,dec,8.76318,2.49589,-0.01556,-0.00093,-0.00001,-0.00000
moon,2028-06-16,24,hp,54.71361,0.19418,0.00989,-0.00009
moon,2028-06-17,24,gha,427.36186,174.65095,-0.04402,-0.00115,0.00001,0.00000
moon,2028-06-17,24,dec,13.59257,2.32310,-0.02805,-0.00116,-0.00002,-0.00000
moon,2028-06-17,24,hp,55.17686,0.26783,0.00841,-0.00016
moon,2028-06-18,24,gha,416.27156,174.24887,-0.05584,-0.00077,0.00003,0.00000
moon,2028-06-18,24,dec,17.96692,2.03825,-0.04364,-0.00143,-0.00002,0.00000
moon,2028-06-18,24,hp,55.77313,0.32657,0.00616,-0.00022
moon,2028-06-19,24,gha,404.30128,173.77659,-0.06091,-0.00001,0.00006,0.00000
moon,2028-06-19,24,dec,21.63715,1.61659,-0.06209,-0.00161,-0.00000,0.00000
moon,2028-06-19,24,hp,56.46651,0.36431,0.00317,-0.00028
moon,2028-06-20,24,gha,391.37937,173.30673,-0.05461,0.00110,0.00007,-0.00000
moon,2028-06-20,24,dec,24.31246,1.04276,-0.08119,-0.00151,0.00002,0.00000
moon,2028-06-20,24,hp,57.20953,0.37575,-0.00038,-0.00031
moon,2028-06-21,24,gha,377.61142,172.94196,-0.03469,0.00217,0.00005,-0.00000
moon,2028-06-21,24,dec,25.69626,0.32826,-0.09647,-0.00096,0.00005,0.00000
moon,2028-06-21,24,hp,57.94608,0.35766,-0.00414,-0.00031
moon,2028-06-22,24,gha,363.30770,172.77882,-0.00540,0.00256,-0.00001,-0.00000
moon,2028-06-22,24,dec,25.55487,-0.47485,-0.10266,-0.00003,0.00006,0.00000
moon,2028-06-22,24,hp,58.61699,0.31036,-0.00760,-0.00026
moon,2028-06-23,24,gha,348.91526,172.85227,0.02273,0.00199,-0.00006,-0.00000
moon,2028-06-23,24,dec,23.79524,-1.27993,-0.09685,0.00097,0.00006,-0.00000
moon,2028-06-23,24,hp,59.16810,0.23860,-0.01018,-0.00016
moon,2028-06-24,24,gha,334.86394,173.11066,0.03981,0.00082,-0.00008,0.00000
moon,2028-06-24,24,dec,20.50720,-1.99447,-0.08053,0.00168,0.00003,-0.00000
moon,2028-06-24,24,hp,59.55903,0.15126,-0.01145,-0.00005
moon,2028-06-25,24,gha,321.42089,173.44871,0.04275,-0.00029,-0.00006,0.00000
moon,2028-06-25,24,dec,15.94271,-2.55134,-0.05816,0.00198,0.00001,-0.00000
moon,2028-06-25,24,hp,59.76967,0.05951,-0.01129,0.00007
moon,2028-06-26,24,gha,308.63942,173.76294,0.03454,-0.00101,-0.00003,0.00000
moon,2028-06-26,24,dec,10.45075,-2.92060,-0.03417,0.00198,-0.00001,-0.00000
moon,2028-06-26,24,hp,59.80208,-0.02598,-0.00994,0.00015
moon,2028-06-27,24,gha,296.39805,173.98357,0.02003,-0.00135,-0.00001,0.00000
moon,2028-06-27,24,dec,4.40996,-3.10104,-0.01120,0.00184,-0.00001,-0.00000
moon,2028-06-27,24,hp,59.67682,-0.09757,-0.00790,0.00018
moon,2028-06-28,24,gha,284.47287,174.07728,0.00331,-0.00140,0.00000,0.00000
moon,2028-06-28,24,dec,-1.81371,-3.10502,0.00994,0.00169,-0.00001,0.00000
moon,2028-06-28,24,hp,59.42548,-0.15194,-0.00571,0.00017
moon,2028-06-29,24,gha,272.60220,174.03874,-0.01263,-0.00122,0.00002,0.00000
moon,2028-06-29,24,dec,-7.88159,-2.94659,0.02948,0.00158,-0.00001,0.00000
moon,2028-06-29,24,hp,59.08216,-0.18980,-0.00382,0.00014
moon,2028-06-30,24,gha,260.53648,173.88518,-0.02503,-0.00081,0.00003,0.00000
moon,2028-06-30,24,dec,-13.48010,-2.63659,0.04787,0.00149,-0.00001,-0.00000
moon,2028-06-30,24,hp,58.67676,-0.21445,-0.00243,0.00009
moon,2028-07-01,24,gha,248.08344,173.65692,-0.03084,-0.00012,0.00005,0.00000
moon,2028-07-01,24,dec,-18.31529,-2.18437,0.06493,0.00134,-0.00001,-0.00000
moon,2028-07-01,24,hp,58.23148,-0.23009,-0.00155,0.00006
moon,2028-07-02,24,gha,235.15625,173.41900,-0.02710,0.00076,0.00006,-0.00000
moon,2028-07-02,24,dec,-22.11677,-1.60508,0.07935,0.00103,-0.00003,-0.00000
moon,2028-07-02,24,hp,57.76068,-0.24027,-0.00103,0.00003
moon,2028-07-03,24,gha,221.81671,173.25329,-0.01292,0.00156,0.00004,-0.00000
moon,2028-07-03,24,dec,-24.65869,-0.92900,0.08874,0.00050,-0.00004,-0.00000
moon,2028-07-03,24,hp,57.27310,-0.24699,-0.00065,0.00003
moon,2028-07-04,24,gha,208.28499,173.23280,0.00838,0.00189,0.00000,-0.00000
moon,2028-07-04,24,dec,-25.79562,-0.20624,0.09076,-0.00017,-0.00004,0.00000
moon,2028-07-04,24,hp,56.77533,-0.25040,-0.00018,0.00005
moon,2028-07-05,24,gha,194.88749,173.38755,0.02974,0.00157,-0.00004,-0.00000
moon,2028-07-05,24,dec,-25.49658,0.50025,0.08476,-0.00080,-0.00003,0.00000
moon,2028-07-05,24,hp,56.27523,-0.24910,0.00054,0.00007
moon,2028-07-06,24,gha,181.95191,173.68902,0.04429,0.00081,-0.00005,-0.00000
moon,2028-07-06,24,dec,-23.85408,1.13199,0.07248,-0.00120,-0.00002,0.00000
moon,2028-07-06,24,hp,55.78448,-0.24078,0.00158,0.00010
moon,2028-07-07,24,gha,529.70522,174.06830,0.04911,0.00001,-0.00005,0.00000
moon,2028-07-07,24,dec,-21.05813,1.65111,0.05709,-0.00132,-0.00000,0.00000
moon,2028-07-07,24,hp,55.31966,-0.22293,0.00292,0.00012
moon,2028-07-08,24,gha,518.22710,174.45043,0.04537,-0.00059,-0.00003,0.00000
moon,2028-07-08,24,dec,-17.34902,2.04501,0.04152,-0.00125,0.00001,0.00000
moon,2028-07-08,24,hp,54.90189,-0.19356,0.00445,0.00013
moon,2028-07-09,24,gha,507.46349,174.77806,0.03592,-0.00095,-0.00002,0.00000
moon,2028-07-09,24,dec,-12.97235,2.31997,0.02751,-0.00108,0.00001,-0.00000
moon,2028-07-09,24,hp,54.55540,-0.15160,0.00604,0.00013
moon,2028-07-10,24,gha,497.26851,175.01650,0.02338,-0.00112,-0.00001,0.00000
moon,2028-07-10,24,dec,-8.15137,2.49105,0.01556,-0.00092,0.00001,-0.00000
moon,2028-07-10,24,hp,54.30545,-0.09709,0.00756,0.00012
moon,2028-07-11,24,gha,487.44463,175.14791,0.00933,-0.00121,-0.00000,0.00000
moon,2028-07-11,24,dec,-3.07802,2.57379,0.00533,-0.00080,0.00000,-0.00000
moon,2028-07-11,24,hp,54.17611,-0.03116,0.00888,0.00010
moon,2028-07-12,24,gha,477.76862,175.16376,-0.00544,-0.00125,-0.00000,0.00000
moon,2028-07-12,24,dec,2.08245,2.57893,-0.00398,-0.00077,-0.00000,-0.00000
moon,2028-07-12,24,hp,54.18819,0.04406,0.00987,0.00007
moon,2028-07-13,24,gha,468.00478,175.05979,-0.02057,-0.00126,0.00000,0.00000
moon,2028-07-13,24,dec,7.17895,2.50970,-0.01343,-0.00082,-0.00001,-0.00000
moon,2028-07-13,24,hp,54.35724,0.12545,0.01041,0.00002
moon,2028-07-14,24,gha,457.91207,174.83502,-0.03553,-0.00121,0.00001,0.00000
moon,2028-07-14,24,dec,12.05797,2.36038,-0.02417,-0.00098,-0.00001,-0.00000
moon,2028-07-14,24,hp,54.69165,0.20892,0.01036,-0.00003
moon,2028-07-15,24,gha,447.25373,174.49537,-0.04902,-0.00100,0.00002,0.00000
moon,2028-07-15,24,dec,16.54551,2.11626,-0.03726,-0.00121,-0.00002,-0.00000
moon,2028-07-15,24,hp,55.19040,0.28918,0.00958,-0.00010
moon,2028-07-16,24,gha,435.81915,174.06220,-0.05840,-0.00050,0.00004,0.00000
moon,2028-07-16,24,dec,20.43101,1.75593,-0.05324,-0.00144,-0.00001,0.00000
moon,2028-07-16,24,hp,55.84064,0.35966,0.00789,-0.00018
moon,2028-07-17,24,gha,423.46663,173.58428,-0.05955,0.00037,0.00007,0.00000
moon,2028-07-17,24,dec,23.46028,1.25820,-0.07137,-0.00154,0.00000,0.00000
moon,2028-07-17,24,hp,56.61508,0.41251,0.00516,-0.00027
moon,2028-07-18,24,gha,410.18602,173.14431,-0.04849,0.00148,0.00007,-0.00000
moon,2028-07-18,24,dec,25.34873,0.61563,-0.08887,-0.00131,0.00003,0.00000
moon,2028-07-18,24,hp,57.46999,0.43923,0.00137,-0.00036
moon,2028-07-19,24,gha,396.15458,172.84374,-0.02516,0.00232,0.00003,-0.00000
moon,2028-07-19,24,dec,25.82623,-0.14821,-0.10091,-0.00063,0.00006,0.00000
moon,2028-07-19,24,hp,58.34508,0.43198,-0.00328,-0.00041
moon,2028-07-20,24,gha,381.73188,172.75771,0.00369,0.00234,-0.00003,-0.00000
moon,2028-07-20,24,dec,24.71003,-0.96948,-0.10266,0.00036,0.00007,-0.00000
moon,2028-07-20,24,hp,59.16703,0.38582,-0.00825,-0.00041
moon,2028-07-21,24,gha,367.35765,172.88786,0.02738,0.00151,-0.00007,-0.00000
moon,2028-07-21,24,dec,21.97577,-1.75612,-0.09229,0.00133,0.00005,-0.00000
moon,2028-07-21,24,hp,59.85796,0.30139,-0.01271,-0.00032
moon,2028-07-22,24,gha,353.39591,173.15972,0.03856,0.00035,-0.00007,0.00000
moon,2028-07-22,24,dec,17.78473,-2.41799,-0.07204,0.00198,0.00003,-0.00000
moon,2028-07-22,24,hp,60.34846,0.18659,-0.01571,-0.00017
moon,2028-07-23,24,gha,340.02489,173.46778,0.03681,-0.00059,-0.00005,0.00000
moon,2028-07-23,24,dec,12.45179,-2.89355,-0.04641,0.00223,0.00001,-0.00000
moon,2028-07-23,24,hp,60.59182,0.05605,-0.01659,0.00002
moon,2028-07-24,24,gha,327.22496,173.72338,0.02615,-0.00112,-0.00002,0.00000
moon,2028-07-24,24,dec,6.37847,-3.15744,-0.01964,0.00219,-0.00001,-0.00000
moon,2028-07-24,24,hp,60.57435,-0.07237,-0.01522,0.00020
moon,2028-07-25,24,gha,314.83521,173.87447,0.01131,-0.00130,-0.00000,0.00000
moon,2028-07-25,24,dec,-0.01234,-3.21234,0.00557,0.00200,-0.00001,-0.00000
moon,2028-07-25,24,hp,60.31690,-0.18250,-0.01212,0.00031
moon,2028-07-26,24,gha,302.62573,173.90334,-0.00392,-0.00120,0.00001,0.00000
moon,2028-07-26,24,dec,-6.31937,-3.07589,0.02812,0.00176,-0.00001,0.00000
moon,2028-07-26,24,hp,59.86713,-0.26399,-0.00820,0.00034
moon,2028-07-27,24,gha,290.35897,173.81943,-0.01646,-0.00085,0.00003,0.00000
moon,2028-07-27,24,dec,-12.18214,-2.77045,0.04783,0.00153,-0.00001,-0.00000
moon,2028-07-27,24,hp,59.28613,-0.31377,-0.00431,0.00030
moon,2028-07-28,24,gha,277.84010,173.65589,-0.02340,-0.00027,0.00004,0.00000
moon,2028-07-28,24,dec,-17.28533,-2.31870,0.06467,0.00127,-0.00002,-0.00000
moon,2028-07-28,24,hp,58.63483,-0.33484,-0.00108,0.00023
moon,2028-07-29,24,gha,264.96325,173.46829,-0.02216,0.00049,0.00005,-0.00000
moon,2028-07-29,24,dec,-21.36060,-1.74538,0.07808,0.00094,-0.00002,-0.00000
moon,2028-07-29,24,hp,57.96436,-0.33370,0.00123,0.00015
moon,2028-07-30,24,gha,251.75055,173.32774,-0.01169,0.00122,0.00004,-0.00000
moon,2028-07-30,24,dec,-24.19608,-1.08287,0.08673,0.00048,-0.00003,-0.00000
moon,2028-07-30,24,hp,57.31174,-0.31775,0.00264,0.00008
moon,2028-07-31,24,gha,238.36497,173.30127,0.00576,0.00161,0.00001,-0.00000
moon,2028-07-31,24,dec,-25.65643,-0.37549,0.08911,-0.00009,-0.00004,0.00000
moon,2028-07-31,24,hp,56.69993,-0.29348,0.00334,0.00004
moon,2028-08-01,24,gha,225.07446,173.42404,0.02467,0.00146,-0.00003,-0.00000
moon,2028-08-01,24,dec,-25.70480,0.32339,0.08464,-0.00064,-0.00003,0.00000
moon,2028-08-01,24,hp,56.14070,-0.26554,0.00360,0.00001
moon,2028-08-02,24,gha,212.16928,173.68272,0.03898,0.00088,-0.00004,-0.00000
moon,2028-08-02,24,dec,-24.41055,0.96230,0.07440,-0.00103,-0.00002,0.00000
moon,2028-08-02,24,hp,55.63867,-0.23644,0.00367,0.00000
moon,2028-08-03,24,gha,199.87149,174.02475,0.04529,0.00018,-0.00004,0.00000
moon,2028-08-03,24,dec,-21.93282,1.50399,0.06071,-0.00121,-0.00000,0.00000
moon,2028-08-03,24,hp,55.19534,-0.20681,0.00376,0.00001
moon,2028-08-04,24,gha,188.28253,174.38499,0.04375,-0.00040,-0.00003,0.00000
moon,2028-08-04,24,dec,-18.48572,1.93084,0.04600,-0.00122,0.00000,0.00000
moon,2028-08-04,24,hp,54.81252,-0.17578,0.00403,0.00003
moon,2028-08-05,24,gha,177.38216,174.70856,0.03649,-0.00078,-0.00002,0.00000
moon,2028-08-05,24,dec,-14.30117,2.24199,0.03196,-0.00112,0.00001,0.00000
moon,2028-08-05,24,hp,54.49471,-0.14160,0.00455,0.00005
moon,2028-08-06,24,gha,527.05884,174.95923,0.02583,-0.00098,-0.00001,0.00000
moon,2028-08-06,24,dec,-9.60238,2.44629,0.01934,-0.00099,0.00001,-0.00000
moon,2028-08-06,24,hp,54.25021,-0.10226,0.00532,0.00007
moon,2028-08-07,24,gha,517.14532,175.11691,0.01342,-0.00108,-0.00000,0.00000
moon,2028-08-07,24,dec,-4.59121,2.55559,0.00818,-0.00088,0.00001,-0.00000
moon,2028-08-07,24,hp,54.09120,-0.05594,0.00628,0.00009
moon,2028-08-08,24,gha,507.44492,175.17164,0.00018,-0.00112,-0.00000,0.00000
moon,2028-08-08,24,dec,0.55292,2.58011,-0.00194,-0.00082,0.00000,-0.00000
moon,2028-08-08,24,hp,54.03290,-0.00148,0.00734,0.00009
moon,2028-08-09,24,gha,497.74659,175.11867,-0.01345,-0.00114,-0.00000,0.00000
moon,2028-08-09,24,dec,5.66671,2.52556,-0.01170,-0.00082,-0.00000,-0.00000
moon,2028-08-09,24,hp,54.09195,0.06139,0.00836,0.00008
moon,2028-08-10,24,gha,487.83301,174.95640,-0.02707,-0.00112,0.00000,0.00000
moon,2028-08-10,24,dec,10.59231,2.39152,-0.02194,-0.00090,-0.00001,-0.00000
moon,2028-08-10,24,hp,54.28445,0.13182,0.00921,0.00006
moon,2028-08-11,24,gha,477.48795,174.68789,-0.03984,-0.00099,0.00001,0.00000
moon,2028-08-11,24,dec,15.16420,2.17074,-0.03351,-0.00104,-0.00001,-0.00000
moon,2028-08-11,24,hp,54.62353,0.20767,0.00969,0.00002
moon,2028-08-12,24,gha,466.51043,174.32604,-0.05007,-0.00067,0.00003,0.00000
moon,2028-08-12,24,dec,19.19600,1.84977,-0.04705,-0.00122,-0.00001,0.00000
moon,2028-08-12,24,hp,55.11658,0.28532,0.00962,-0.00004
moon,2028-08-13,24,gha,454.74262,173.90211,-0.05487,-0.00008,0.00005,0.00000
moon,2028-08-13,24,dec,22.47108,1.41239,-0.06253,-0.00135,-0.00000,0.00000
moon,2028-08-13,24,hp,55.76197,0.35934,0.00875,-0.00011
moon,2028-08-14,24,gha,442.11467,173.47329,-0.05083,0.00078,0.00006,0.00000
moon,2028-08-14,24,dec,24.74430,0.84739,-0.07863,-0.00130,0.00001,0.00000
moon,2028-08-14,24,hp,56.54527,0.42235,0.00683,-0.00021
moon,2028-08-15,24,gha,428.69507,173.11939,-0.03614,0.00164,0.00004,-0.00000
moon,2028-08-15,24,dec,25.76409,0.16094,-0.09234,-0.00093,0.00003,0.00000
moon,2028-08-15,24,hp,57.43533,0.46506,0.00365,-0.00032
moon,2028-08-16,24,gha,414.71360,172.91808,-0.01348,0.00204,0.00000,-0.00000
moon,2028-08-16,24,dec,25.31950,-0.61158,-0.09955,-0.00023,0.00005,0.00000
moon,2028-08-16,24,hp,58.38119,0.47706,-0.00083,-0.00042
moon,2028-08-17,24,gha,400.51745,172.90511,0.00966,0.00171,-0.00004,-0.00000
moon,2028-08-17,24,dec,23.30181,-1.40399,-0.09699,0.00066,0.00006,-0.00000
moon,2028-08-17,24,hp,59.31166,0.44881,-0.00634,-0.00049
moon,2028-08-18,24,gha,386.46035,173.05081,0.02524,0.00084,-0.00006,-0.00000
moon,2028-08-18,24,dec,19.75345,-2.13348,-0.08394,0.00148,0.00004,-0.00000
moon,2028-08-18,24,hp,60.14007,0.37477,-0.01213,-0.00046
moon,2028-08-19,24,gha,372.78426,173.27669,0.02957,-0.00010,-0.00005,0.00000
moon,2028-08-19,24,dec,14.87910,-2.72290,-0.06241,0.00206,0.00003,-0.00000
moon,2028-08-19,24,hp,60.77609,0.25715,-0.01705,-0.00034
moon,2028-08-20,24,gha,359.56137,173.49576,0.02401,-0.00078,-0.00003,0.00000
moon,2028-08-20,24,dec,9.01647,-3.11749,-0.03575,0.00234,0.00001,-0.00000
moon,2028-08-20,24,hp,61.14356,0.10798,-0.01986,-0.00012
moon,2028-08-21,24,gha,346.71054,173.64372,0.01242,-0.00110,-0.00001,0.00000
moon,2028-08-21,24,dec,2.58517,-3.29015,-0.00738,0.00236,-0.00001,-0.00000
moon,2028-08-21,24,hp,61.19914,-0.05234,-0.01978,0.00013
moon,2028-08-22,24,gha,334.05471,173.68918,-0.00105,-0.00110,0.00001,0.00000
moon,2028-08-22,24,dec,-3.96633,-3.23854,0.01998,0.00218,-0.00002,-0.00000
moon,2028-08-22,24,hp,60.94385,-0.20055,-0.01691,0.00033
moon,2028-08-23,24,gha,321.38560,173.63194,-0.01275,-0.00081,0.00003,0.00000
moon,2028-08-23,24,dec,-10.20402,-2.97876,0.04444,0.00188,-0.00002,-0.00000
moon,2028-08-23,24,hp,60.42176,-0.31757,-0.01216,0.00044
moon,2028-08-24,24,gha,308.52271,173.49964,-0.01936,-0.00026,0.00004,0.00000
moon,2028-08-24,24,dec,-15.73890,-2.53916,0.06478,0.00150,-0.00003,-0.00000
moon,2028-08-24,24,hp,59.70640,-0.39328,-0.00677,0.00044
moon,2028-08-25,24,gha,295.36586,173.34451,-0.01815,0.00047,0.00005,-0.00000
moon,2028-08-25,24,dec,-20.24755,-1.95681,0.07998,0.00102,-0.00003,-0.00000
moon,2028-08-25,24,hp,58.88188,-0.42711,-0.00182,0.00037
moon,2028-08-26,24,gha,281.93648,173.23445,-0.00815,0.00116,0.00004,-0.00000
moon,2028-08-26,24,dec,-23.48885,-1.27698,0.08899,0.00047,-0.00004,-0.00000
moon,2028-08-26,24,hp,58.02610,-0.42544,0.00205,0.00027
moon,2028-08-27,24,gha,268.38992,173.23281,0.00837,0.00152,0.00001,-0.00000
moon,2028-08-27,24,dec,-25.32037,-0.55287,0.09099,-0.00013,-0.00004,0.00000
moon,2028-08-27,24,hp,57.20063,-0.39786,0.00466,0.00017
moon,2028-08-28,24,gha,254.97983,173.37197,0.02615,0.00137,-0.00002,-0.00000
moon,2028-08-28,24,dec,-25.70988,0.15930,0.08613,-0.00066,-0.00003,0.00000
moon,2028-08-28,24,hp,56.44742,-0.35413,0.00612,0.00008
moon,2028-08-29,24,gha,241.97906,173.63841,0.03949,0.00082,-0.00004,-0.00000
moon,2028-08-29,24,dec,-24.73200,0.81006,0.07594,-0.00101,-0.00002,0.00000
moon,2028-08-29,24,hp,55.79035,-0.30247,0.00669,0.00002
moon,2028-08-30,24,gha,229.59483,173.98220,0.04529,0.00015,-0.00004,0.00000
moon,2028-08-30,24,dec,-22.54505,1.36589,0.06276,-0.00116,-0.00000,0.00000
moon,2028-08-30,24,hp,55.23910,-0.24880,0.00666,-0.00002
moon,2028-08-31,24,gha,217.92036,174.34199,0.04370,-0.00039,-0.00003,0.00000
moon,2028-08-31,24,dec,-19.35558,1.81190,0.04875,-0.00116,0.00000,0.00000
moon,2028-08-31,24,hp,54.79385,-0.19674,0.00632,-0.00003
moon,2028-09-01,24,gha,206.93441,174.66624,0.03675,-0.00074,-0.00002,0.00000
moon,2028-09-01,24,dec,-15.38487,2.14761,0.03531,-0.00108,0.00001,0.00000
moon,2028-09-01,24,hp,54.44959,-0.14788,0.00589,-0.00003
moon,2028-09-02,24,gha,196.53015,174.92107,0.02664,-0.00092,-0.00001,0.00000
moon,2028-09-02,24,dec,-10.84690,2.38008,0.02297,-0.00098,0.00001,-0.00000
moon,2028-09-02,24,hp,54.19982,-0.10217,0.00556,-0.00002
moon,2028-09-03,24,gha,186.54905,175.08811,0.01498,-0.00101,-0.00000,0.00000
moon,2028-09-03,24,dec,-5.93919,2.51823,0.01170,-0.00090,0.00000,-0.00000
moon,2028-09-03,24,hp,54.03941,-0.05835,0.00543,0.00000
moon,2028-09-04,24,gha,176.80638,175.15898,0.00269,-0.00104,-0.00000,0.00000
moon,2028-09-04,24,dec,-0.84282,2.56934,0.00115,-0.00086,0.00000,-0.00000
moon,2028-09-04,24,hp,53.96643,-0.01450,0.00557,0.00002
moon,2028-09-05,24,gha,527.10644,175.13071,-0.00975,-0.00103,0.00000,0.00000
moon,2028-09-05,24,dec,4.27244,2.53734,-0.00915,-0.00086,-0.00000,-0.00000
moon,2028-09-05,24,hp,53.98313,0.03154,0.00597,0.00004
moon,2028-09-06,24,gha,517.25100,175.00369,-0.02193,-0.00099,0.00000,0.00000
moon,2028-09-06,24,dec,9.24065,2.42205,-0.01975,-0.00091,-0.00000,-0.00000
moon,2028-09-06,24,hp,54.09582,0.08166,0.00658,0.00006
moon,2028-09-07,24,gha,507.04641,174.78233,-0.03320,-0.00087,0.00001,0.00000
moon,2028-09-07,24,dec,13.89125,2.21905,-0.03115,-0.00100,-0.00001,-0.00000
moon,2028-09-07,24,hp,54.31397,0.13707,0.00727,0.00006
moon,2028-09-08,24,gha,496.31503,174.47871,-0.04226,-0.00061,0.00002,0.00000
moon,2028-09-08,24,dec,18.04108,1.92030,-0.04372,-0.00110,-0.00001,0.00000
moon,2028-09-08,24,hp,54.64837,0.19786,0.00790,0.00004
moon,2028-09-09,24,gha,484.91599,174.11822,-0.04707,-0.00016,0.00004,0.00000
moon,2028-09-09,24,dec,21.48917,1.51640,-0.05738,-0.00117,-0.00000,0.00000
moon,2028-09-09,24,hp,55.10861,0.26268,0.00825,0.00001
moon,2028-09-10,24,gha,472.77727,173.74460,-0.04520,0.00049,0.00004,0.00000
moon,2028-09-10,24,dec,24.01856,1.00139,-0.07130,-0.00113,0.00001,0.00000
moon,2028-09-10,24,hp,55.69979,0.32835,0.00807,-0.00004
moon,2028-09-11,24,gha,459.93175,173.41822,-0.03521,0.00116,0.00004,-0.00000
moon,2028-09-11,24,dec,25.41046,0.38027,-0.08356,-0.00088,0.00002,0.00000
moon,2028-09-11,24,hp,56.41852,0.38955,0.00709,-0.00012
moon,2028-09-12,24,gha,446.53664,173.20066,-0.01848,0.00156,0.00001,-0.00000
moon,2028-09-12,24,dec,25.47400,-0.32339,-0.09152,-0.00041,0.00004,0.00000
moon,2028-09-12,24,hp,57.24841,0.43859,0.00499,-0.00023
moon,2028-09-13,24,gha,432.84968,173.12791,0.00009,0.00145,-0.00002,-0.00000
moon,2028-09-13,24,dec,24.08678,-1.06484,-0.09272,0.00023,0.00004,0.00000
moon,2028-09-13,24,hp,58.15549,0.46564,0.00157,-0.00034
moon,2028-09-14,24,gha,419.15526,173.18954,0.01429,0.00086,-0.00005,-0.00000
moon,2028-09-14,24,dec,21.23217,-1.78410,-0.08592,0.00090,0.00004,-0.00000
moon,2028-09-14,24,hp,59.08493,0.45982,-0.00320,-0.00045
moon,2028-09-15,24,gha,405.67233,173.33234,0.02006,0.00010,-0.00005,0.00000
moon,2028-09-15,24,dec,17.01834,-2.41764,-0.07142,0.00150,0.00003,-0.00000
moon,2028-09-15,24,hp,59.96118,0.41164,-0.00893,-0.00050
moon,2028-09-16,24,gha,392.49262,173.48544,0.01706,-0.00056,-0.00003,0.00000
moon,2028-09-16,24,dec,11.67458,-2.90867,-0.05052,0.00196,0.00002,-0.00000
moon,2028-09-16,24,hp,60.69436,0.31670,-0.01472,-0.00045
moon,2028-09-17,24,gha,379.57302,173.58709,0.00766,-0.00096,-0.00002,0.00000
moon,2028-09-17,24,dec,5.53196,-3.21261,-0.02492,0.00228,0.00001,-0.00000
moon,2028-09-17,24,hp,61.19447,0.17962,-0.01926,-0.00029
moon,2028-09-18,24,gha,366.77002,173.59958,-0.00470,-0.00105,0.00000,0.00000
moon,2028-09-18,24,dec,-1.00405,-3.29983,0.00334,0.00240,0.00000,-0.00000
moon,2028-09-18,24,hp,61.39153,0.01575,-0.02127,-0.00004
moon,2028-09-19,24,gha,353.89332,173.51403,-0.01629,-0.00083,0.00002,0.00000
moon,2028-09-19,24,dec,-7.48605,-3.15838,0.03187,0.00232,-0.00001,-0.00000
moon,2028-09-19,24,hp,61.25474,-0.15156,-0.02010,0.00023
moon,2028-09-20,24,gha,340.76518,173.35198,-0.02326,-0.00028,0.00004,0.00000
moon,2028-09-20,24,dec,-13.46295,-2.79672,0.05799,0.00200,-0.00003,-0.00000
moon,2028-09-20,24,hp,60.80209,-0.29776,-0.01611,0.00042
moon,2028-09-21,24,gha,327.28138,173.16524,-0.02202,0.00052,0.00005,0.00000
moon,2028-09-21,24,dec,-18.52233,-2.24518,0.07894,0.00146,-0.00004,-0.00000
moon,2028-09-21,24,hp,60.09505,-0.40454,-0.01044,0.00050
moon,2028-09-22,24,gha,313.46539,173.02811,-0.01084,0.00132,0.00004,-0.00000
moon,2028-09-22,24,dec,-22.33397,-1.55537,0.09224,0.00074,-0.00005,-0.00000
moon,2028-09-22,24,hp,59.22149,-0.46404,-0.00447,0.00048
moon,2028-09-23,24,gha,299.49179,173.01414,0.00811,0.00175,0.00001,-0.00000
moon,2028-09-23,24,dec,-24.68830,-0.79554,0.09634,-0.00005,-0.00005,0.00000
moon,2028-09-23,24,hp,58.27480,-0.47830,0.00074,0.00039
moon,2028-09-24,24,gha,285.65128,173.16256,0.02868,0.00158,-0.00003,-0.00000
moon,2028-09-24,24,dec,-25.51904,-0.03919,0.09158,-0.00071,-0.00003,0.00000
moon,2028-09-24,24,hp,57.33741,-0.45581,0.00467,0.00027
moon,2028-09-25,24,gha,272.25887,173.45781,0.04398,0.00092,-0.00005,-0.00000
moon,2028-09-25,24,dec,-24.89767,0.65113,0.08029,-0.00112,-0.00002,0.00000
moon,2028-09-25,24,hp,56.47201,-0.40747,0.00722,0.00016
moon,2028-09-26,24,gha,259.55204,173.84068,0.05038,0.00015,-0.00005,0.00000
moon,2028-09-26,24,dec,-22.99789,1.23657,0.06584,-0.00125,-0.00000,0.00000
moon,2028-09-26,24,hp,55.71966,-0.34376,0.00855,0.00007
moon,2028-09-27,24,gha,247.63415,174.23969,0.04831,-0.00046,-0.00003,0.00000
moon,2028-09-27,24,dec,-20.04532,1.70365,0.05103,-0.00120,0.00001,0.00000
moon,2028-09-27,24,hp,55.10229,-0.27329,0.00895,0.00000
moon,2028-09-28,24,gha,236.47751,174.59706,0.04039,-0.00082,-0.00002,0.00000
moon,2028-09-28,24,dec,-16.27378,2.05654,0.03742,-0.00107,0.00001,-0.00000
moon,2028-09-28,24,hp,54.62683,-0.20238,0.00870,-0.00004
moon,2028-09-29,24,gha,225.96091,174.87710,0.02932,-0.00100,-0.00001,0.00000
moon,2028-09-29,24,dec,-11.90038,2.30683,0.02537,-0.00094,0.00001,-0.00000
moon,2028-09-29,24,hp,54.28977,-0.13522,0.00805,-0.00006
moon,2028-09-30,24,gha,215.91078,175.06244,0.01692,-0.00106,-0.00000,0.00000
moon,2028-09-30,24,dec,-7.11854,2.46600,0.01456,-0.00087,0.00000,-0.00000
moon,2028-09-30,24,hp,54.08117,-0.07408,0.00722,-0.00007
moon,2028-10-01,24,gha,206.13079,175.14697,0.00421,-0.00106,0.00000,0.00000
moon,2028-10-01,24,dec,-2.10248,2.54158,0.00438,-0.00084,-0.00000,-0.00000
moon,2028-10-01,24,hp,53.98807,-0.01972,0.00638,-0.00007
moon,2028-10-02,24,gha,196.41854,175.13035,-0.00831,-0.00102,0.00000,0.00000
moon,2028-10-02,24,dec,2.98358,2.53597,-0.00583,-0.00087,-0.00000,-0.00000
moon,2028-10-02,24,hp,53.99733,0.02840,0.00567,-0.00005
moon,2028-10-03,24,gha,186.57457,175.01574,-0.02022,-0.00095,0.00001,0.00000
moon,2028-10-03,24,dec,7.97522,2.44669,-0.01661,-0.00094,-0.00001,-0.00000
moon,2028-10-03,24,hp,54.09785,0.07173,0.00520,-0.00003
moon,2028-10-04,24,gha,176.40956,174.81037,-0.03086,-0.00081,0.00001,0.00000
moon,2028-10-04,24,dec,12.69911,2.26740,-0.02837,-0.00103,-0.00001,0.00000
moon,2028-10-04,24,hp,54.28208,0.11233,0.00499,-0.00001
moon,2028-10-05,24,gha,525.75564,174.52890,-0.03902,-0.00053,0.00002,0.00000
moon,2028-10-05,24,dec,16.96691,1.98969,-0.04120,-0.00111,-0.00000,0.00000
moon,2028-10-05,24,hp,54.54675,0.15240,0.00506,0.00001
moon,2028-10-06,24,gha,514.48601,174.19826,-0.04286,-0.00008,0.00003,0.00000
moon,2028-10-06,24,dec,20.57396,1.60605,-0.05475,-0.00114,0.00000,0.00000
moon,2028-10-06,24,hp,54.89272,0.19378,0.00531,0.00003
moon,2028-10-07,24,gha,502.54340,173.86120,-0.04037,0.00051,0.00004,0.00000
moon,2028-10-07,24,dec,23.30558,1.11455,-0.06796,-0.00104,0.00001,0.00000
moon,2028-10-07,24,hp,55.32369,0.23743,0.00560,0.00002
moon,2028-10-08,24,gha,489.96962,173.57315,-0.03062,0.00109,0.00003,-0.00000
moon,2028-10-08,24,dec,24.95407,0.52469,-0.07904,-0.00078,0.00002,0.00000
moon,2028-10-08,24,hp,55.84386,0.28285,0.00572,-0.00000
moon,2028-10-09,24,gha,476.91739,173.38748,-0.01524,0.00141,0.00001,-0.00000
moon,2028-10-09,24,dec,25.34638,-0.13811,-0.08590,-0.00034,0.00003,0.00000
moon,2028-10-09,24,hp,56.45465,0.32768,0.00541,-0.00005
moon,2028-10-10,24,gha,463.62376,173.33273,0.00132,0.00128,-0.00002,-0.00000
moon,2028-10-10,24,dec,24.37605,-0.83308,-0.08693,0.00018,0.00003,-0.00000
moon,2028-10-10,24,hp,57.15047,0.36728,0.00437,-0.00012
moon,2028-10-11,24,gha,450.34268,173.39653,0.01369,0.00074,-0.00004,-0.00000
moon,2028-10-11,24,dec,22.02741,-1.51120,-0.08171,0.00068,0.00003,-0.00000
moon,2028-10-11,24,hp,57.91415,0.39469,0.00232,-0.00022
moon,2028-10-12,24,gha,437.26516,173.52990,0.01843,0.00004,-0.00004,0.00000
moon,2028-10-12,24,dec,18.38267,-2.12449,-0.07086,0.00111,0.00002,-0.00000
moon,2028-10-12,24,hp,58.71261,0.40108,-0.00090,-0.00032
moon,2028-10-13,24,gha,424.46619,173.66834,0.01510,-0.00057,-0.00003,0.00000
moon,2028-10-13,24,dec,13.61359,-2.63160,-0.05529,0.00147,0.00002,-0.00000
moon,2028-10-13,24,hp,59.49438,0.37707,-0.00524,-0.00040
moon,2028-10-14,24,gha,411.89622,173.75366,0.00550,-0.00099,-0.00002,0.00000
moon,2028-10-14,24,dec,7.96814,-2.99744,-0.03560,0.00180,0.00002,-0.00000
moon,2028-10-14,24,hp,60.19089,0.31525,-0.01025,-0.00042
moon,2028-10-15,24,gha,399.40722,173.74638,-0.00762,-0.00116,-0.00000,0.00000
moon,2028-10-15,24,dec,1.76050,-3.19067,-0.01219,0.00209,0.00002,-0.00000
moon,2028-10-15,24,hp,60.72378,0.21365,-0.01503,-0.00036
moon,2028-10-16,24,gha,386.79555,173.63066,-0.02111,-0.00104,0.00002,0.00000
moon,2028-10-16,24,dec,-4.63600,-3.18376,0.01428,0.00230,0.00001,-0.00000
moon,2028-10-16,24,hp,61.01896,0.07871,-0.01841,-0.00019
moon,2028-10-17,24,gha,373.85282,173.41815,-0.03121,-0.00058,0.00004,0.00000
moon,2028-10-17,24,dec,-10.80118,-2.95817,0.04214,0.00231,-0.00001,-0.00000
moon,2028-10-17,24,hp,61.02451,-0.07395,-0.01935,0.00004
moon,2028-10-18,24,gha,360.42640,173.15349,-0.03349,0.00025,0.00006,0.00000
moon,2028-10-18,24,dec,-16.29517,-2.51390,0.06841,0.00201,-0.00003,-0.00000
moon,2028-10-18,24,hp,60.72611,-0.22288,-0.01748,0.00027
moon,2028-10-19,24,gha,346.48746,172.91527,-0.02424,0.00129,0.00006,-0.00000
moon,2028-10-19,24,dec,-20.70598,-1.87973,0.08898,0.00136,-0.00005,-0.00000
moon,2028-10-19,24,hp,60.15279,-0.34690,-0.01325,0.00042
moon,2028-10-20,24,gha,332.18410,172.79869,-0.00352,0.00208,0.00003,-0.00000
moon,2028-10-20,24,dec,-23.71266,-1.11787,0.09985,0.00043,-0.00006,-0.00000
moon,2028-10-20,24,hp,59.37002,-0.43126,-0.00774,0.00048
moon,2028-10-21,24,gha,317.83540,172.87444,0.02257,0.00214,-0.00002,-0.00000
moon,2028-10-21,24,dec,-25.14509,-0.31514,0.09917,-0.00052,-0.00005,0.00000
moon,2028-10-21,24,hp,58.46357,-0.47051,-0.00213,0.00044
moon,2028-10-22,24,gha,303.83947,173.14807,0.04462,0.00145,-0.00006,-0.00000
moon,2028-10-22,24,dec,-25.01062,0.44080,0.08865,-0.00118,-0.00003,0.00000
moon,2028-10-22,24,hp,57.52146,-0.46757,0.00271,0.00036
moon,2028-10-23,24,gha,290.53584,173.55785,0.05608,0.00046,-0.00006,0.00000
moon,2028-10-23,24,dec,-23.46877,1.08766,0.07261,-0.00144,-0.00000,0.00000
moon,2028-10-23,24,hp,56.62026,-0.43061,0.00634,0.00025
moon,2028-10-24,24,gha,278.10661,174.01304,0.05626,-0.00038,-0.00004,0.00000
moon,2028-10-24,24,dec,-20.76712,1.59970,0.05550,-0.00138,0.00001,0.00000
moon,2028-10-24,24,hp,55.81799,-0.36969,0.00871,0.00015
moon,2028-10-25,24,gha,266.56137,174.43512,0.04837,-0.00088,-0.00002,0.00000
moon,2028-10-25,24,dec,-17.17411,1.98040,0.04002,-0.00119,0.00001,0.00000
moon,2028-10-25,24,hp,55.15282,-0.29445,0.00995,0.00006
moon,2028-10-26,24,gha,255.78159,174.77491,0.03617,-0.00111,-0.00001,0.00000
moon,2028-10-26,24,dec,-12.93569,2.24720,0.02703,-0.00098,0.00001,-0.00000
moon,2028-10-26,24,hp,54.64510,-0.21299,0.01030,-0.00000
moon,2028-10-27,24,gha,245.57729,175.00922,0.02229,-0.00118,-0.00000,0.00000
moon,2028-10-27,24,dec,-8.26047,2.41897,0.01616,-0.00084,0.00001,-0.00000
moon,2028-10-27,24,hp,54.30077,-0.13162,0.00996,-0.00005
moon,2028-10-28,24,gha,235.72907,175.13074,0.00811,-0.00117,0.00000,0.00000
moon,2028-10-28,24,dec,-3.32428,2.50919,0.00650,-0.00078,0.00000,-0.00000
moon,2028-10-28,24,hp,54.11489,-0.05494,0.00915,-0.00008
moon,2028-10-29,24,gha,226.01125,175.13990,-0.00574,-0.00113,0.00000,0.00000
moon,2028-10-29,24,dec,1.71640,2.52364,-0.00293,-0.00080,-0.00000,-0.00000
moon,2028-10-29,24,hp,54.07476,0.01387,0.00802,-0.00010
moon,2028-10-30,24,gha,216.20301,175.04093,-0.01886,-0.00105,0.00001,0.00000
moon,2028-10-30,24,dec,6.70885,2.46040,-0.01304,-0.00089,-0.00001,-0.00000
moon,2028-10-30,24,hp,54.16264,0.07293,0.00673,-0.00011
moon,2028-10-31,24,gha,206.09574,174.84200,-0.03060,-0.00089,0.00001,0.00000
moon,2028-10-31,24,dec,11.49002,2.31123,-0.02449,-0.00102,-0.00001,-0.00000
moon,2028-10-31,24,hp,54.35817,0.12150,0.00542,-0.00011
moon,2028-11-01,24,gha,195.50400,174.55864,-0.03972,-0.00060,0.00002,0.00000
moon,2028-11-01,24,dec,15.87614,2.06400,-0.03755,-0.00115,-0.00001,0.00000
moon,2028-11-01,24,hp,54.64063,0.15995,0.00422,-0.00009
moon,2028-11-02,24,gha,184.28590,174.21950,-0.04421,-0.00012,0.00004,0.00000
moon,2028-11-02,24,dec,19.65897,1.70691,-0.05184,-0.00121,-0.00000,0.00000
moon,2028-11-02,24,hp,54.99104,0.18965,0.00324,-0.00007
moon,2028-11-03,24,gha,532.37439,173.87102,-0.04175,0.00054,0.00004,0.00000
moon,2028-11-03,24,dec,22.61248,1.23473,-0.06606,-0.00113,0.00001,0.00000
moon,2028-11-03,24,hp,55.39397,0.21270,0.00256,-0.00004
moon,2028-11-04,24,gha,519.81144,173.57492,-0.03110,0.00121,0.00004,-0.00000
moon,2028-11-04,24,dec,24.51360,0.65643,-0.07799,-0.00083,0.00003,0.00000
moon,2028-11-04,24,hp,55.83848,0.23149,0.00217,-0.00002
moon,2028-11-05,24,gha,506.76411,173.39210,-0.01394,0.00158,0.00001,-0.00000
moon,2028-11-05,24,dec,25.17661,0.00066,-0.08508,-0.00033,0.00004,0.00000
moon,2028-11-05,24,hp,56.31821,0.24809,0.00200,-0.00001
moon,2028-11-06,24,gha,493.49682,173.35621,0.00472,0.00144,-0.00003,-0.00000
moon,2028-11-06,24,dec,24.49157,-0.68614,-0.08561,0.00024,0.00004,-0.00000
moon,2028-11-06,24,hp,56.82996,0.26354,0.00186,-0.00002
moon,2028-11-07,24,gha,480.29578,173.45453,0.01881,0.00085,-0.00005,-0.00000
moon,2028-11-07,24,dec,22.45009,-1.35028,-0.07955,0.00075,0.00003,-0.00000
moon,2028-11-07,24,hp,57.37099,0.27721,0.00151,-0.00004
moon,2028-11-08,24,gha,467.37862,173.63302,0.02447,0.00009,-0.00005,0.00000
moon,2028-11-08,24,dec,19.14610,-1.94436,-0.06836,0.00109,0.00002,-0.00000
moon,2028-11-08,24,hp,57.93528,0.28641,0.00070,-0.00009
moon,2028-11-09,24,gha,454.83519,173.82091,0.02133,-0.00058,-0.00004,0.00000
moon,2028-11-09,24,dec,14.75499,-2.43462,-0.05382,0.00131,0.00001,-0.00000
moon,2028-11-09,24,hp,58.50935,0.28639,-0.00082,-0.00016
moon,2028-11-10,24,gha,442.61925,173.95483,0.01135,-0.00104,-0.00002,0.00000
moon,2028-11-10,24,dec,9.50721,-2.79914,-0.03702,0.00148,0.00001,0.00000
moon,2028-11-10,24,hp,59.06858,0.27088,-0.00317,-0.00023
moon,2028-11-11,24,gha,430.57662,173.99074,-0.00279,-0.00128,-0.00001,0.00000
moon,2028-11-11,24,dec,3.67134,-3.02099,-0.01812,0.00167,0.00001,0.00000
moon,2028-11-11,24,hp,59.57554,0.23352,-0.00625,-0.00028
moon,2028-11-12,24,gha,418.48646,173.90607,-0.01839,-0.00128,0.00001,0.00000
moon,2028-11-12,24,dec,-2.44957,-3.08215,0.00321,0.00189,0.00001,-0.00000
moon,2028-11-12,24,hp,59.98178,0.16987,-0.00966,-0.00028
moon,2028-11-13,24,gha,406.10505,173.70078,-0.03244,-0.00100,0.00003,0.00000
moon,2028-11-13,24,dec,-8.51396,-2.96234,0.02708,0.00208,0.00001,-0.00000
moon,2028-11-13,24,hp,60.23409,0.07988,-0.01272,-0.00022
moon,2028-11-14,24,gha,393.21561,173.40268,-0.04092,-0.00034,0.00005,0.00000
moon,2028-11-14,24,dec,-14.14196,-2.64449,0.05245,0.00211,-0.00001,-0.00000
moon,2028-11-14,24,hp,60.28518,-0.03037,-0.01461,-0.00009
moon,2028-11-15,24,gha,379.69235,173.07563,-0.03899,0.00071,0.00007,0.00000
moon,2028-11-15,24,dec,-18.93335,-2.12685,0.07645,0.00182,-0.00003,-0.00000
moon,2028-11-15,24,hp,60.10611,-0.14877,-0.01469,0.00008
moon,2028-11-16,24,gha,365.57297,172.81801,-0.02339,0.00186,0.00006,-0.00000
moon,2028-11-16,24,dec,-22.51344,-1.43819,0.09446,0.00111,-0.00006,-0.00000
moon,2028-11-16,24,hp,59.69604,-0.25968,-0.01276,0.00024
moon,2028-11-17,24,gha,351.10254,172.73408,0.00353,0.00250,0.00001,-0.00000
moon,2028-11-17,24,dec,-24.60363,-0.64582,0.10185,0.00010,-0.00007,0.00000
moon,2028-11-17,24,hp,59.08520,-0.34816,-0.00917,0.00035
moon,2028-11-18,24,gha,336.69304,172.88073,0.03259,0.00220,-0.00005,-0.00000
moon,2028-11-18,24,dec,-25.08919,0.15616,0.09695,-0.00087,-0.00005,0.00000
moon,2028-11-18,24,hp,58.32948,-0.40382,-0.00467,0.00039
moon,2028-11-19,24,gha,322.78781,173.23131,0.05327,0.00119,-0.00007,-0.00000
moon,2028-11-19,24,dec,-24.04278,0.87819,0.08253,-0.00146,-0.00002,0.00000
moon,2028-11-19,24,hp,57.49913,-0.42270,-0.00009,0.00037
moon,2028-11-20,24,gha,309.70786,173.69492,0.06070,0.00008,-0.00006,0.00000
moon,2028-11-20,24,dec,-21.68420,1.46482,0.06390,-0.00159,0.00000,0.00000
moon,2028-11-20,24,hp,56.66629,-0.40677,0.00396,0.00030
moon,2028-11-21,24,gha,297.57587,174.16965,0.05662,-0.00070,-0.00004,0.00000
moon,2028-11-21,24,dec,-18.30231,1.90185,0.04565,-0.00142,0.00002,0.00000
moon,2028-11-21,24,hp,55.89498,-0.36191,0.00711,0.00022
moon,2028-11-22,24,gha,286.33571,174.58088,0.04548,-0.00111,-0.00002,0.00000
moon,2028-11-22,24,dec,-14.18434,2.20318,0.03014,-0.00116,0.00002,-0.00000
moon,2028-11-22,24,hp,55.23552,-0.29574,0.00929,0.00014
moon,2028-11-23,24,gha,275.81699,174.88843,0.03114,-0.00126,-0.00000,0.00000
moon,2028-11-23,24,dec,-9.57787,2.39293,0.01770,-0.00092,0.00001,-0.00000
moon,2028-11-23,24,hp,54.72277,-0.21599,0.01053,0.00007
moon,2028-11-24,24,gha,265.79469,175.07651,0.01584,-0.00128,0.00000,0.00000
moon,2028-11-24,24,dec,-4.68347,2.49304,0.00758,-0.00078,0.00001,-0.00000
moon,2028-11-24,24,hp,54.37679,-0.12963,0.01095,0.00001
moon,2028-11-25,24,gha,256.02599,175.14209,0.00060,-0.00125,0.00000,0.00000
moon,2028-11-25,24,dec,0.33449,2.51746,-0.00140,-0.00073,-0.00000,-0.00000
moon,2028-11-25,24,hp,54.20472,-0.04266,0.01070,-0.00005
moon,2028-11-26,24,gha,246.26797,175.08761,-0.01412,-0.00119,0.00000,0.00000
moon,2028-11-26,24,dec,5.32998,2.47051,-0.01043,-0.00079,-0.00001,-0.00000
moon,2028-11-26,24,hp,54.20264,0.03988,0.00986,-0.00009
moon,2028-11-27,24,gha,236.28601,174.91899,-0.02783,-0.00108,0.00001,0.00000
moon,2028-11-27,24,dec,10.15624,2.34729,-0.02060,-0.00092,-0.00001,-0.00000
moon,2028-11-27,24,hp,54.35736,0.11373,0.00854,-0.00013
moon,2028-11-28,24,gha,225.86275,174.64802,-0.03949,-0.00084,0.00002,0.00000
moon,2028-11-28,24,dec,14.64899,2.13540,-0.03268,-0.00110,-0.00001,0.00000
moon,2028-11-28,24,hp,54.64789,0.17537,0.00682,-0.00016
moon,2028-11-29,24,gha,214.81567,174.29853,-0.04710,-0.00039,0.00004,0.00000
moon,2028-11-29,24,dec,18.61472,1.81854,-0.04681,-0.00125,-0.00001,0.00000
moon,2028-11-29,24,hp,55.04701,0.22210,0.00483,-0.00017
moon,2028-11-30,24,gha,203.02877,173.91393,-0.04783,0.00030,0.00005,0.00000
moon,2028-11-30,24,dec,21.82904,1.38301,-0.06212,-0.00127,0.00000,0.00000
moon,2028-11-30,24,hp,55.52325,0.25238,0.00273,-0.00017
moon,2028-12-01,24,gha,190.49537,173.55984,-0.03924,0.00113,0.00005,-0.00000
moon,2028-12-01,24,dec,24.05147,0.82752,-0.07637,-0.00106,0.00002,0.00000
moon,2028-12-01,24,hp,56.04339,0.26608,0.00072,-0.00016
moon,2028-12-02,24,gha,177.35271,173.31228,-0.02155,0.00176,0.00002,-0.00000
moon,2028-12-02,24,dec,25.06068,0.17341,-0.08627,-0.00055,0.00004,0.00000
moon,2028-12-02,24,hp,56.57565,0.26475,-0.00100,-0.00013
moon,2028-12-03,24,gha,523.87440,173.22791,0.00058,0.00183,-0.00002,-0.00000
moon,2028-12-03,24,dec,24.70428,-0.53199,-0.08887,0.00013,0.00004,-0.00000
moon,2028-12-03,24,hp,57.09287,0.25142,-0.00226,-0.00008
moon,2028-12-04,24,gha,510.39926,173.31295,0.01972,0.00128,-0.00005,-0.00000
moon,2028-12-04,24,dec,22.94254,-1.22504,-0.08324,0.00079,0.00004,-0.00000
moon,2028-12-04,24,hp,57.57501,0.23011,-0.00299,-0.00004
moon,2028-12-05,24,gha,497.22156,173.51795,0.03002,0.00042,-0.00006,0.00000
moon,2028-12-05,24,dec,19.86246,-1.84472,-0.07089,0.00123,0.00002,-0.00000
moon,2028-12-05,24,hp,58.01016,0.20480,-0.00328,-0.00001
moon,2028-12-06,24,gha,484.50320,173.76364,0.02998,-0.00039,-0.00004,0.00000
moon,2028-12-06,24,dec,15.65597,-2.34816,-0.05458,0.00145,0.00001,-0.00000
moon,2028-12-06,24,hp,58.39339,0.17841,-0.00330,0.00000
moon,2028-12-07,24,gha,472.24771,173.97384,0.02157,-0.00096,-0.00003,0.00000
moon,2028-12-07,24,dec,10.57931,-2.71353,-0.03664,0.00152,0.00000,-0.00000
moon,2028-12-07,24,hp,58.72372,0.15188,-0.00335,-0.00001
moon,2028-12-08,24,gha,460.32688,174.09391,0.00790,-0.00128,-0.00001,0.00000
moon,2028-12-08,24,dec,4.91743,-2.93296,-0.01816,0.00156,0.00000,0.00000
moon,2028-12-08,24,hp,58.99988,0.12400,-0.00368,-0.00004
moon,2028-12-09,24,gha,448.52764,174.09343,-0.00818,-0.00137,0.00000,0.00000
moon,2028-12-09,24,dec,-1.03408,-3.00272,0.00083,0.00162,0.00001,0.00000
moon,2028-12-09,24,hp,59.21630,0.09177,-0.00445,-0.00008
moon,2028-12-10,24,gha,436.59791,173.96359,-0.02405,-0.00124,0.00002,0.00000
moon,2028-12-10,24,dec,-6.97021,-2.91673,0.02085,0.00172,0.00001,-0.00000
moon,2028-12-10,24,hp,59.36061,0.05153,-0.00566,-0.00011
moon,2028-12-11,24,gha,424.28990,173.71789,-0.03662,-0.00081,0.00004,0.00000
moon,2028-12-11,24,dec,-12.57007,-2.66537,0.04215,0.00181,0.00000,-0.00000
moon,2028-12-11,24,hp,59.41385,0.00051,-0.00710,-0.00012
moon,2028-12-12,24,gha,411.41067,173.39853,-0.04180,0.00000,0.00006,0.00000
moon,2028-12-12,24,dec,-17.49465,-2.24113,0.06382,0.00176,-0.00001,-0.00000
moon,2028-12-12,24,hp,59.35381,-0.06161,-0.00837,-0.00009
moon,2028-12-13,24,gha,397.88618,173.08240,-0.03528,0.00111,0.00007,-0.00000
moon,2028-12-13,24,dec,-21.40261,-1.65068,0.08316,0.00140,-0.00003,-0.00000
moon,2028-12-13,24,hp,59.16107,-0.13168,-0.00902,-0.00002
moon,2028-12-14,24,gha,383.82399,172.87185,-0.01559,0.00211,0.00005,-0.00000
moon,2028-12-14,24,dec,-23.99313,-0.92918,0.09592,0.00067,-0.00006,-0.00000
moon,2028-12-14,24,hp,58.82596,-0.20314,-0.00868,0.00008
moon,2028-12-15,24,gha,369.52936,172.85696,0.01243,0.00242,-0.00001,-0.00000
moon,2028-12-15,24,dec,-25.06991,-0.14562,0.09830,-0.00028,-0.00006,0.00000
moon,2028-12-15,24,hp,58.35428,-0.26731,-0.00720,0.00017
moon,2028-12-16,24,gha,355.43004,173.06573,0.03875,0.00184,-0.00006,-0.00000
moon,2028-12-16,24,dec,-24.59617,0.61216,0.08970,-0.00110,-0.00004,0.00000
moon,2028-12-16,24,hp,57.76940,-0.31550,-0.00473,0.00024
moon,2028-12-17,24,gha,341.92942,173.44694,0.05468,0.00078,-0.00007,0.00000
moon,2028-12-17,24,dec,-22.70272,1.26768,0.07342,-0.00154,-0.00001,0.00000
moon,2028-12-17,24,hp,57.11018,-0.34112,-0.00162,0.00027
moon,2028-12-18,24,gha,329.27791,173.90422,0.05791,-0.00020,-0.00005,0.00000
moon,2028-12-18,24,dec,-19.63994,1.77921,0.05440,-0.00158,0.00001,0.00000
moon,2028-12-18,24,hp,56.42541,-0.34091,0.00167,0.00027
moon,2028-12-19,24,gha,317.53327,174.34563,0.05133,-0.00084,-0.00003,0.00000
moon,2028-12-19,24,dec,-15.70436,2.14145,0.03651,-0.00138,0.00002,0.00000
moon,2028-12-19,24,hp,55.76685,-0.31509,0.00473,0.00024
moon,2028-12-20,24,gha,306.59889,174.70983,0.03918,-0.00115,-0.00001,0.00000
moon,2028-12-20,24,dec,-11.17874,2.37168,0.02151,-0.00112,0.00002,-0.00000
moon,2028-12-20,24,hp,55.18305,-0.26656,0.00731,0.00019
moon,2028-12-21,24,gha,296.28667,174.96581,0.02462,-0.00126,-0.00000,0.00000
moon,2028-12-21,24,dec,-6.30285,2.49421,0.00951,-0.00089,0.00001,-0.00000
moon,2028-12-21,24,hp,54.71496,-0.19991,0.00926,0.00013
moon,2028-12-22,24,gha,286.36712,175.10194,0.00938,-0.00127,0.00000,0.00000
moon,2028-12-22,24,dec,-1.27044,2.53002,-0.00032,-0.00076,0.00001,-0.00000
moon,2028-12-22,24,hp,54.39359,-0.12040,0.01052,0.00008
moon,2028-12-23,24,gha,276.59780,175.11608,-0.00580,-0.00125,0.00000,0.00000
moon,2028-12-23,24,dec,3.75887,2.49196,-0.00914,-0.00073,-0.00000,-0.00000
moon,2028-12-23,24,hp,54.23923,-0.03346,0.01112,0.00002
moon,2028-12-24,24,gha,266.73657,175.01042,-0.02051,-0.00119,0.00001,0.00000
moon,2028-12-24,24,dec,8.64159,2.38325,-0.01816,-0.00079,-0.00001,-0.00000
moon,2028-12-24,24,hp,54.26138,0.05556,0.01104,-0.00003
moon,2028-12-25,24,gha,256.54949,174.79121,-0.03405,-0.00105,0.00001,0.00000
moon,2028-12-25,24,dec,13.23117,2.19774,-0.02848,-0.00094,-0.00001,-0.00000
moon,2028-12-25,24,hp,54.45890,0.14134,0.01030,-0.00009
moon,2028-12-26,24,gha,245.82279,174.47296,-0.04497,-0.00074,0.00003,0.00000
moon,2028-12-26,24,dec,17.36086,1.92162,-0.04088,-0.00113,-0.00001,0.00000
moon,2028-12-26,24,hp,54.81993,0.21851,0.00889,-0.00015
moon,2028-12-27,24,gha,234.38678,174.08620,-0.05073,-0.00018,0.00004,0.00000
moon,2028-12-27,24,dec,20.83227,1.53771,-0.05536,-0.00127,-0.00001,0.00000
moon,2028-12-27,24,hp,55.32179,0.28161,0.00679,-0.00020
moon,2028-12-28,24,gha,222.15579,173.68495,-0.04815,0.00064,0.00006,0.00000
moon,2028-12-28,24,dec,23.41621,1.03345,-0.07066,-0.00124,0.00001,0.00000
moon,2028-12-28,24,hp,55.93109,0.32543,0.00408,-0.00025
moon,2028-12-29,24,gha,209.17541,173.34545,-0.03523,0.00149,0.00005,-0.00000
moon,2028-12-29,24,dec,24.87358,0.41284,-0.08392,-0.00092,0.00003,0.00000
moon,2028-12-29,24,hp,56.60475,0.34560,0.00091,-0.00028
moon,2028-12-30,24,gha,195.64855,173.14551,-0.01391,0.00197,0.00001,-0.00000
moon,2028-12-30,24,dec,24.99992,-0.29270,-0.09134,-0.00028,0.00005,0.00000
moon,2028-12-30,24,hp,57.29274,0.33962,-0.00240,-0.00027
moon,2028-12-31,24,gha,181.90269,173.12794,0.00917,0.00177,-0.00003,-0.00000
moon,2028-12-31,24,dec,23.68248,-1.02363,-0.09001,0.00051,0.00005,-0.00000
moon,2028-12-31,24,hp,57.94283,0.30793,-0.00545,-0.00023
moon,2029-01-01,24,gha,528.29094,173.27447,0.02611,0.00100,-0.00006,-0.00000
moon,2029-01-01,24,dec,20.94317,-1.70702,-0.07964,0.00119,0.00004,-0.00000
moon,2029-01-01,24,hp,58.50723,0.25453,-0.00777,-0.00015
moon,2029-01-02,24,gha,515.07548,173.51538,0.03249,0.00007,-0.00005,0.00000
moon,2029-01-02,24,dec,16.94308,-2.27881,-0.06257,0.00161,0.00002,-0.00000
moon,2029-01-02,24,hp,58.94948,0.18667,-0.00903,-0.00006
moon,2029-01-03,24,gha,502.35925,173.76518,0.02867,-0.00067,-0.00004,0.00000
moon,2029-01-03,24,dec,11.94871,-2.69846,-0.04206,0.00177,0.00000,-0.00000
moon,2029-01-03,24,hp,59.24961,0.11337,-0.00914,0.00004
moon,2029-01-04,24,gha,490.08739,173.95381,0.01771,-0.00111,-0.00002,0.00000
moon,2029-01-04,24,dec,6.28288,-2.94958,-0.02073,0.00177,-0.00000,-0.00000
moon,2029-01-04,24,hp,59.40550,0.04323,-0.00829,0.00010
moon,2029-01-05,24,gha,478.09156,174.03812,0.00305,-0.00129,-0.00000,0.00000
moon,2029-01-05,24,dec,0.28441,-3.03151,0.00013,0.00171,-0.00000,0.00000
moon,2029-01-05,24,hp,59.42994,-0.01763,-0.00688,0.00013
moon,2029-01-06,24,gha,466.14307,174.00052,-0.01237,-0.00124,0.00001,0.00000
moon,2029-01-06,24,dec,-5.71346,-2.94959,0.02025,0.00165,-0.00000,0.00000
moon,2029-01-06,24,hp,59.34437,-0.06669,-0.00540,0.00012
moon,2029-01-07,24,gha,454.00074,173.84597,-0.02575,-0.00095,0.00003,0.00000
moon,2029-01-07,24,dec,-11.38837,-2.70901,0.03982,0.00161,-0.00000,-0.00000
moon,2029-01-07,24,hp,59.17184,-0.10484,-0.00420,0.00008
moon,2029-01-08,24,gha,441.45692,173.60345,-0.03384,-0.00035,0.00005,0.00000
moon,2029-01-08,24,dec,-16.42734,-2.31421,0.05873,0.00153,-0.00001,-0.00000
moon,2029-01-08,24,hp,58.93116,-0.13522,-0.00347,0.00004
moon,2029-01-09,24,gha,428.38953,173.32981,-0.03303,0.00052,0.00006,0.00000
moon,2029-01-09,24,dec,-20.53023,-1.77444,0.07580,0.00129,-0.00002,-0.00000
moon,2029-01-09,24,hp,58.63410,-0.16160,-0.00318,0.00001
moon,2029-01-10,24,gha,414.81629,173.10695,-0.02104,0.00146,0.00005,-0.00000
moon,2029-01-10,24,dec,-23.42897,-1.11366,0.08854,0.00079,-0.00004,-0.00000
moon,2029-01-10,24,hp,58.28560,-0.18687,-0.00315,-0.00000
moon,2029-01-11,24,gha,400.92562,173.02028,0.00037,0.00202,0.00001,-0.00000
moon,2029-01-11,24,dec,-24.92596,-0.37885,0.09390,0.00007,-0.00005,-0.00000
moon,2029-01-11,24,hp,57.88672,-0.21199,-0.00310,0.00001
moon,2029-01-12,24,gha,387.04629,173.12054,0.02446,0.00188,-0.00003,-0.00000
moon,2029-01-12,24,dec,-24.93896,0.36273,0.09016,-0.00068,-0.00004,0.00000
moon,2029-01-12,24,hp,57.43875,-0.23570,-0.00277,0.00005
moon,2029-01-13,24,gha,373.54697,173.39565,0.04303,0.00115,-0.00006,-0.00000
moon,2029-01-13,24,dec,-23.52563,1.04074,0.07837,-0.00124,-0.00002,0.00000
moon,2029-01-13,24,hp,56.94747,-0.25490,-0.00196,0.00009
moon,2029-01-14,24,gha,360.71542,173.77978,0.05142,0.00025,-0.00005,0.00000
moon,2029-01-14,24,dec,-20.86799,1.60307,0.06181,-0.00147,-0.00001,0.00000
moon,2029-01-14,24,hp,56.42597,-0.26549,-0.00062,0.00013
moon,2029-01-15,24,gha,348.68662,174.19016,0.04993,-0.00046,-0.00004,0.00000
moon,2029-01-15,24,dec,-17.22360,2.02656,0.04413,-0.00144,0.00001,0.00000
moon,2029-01-15,24,hp,55.89543,-0.26357,0.00116,0.00016
moon,2029-01-16,24,gha,337.44303,174.55928,0.04161,-0.00089,-0.00002,0.00000
moon,2029-01-16,24,dec,-12.87032,2.31312,0.02782,-0.00126,0.00001,0.00000
moon,2029-01-16,24,hp,55.38390,-0.24626,0.00320,0.00018
moon,2029-01-17,24,gha,326.85786,174.84552,0.02960,-0.00109,-0.00001,0.00000
moon,2029-01-17,24,dec,-8.06696,2.47866,0.01393,-0.00105,0.00001,-0.00000
moon,2029-01-17,24,hp,54.92361,-0.21229,0.00529,0.00017
moon,2029-01-18,24,gha,316.74328,175.02858,0.01604,-0.00116,-0.00000,0.00000
moon,2029-01-18,24,dec,-3.03600,2.54268,0.00238,-0.00088,0.00001,-0.00000
moon,2029-01-18,24,hp,54.54764,-0.16205,0.00724,0.00015
moon,2029-01-19,24,gha,306.88441,175.10086,0.00202,-0.00117,0.00000,0.00000
moon,2029-01-19,24,dec,2.03646,2.52156,-0.00748,-0.00078,0.00000,-0.00000
moon,2029-01-19,24,hp,54.28691,-0.09731,0.00889,0.00012
moon,2029-01-20,24,gha,297.05797,175.06109,-0.01191,-0.00115,0.00000,0.00000
moon,2029-01-20,24,dec,6.99071,2.42510,-0.01660,-0.00076,-0.00000,-0.00000
moon,2029-01-20,24,hp,54.16763,-0.02093,0.01013,0.00008
moon,2029-01-21,24,gha,287.04203,174.91184,-0.02526,-0.00107,0.00001,0.00000
moon,2029-01-21,24,dec,11.67878,2.25515,-0.02599,-0.00082,-0.00001,-0.00000
moon,2029-01-21,24,hp,54.20947,0.06338,0.01087,0.00004
moon,2029-01-22,24,gha,276.62480,174.66103,-0.03712,-0.00089,0.00002,0.00000
moon,2029-01-22,24,dec,15.94855,2.00582,-0.03657,-0.00095,-0.00001,-0.00000
moon,2029-01-22,24,hp,54.42394,0.15120,0.01099,-0.00002
moon,2029-01-23,24,gha,265.61995,174.32688,-0.04578,-0.00052,0.00003,0.00000
moon,2029-01-23,24,dec,19.62979,1.66518,-0.04886,-0.00110,-0.00001,0.00000
moon,2029-01-23,24,hp,54.81288,0.23725,0.01040,-0.00008
moon,2029-01-24,24,gha,253.89424,173.94500,-0.04864,0.00008,0.00004,0.00000
moon,2029-01-24,24,dec,22.52627,1.21981,-0.06263,-0.00118,-0.00000,0.00000
moon,2029-01-24,24,hp,55.36660,0.31528,0.00897,-0.00016
moon,2029-01-25,24,gha,241.40726,173.57265,-0.04309,0.00086,0.00005,-0.00000
moon,2029-01-25,24,dec,24.42060,0.66304,-0.07638,-0.00107,0.00001,0.00000
moon,2029-01-25,24,hp,56.06192,0.37804,0.00657,-0.00024
moon,2029-01-26,24,gha,228.24933,173.28164,-0.02846,0.00154,0.00003,-0.00000
moon,2029-01-26,24,dec,25.09853,0.00581,-0.08725,-0.00069,0.00003,0.00000
moon,2029-01-26,24,hp,56.86042,0.41763,0.00318,-0.00032
moon,2029-01-27,24,gha,214.64778,173.13386,-0.00807,0.00177,-0.00001,-0.00000
moon,2029-01-27,24,dec,24.39326,-0.71488,-0.09178,-0.00003,0.00005,0.00000
moon,2029-01-27,24,hp,57.70807,0.42647,-0.00107,-0.00038
moon,2029-01-28,24,gha,200.91517,173.14980,0.01139,0.00139,-0.00004,-0.00000
moon,2029-01-28,24,dec,22.23706,-1.43786,-0.08763,0.00073,0.00005,-0.00000
moon,2029-01-28,24,hp,58.53766,0.39919,-0.00577,-0.00039
moon,2029-01-29,24,gha,187.34998,173.29521,0.02359,0.00061,-0.00005,-0.00000
moon,2029-01-29,24,dec,18.69648,-2.09195,-0.07473,0.00139,0.00004,-0.00000
moon,2029-01-29,24,hp,59.27539,0.33483,-0.01022,-0.00034
moon,2029-01-30,24,gha,174.14236,173.49915,0.02597,-0.00019,-0.00005,0.00000
moon,2029-01-30,24,dec,13.97372,-2.61445,-0.05513,0.00183,0.00002,-0.00000
moon,2029-01-30,24,hp,59.85177,0.23875,-0.01358,-0.00021
moon,2029-01-31,24,gha,521.33321,173.68658,0.01985,-0.00078,-0.00003,0.00000
moon,2029-01-31,24,dec,8.37655,-2.96318,-0.03171,0.00203,0.00001,-0.00000
moon,2029-01-31,24,hp,60.21456,0.12275,-0.01513,-0.00004
moon,2029-02-01,24,gha,508.83107,173.80171,0.00840,-0.00108,-0.00001,0.00000
moon,2029-02-01,24,dec,2.27439,-3.11844,-0.00709,0.00205,-0.00000,-0.00000
moon,2029-02-01,24,hp,60.33948,0.00261,-0.01461,0.00012
moon,2029-02-02,24,gha,496.45946,173.81549,-0.00501,-0.00111,0.00001,0.00000
moon,2029-02-02,24,dec,-3.94253,-3.07848,0.01689,0.00194,-0.00001,-0.00000
moon,2029-02-02,24,hp,60.23411,-0.10608,-0.01235,0.00024
moon,2029-02-03,24,gha,484.01017,173.72503,-0.01720,-0.00088,0.00002,0.00000
moon,2029-02-03,24,dec,-9.89268,-2.85312,0.03914,0.00176,-0.00001,-0.00000
moon,2029-02-03,24,hp,59.93327,-0.19201,-0.00905,0.00029
moon,2029-02-04,24,gha,471.29445,173.55274,-0.02499,-0.00038,0.00004,0.00000
moon,2029-02-04,24,dec,-15.22144,-2.45914,0.05894,0.00152,-0.00002,-0.00000
moon,2029-02-04,24,hp,59.48801,-0.25034,-0.00556,0.00028
moon,2029-02-05,24,gha,458.19400,173.34657,-0.02526,0.00036,0.00005,0.00000
moon,2029-02-05,24,dec,-19.61398,-1.91973,0.07532,0.00119,-0.00003,-0.00000
moon,2029-02-05,24,hp,58.95286,-0.28228,-0.00253,0.00022
moon,2029-02-06,24,gha,444.70837,173.17541,-0.01615,0.00114,0.00004,-0.00000
moon,2029-02-06,24,dec,-22.81122,-1.26795,0.08677,0.00070,-0.00004,-0.00000
moon,2029-02-06,24,hp,58.37568,-0.29303,-0.00029,0.00015
moon,2029-02-07,24,gha,430.98082,173.11142,0.00105,0.00165,0.00002,-0.00000
moon,2029-02-07,24,dec,-24.63362,-0.55049,0.09151,0.00008,-0.00004,-0.00000
moon,2029-02-07,24,hp,57.79216,-0.28934,0.00110,0.00008
moon,2029-02-08,24,gha,417.27603,173.20063,0.02119,0.00161,-0.00002,-0.00000
moon,2029-02-08,24,dec,-25.00726,0.17443,0.08861,-0.00055,-0.00004,0.00000
moon,2029-02-08,24,hp,57.22477,-0.27747,0.00179,0.00004
moon,2029-02-09,24,gha,403.90281,173.43993,0.03768,0.00108,-0.00004,-0.00000
moon,2029-02-09,24,dec,-23.97687,0.84785,0.07890,-0.00103,-0.00002,0.00000
moon,2029-02-09,24,hp,56.68509,-0.26200,0.00204,0.00001
moon,2029-02-10,24,gha,391.11629,173.78064,0.04620,0.00034,-0.00005,0.00000
moon,2029-02-10,24,dec,-21.69303,1.42417,0.06474,-0.00129,-0.00001,0.00000
moon,2029-02-10,24,hp,56.17771,-0.24531,0.00213,0.00001
moon,2029-02-11,24,gha,379.05191,174.15501,0.04628,-0.00030,-0.00003,0.00000
moon,2029-02-11,24,dec,-18.37667,1.87896,0.04888,-0.00133,0.00000,0.00000
moon,2029-02-11,24,hp,55.70454,-0.22772,0.00230,0.00002
moon,2029-02-12,24,gha,367.71519,174.50302,0.04000,-0.00071,-0.00002,0.00000
moon,2029-02-12,24,dec,-14.27737,2.20740,0.03338,-0.00124,0.00001,0.00000
moon,2029-02-12,24,hp,55.26859,-0.20790,0.00270,0.00005
moon,2029-02-13,24,gha,357.01102,174.78444,0.02998,-0.00093,-0.00001,0.00000
moon,2029-02-13,24,dec,-9.64112,2.41711,0.01929,-0.00110,0.00001,-0.00000
moon,2029-02-13,24,hp,54.87649,-0.18360,0.00342,0.00007
moon,2029-02-14,24,gha,346.78301,174.97771,0.01819,-0.00102,-0.00000,0.00000
moon,2029-02-14,24,dec,-4.69284,2.52083,0.00688,-0.00097,0.00001,-0.00000
moon,2029-02-14,24,hp,54.53972,-0.15232,0.00444,0.00010
moon,2029-02-15,24,gha,336.84483,175.07379,0.00580,-0.00104,0.00000,0.00000
moon,2029-02-15,24,dec,0.36835,2.53123,-0.00410,-0.00087,0.00000,-0.00000
moon,2029-02-15,24,hp,54.27439,-0.11197,0.00567,0.00011
moon,2029-02-16,24,gha,326.99953,175.07060,-0.00656,-0.00102,0.00000,0.00000
moon,2029-02-16,24,dec,5.36585,2.45792,-0.01414,-0.00081,0.00000,-0.00000
moon,2029-02-16,24,hp,54.10005,-0.06126,0.00701,0.00011
moon,2029-02-17,24,gha,317.05022,174.97019,-0.01843,-0.00095,0.00001,0.00000
moon,2029-02-17,24,dec,10.13776,2.30589,-0.02387,-0.00082,-0.00000,-0.00000
moon,2029-02-17,24,hp,54.03774,0.00004,0.00830,0.00010
moon,2029-02-18,24,gha,306.80822,174.77886,-0.02917,-0.00082,0.00001,0.00000
moon,2029-02-18,24,dec,14.52702,2.07499,-0.03394,-0.00087,-0.00000,-0.00000
moon,2029-02-18,24,hp,54.10787,0.07101,0.00940,0.00008
moon,2029-02-19,24,gha,296.10408,174.50994,-0.03762,-0.00057,0.00002,0.00000
moon,2029-02-19,24,dec,18.37157,1.76049,-0.04482,-0.00095,-0.00000,0.00000
moon,2029-02-19,24,hp,54.32776,0.14952,0.01016,0.00004
moon,2029-02-20,24,gha,284.80604,174.18831,-0.04206,-0.00015,0.00003,0.00000
moon,2029-02-20,24,dec,21.49719,1.35532,-0.05658,-0.00100,-0.00000,0.00000
moon,2029-02-20,24,hp,54.70919,0.23211,0.01040,-0.00001
moon,2029-02-21,24,gha,272.84707,173.85398,-0.04054,0.00042,0.00004,0.00000
moon,2029-02-21,24,dec,23.71707,0.85457,-0.06855,-0.00097,0.00001,0.00000
moon,2029-02-21,24,hp,55.25555,0.31384,0.00991,-0.00008
moon,2029-02-22,24,gha,260.25372,173.55980,-0.03200,0.00099,0.00003,-0.00000
moon,2029-02-22,24,dec,24.84280,0.26230,-0.07916,-0.00077,0.00002,0.00000
moon,2029-02-22,24,hp,55.95855,0.38797,0.00847,-0.00017
moon,2029-02-23,24,gha,247.16005,173.35844,-0.01774,0.00133,0.00001,-0.00000
moon,2029-02-23,24,dec,24.70936,-0.40152,-0.08608,-0.00036,0.00003,0.00000
moon,2029-02-23,24,hp,56.79464,0.44593,0.00584,-0.00027
moon,2029-02-24,24,gha,233.78589,173.28071,-0.00184,0.00125,-0.00002,-0.00000
moon,2029-02-24,24,dec,23.21062,-1.09803,-0.08705,0.00021,0.00004,0.00000
moon,2029-02-24,24,hp,57.72157,0.47772,0.00192,-0.00038
moon,2029-02-25,24,gha,220.37516,173.31890,0.01053,0.00076,-0.00004,-0.00000
moon,2029-02-25,24,dec,20.33380,-1.77351,-0.08072,0.00084,0.00004,-0.00000
moon,2029-02-25,24,hp,58.67675,0.47319,-0.00320,-0.00046
moon,2029-02-26,24,gha,207.11851,173.42883,0.01579,0.00010,-0.00004,0.00000
moon,2029-02-26,24,dec,16.18007,-2.36886,-0.06710,0.00142,0.00003,-0.00000
moon,2029-02-26,24,hp,59.57943,0.42466,-0.00897,-0.00049
moon,2029-02-27,24,gha,194.09889,173.54948,0.01334,-0.00049,-0.00003,0.00000
moon,2029-02-27,24,dec,10.96524,-2.82940,-0.04723,0.00187,0.00002,-0.00000
moon,2029-02-27,24,hp,60.33910,0.33044,-0.01445,-0.00041
moon,2029-02-28,24,gha,181.28074,173.62537,0.00497,-0.00087,-0.00002,0.00000
moon,2029-02-28,24,dec,5.00381,-3.11164,-0.02280,0.00217,0.00001,-0.00000
moon,2029-02-28,24,hp,60.87066,0.19783,-0.01839,-0.00023
moon,2029-03-01,24,gha,528.53622,173.62064,-0.00635,-0.00098,0.00000,0.00000
moon,2029-03-01,24,dec,-1.31748,-3.18720,0.00412,0.00229,0.00000,-0.00000
moon,2029-03-01,24,hp,61.11313,0.04349,-0.01977,0.00001
moon,2029-03-02,24,gha,515.69095,173.52498,-0.01725,-0.00079,0.00002,0.00000
moon,2029-03-02,24,dec,-7.57256,-3.04526,0.03122,0.00220,-0.00001,-0.00000
moon,2029-03-02,24,hp,61.04505,-0.11031,-0.01827,0.00024
moon,2029-03-03,24,gha,502.57790,173.35626,-0.02407,-0.00030,0.00004,0.00000
moon,2029-03-03,24,dec,-13.33247,-2.69387,0.05613,0.00192,-0.00002,-0.00000
moon,2029-03-03,24,hp,60.68929,-0.24224,-0.01444,0.00039
moon,2029-03-04,24,gha,489.09499,173.16144,-0.02332,0.00045,0.00005,0.00000
moon,2029-03-04,24,dec,-18.20347,-2.16017,0.07645,0.00144,-0.00004,-0.00000
moon,2029-03-04,24,hp,60.10489,-0.33795,-0.00940,0.00044
moon,2029-03-05,24,gha,475.25825,173.01037,-0.01306,0.00124,0.00004,-0.00000
moon,2029-03-05,24,dec,-21.86499,-1.49011,0.08992,0.00078,-0.00005,-0.00000
moon,2029-03-05,24,hp,59.37007,-0.39265,-0.00434,0.00040
moon,2029-03-06,24,gha,461.22850,172.97503,0.00505,0.00170,0.00001,-0.00000
moon,2029-03-06,24,dec,-24.10498,-0.74575,0.09487,0.00004,-0.00005,0.00000
moon,2029-03-06,24,hp,58.56412,-0.40976,-0.00009,0.00031
moon,2029-03-07,24,gha,447.28420,173.09771,0.02543,0.00160,-0.00002,-0.00000
moon,2029-03-07,24,dec,-24.84449,0.00314,0.09117,-0.00063,-0.00004,0.00000
moon,2029-03-07,24,hp,57.75426,-0.39755,0.00296,0.00020
moon,2029-03-08,24,gha,433.73759,173.36897,0.04134,0.00100,-0.00005,-0.00000
moon,2029-03-08,24,dec,-24.13907,0.69346,0.08062,-0.00109,-0.00002,0.00000
moon,2029-03-08,24,hp,56.98944,-0.36573,0.00483,0.00011
moon,2029-03-09,24,gha,420.83517,173.73483,0.04881,0.00025,-0.00004,0.00000
moon,2029-03-09,24,dec,-22.15148,1.28210,0.06621,-0.00128,-0.00000,0.00000
moon,2029-03-09,24,hp,56.29985,-0.32312,0.00570,0.00004
moon,2029-03-10,24,gha,408.69663,174.12582,0.04786,-0.00037,-0.00003,0.00000
moon,2029-03-10,24,dec,-19.10655,1.74994,0.05077,-0.00127,0.00000,0.00000
moon,2029-03-10,24,hp,55.70014,-0.27644,0.00589,-0.00000
moon,2029-03-11,24,gha,397.31174,174.48344,0.04088,-0.00076,-0.00002,0.00000
moon,2029-03-11,24,dec,-15.24784,2.09650,0.03605,-0.00117,0.00001,0.00000
moon,2029-03-11,24,hp,55.19386,-0.23001,0.00568,-0.00003
moon,2029-03-12,24,gha,386.57424,174.77044,0.03055,-0.00094,-0.00001,0.00000
moon,2029-03-12,24,dec,-10.80943,2.33083,0.02274,-0.00105,0.00001,-0.00000
moon,2029-03-12,24,hp,54.77822,-0.18591,0.00534,-0.00003
moon,2029-03-13,24,gha,376.32280,174.96834,0.01882,-0.00100,-0.00000,0.00000
moon,2029-03-13,24,dec,-6.00440,2.46424,0.01079,-0.00095,0.00001,-0.00000
moon,2029-03-13,24,hp,54.44823,-0.14431,0.00508,-0.00001
moon,2029-03-14,24,gha,366.37201,175.07087,0.00682,-0.00099,0.00000,0.00000
moon,2029-03-14,24,dec,-1.02477,2.50627,-0.00017,-0.00088,0.00000,-0.00000
moon,2029-03-14,24,hp,54.19991,-0.10405,0.00503,0.00001
moon,2029-03-15,24,gha,356.53107,175.07846,-0.00484,-0.00095,0.00000,0.00000
moon,2029-03-15,24,dec,3.95329,2.46313,-0.01057,-0.00086,0.00000,-0.00000
moon,2029-03-15,24,hp,54.03259,-0.06308,0.00526,0.00003
moon,2029-03-16,24,gha,346.61416,174.99555,-0.01574,-0.00086,0.00001,0.00000
moon,2029-03-16,24,dec,8.76250,2.33752,-0.02084,-0.00086,-0.00000,-0.00000
moon,2029-03-16,24,hp,53.94998,-0.01910,0.00578,0.00005
moon,2029-03-17,24,gha,336.44815,174.83049,-0.02527,-0.00072,0.00001,0.00000
moon,2029-03-17,24,dec,13.23780,2.12906,-0.03132,-0.00089,-0.00000,-0.00000
moon,2029-03-17,24,hp,53.96024,0.02998,0.00652,0.00007
moon,2029-03-18,24,gha,325.88235,174.59767,-0.03251,-0.00047,0.00002,0.00000
moon,2029-03-18,24,dec,17.21125,1.83534,-0.04216,-0.00092,-0.00000,0.00000
moon,2029-03-18,24,hp,54.07509,0.08558,0.00739,0.00007
moon,2029-03-19,24,gha,314.80357,174.32052,-0.03614,-0.00011,0.00003,0.00000
moon,2029-03-19,24,dec,20.50957,1.45374,-0.05324,-0.00092,0.00000,0.00000
moon,2029-03-19,24,hp,54.30807,0.14810,0.00822,0.00006
moon,2029-03-20,24,gha,303.15649,174.03349,-0.03482,0.00034,0.00003,-0.00000
moon,2029-03-20,24,dec,22.95678,0.98454,-0.06394,-0.00085,0.00001,0.00000
moon,2029-03-20,24,hp,54.67223,0.21658,0.00885,0.00004
moon,2029-03-21,24,gha,290.96350,173.77925,-0.02796,0.00079,0.00002,-0.00000
moon,2029-03-21,24,dec,24.38395,0.43496,-0.07314,-0.00066,0.00002,0.00000
moon,2029-03-21,24,hp,55.17707,0.28843,0.00903,-0.00001
moon,2029-03-22,24,gha,278.33203,173.59867,-0.01672,0.00105,0.00001,-0.00000
moon,2029-03-22,24,dec,24.64687,-0.17724,-0.07937,-0.00036,0.00002,0.00000
moon,2029-03-22,24,hp,55.82503,0.35911,0.00851,-0.00008
moon,2029-03-23,24,gha,265.43560,173.51538,-0.00420,0.00099,-0.00001,-0.00000
moon,2029-03-23,24,dec,23.64851,-0.82272,-0.08129,0.00005,0.00003,0.00000
moon,2029-03-23,24,hp,56.60722,0.42182,0.00700,-0.00018
moon,2029-03-24,24,gha,252.46659,173.52386,0.00567,0.00062,-0.00003,-0.00000
moon,2029-03-24,24,dec,21.35978,-1.46333,-0.07808,0.00049,0.00003,-0.00000
moon,2029-03-24,24,hp,57.49885,0.46748,0.00421,-0.00029
moon,2029-03-25,24,gha,239.57691,173.59000,0.00992,0.00008,-0.00004,0.00000
moon,2029-03-25,24,dec,17.83241,-2.05691,-0.06954,0.00093,0.00003,-0.00000
moon,2029-03-25,24,hp,58.45502,0.48519,0.00001,-0.00041
moon,2029-03-26,24,gha,226.83267,173.66384,0.00762,-0.00045,-0.00003,0.00000
moon,2029-03-26,24,dec,13.20298,-2.56102,-0.05573,0.00137,0.00003,-0.00000
moon,2029-03-26,24,hp,59.40877,0.46399,-0.00546,-0.00050
moon,2029-03-27,24,gha,214.19904,173.69594,-0.00027,-0.00084,-0.00002,0.00000
moon,2029-03-27,24,dec,7.69205,-2.93415,-0.03682,0.00178,0.00003,-0.00000
moon,2029-03-27,24,hp,60.27378,0.39592,-0.01158,-0.00051
moon,2029-03-28,24,gha,201.55413,173.64968,-0.01160,-0.00101,-0.00000,0.00000
moon,2029-03-28,24,dec,1.60158,-3.13658,-0.01315,0.00215,0.00002,-0.00000
moon,2029-03-28,24,hp,60.95459,0.28021,-0.01717,-0.00041
moon,2029-03-29,24,gha,188.72257,173.50889,-0.02341,-0.00091,0.00002,0.00000
moon,2029-03-29,24,dec,-4.69170,-3.13385,0.01424,0.00239,0.00001,-0.00000
moon,2029-03-29,24,hp,61.36450,0.12662,-0.02085,-0.00019
moon,2029-03-30,24,gha,175.52302,173.28446,-0.03189,-0.00045,0.00004,0.00000
moon,2029-03-30,24,dec,-10.75401,-2.90437,0.04312,0.00238,-0.00001,-0.00000
moon,2029-03-30,24,hp,61.44691,-0.04478,-0.02152,0.00008
moon,2029-03-31,24,gha,521.82895,173.02089,-0.03255,0.00039,0.00006,0.00000
moon,2029-03-31,24,dec,-16.13045,-2.44968,0.06994,0.00203,-0.00003,-0.00000
moon,2029-03-31,24,hp,61.19147,-0.20854,-0.01899,0.00033
moon,2029-04-01,24,gha,507.63708,172.79612,-0.02188,0.00139,0.00006,-0.00000
moon,2029-04-01,24,dec,-20.40073,-1.80357,0.09033,0.00131,-0.00005,-0.00000
moon,2029-04-01,24,hp,60.63708,-0.34172,-0.01405,0.00048
moon,2029-04-02,24,gha,493.11699,172.70168,-0.00048,0.00209,0.00002,-0.00000
moon,2029-04-02,24,dec,-23.24650,-1.03379,0.10042,0.00035,-0.00006,0.00000
moon,2029-04-02,24,hp,59.85998,-0.43038,-0.00807,0.00050
moon,2029-04-03,24,gha,478.59798,172.80080,0.02521,0.00206,-0.00003,-0.00000
moon,2029-04-03,24,dec,-24.50929,-0.23038,0.09879,-0.00059,-0.00005,0.00000
moon,2029-04-03,24,hp,58.95328,-0.47152,-0.00233,0.00044
moon,2029-04-04,24,gha,464.47249,173.09115,0.04609,0.00134,-0.00006,-0.00000
moon,2029-04-04,24,dec,-24.21094,0.51931,0.08752,-0.00122,-0.00003,0.00000
moon,2029-04-04,24,hp,58.00708,-0.47080,0.00232,0.00033
moon,2029-04-05,24,gha,451.06263,173.50749,0.05629,0.00037,-0.00006,0.00000
moon,2029-04-05,24,dec,-22.52260,1.15526,0.07105,-0.00146,-0.00000,0.00000
moon,2029-04-05,24,hp,57.09515,-0.43841,0.00557,0.00021
moon,2029-04-06,24,gha,438.53161,173.96096,0.05570,-0.00042,-0.00004,0.00000
moon,2029-04-06,24,dec,-19.69926,1.65354,0.05362,-0.00141,0.00001,0.00000
moon,2029-04-06,24,hp,56.26975,-0.38540,0.00750,0.00011
moon,2029-04-07,24,gha,426.87681,174.37748,0.04763,-0.00088,-0.00002,0.00000
moon,2029-04-07,24,dec,-16.01470,2.01779,0.03776,-0.00123,0.00001,-0.00000
moon,2029-04-07,24,hp,55.56216,-0.32150,0.00834,0.00003
moon,2029-04-08,24,gha,415.97643,174.71220,0.03571,-0.00107,-0.00001,0.00000
moon,2029-04-08,24,dec,-11.72123,2.26440,0.02422,-0.00104,0.00001,-0.00000
moon,2029-04-08,24,hp,54.98644,-0.25417,0.00840,-0.00002
moon,2029-04-09,24,gha,405.64491,174.94524,0.02248,-0.00111,0.00000,0.00000
moon,2029-04-09,24,dec,-7.03623,2.41098,0.01266,-0.00090,0.00001,-0.00000
moon,2029-04-09,24,hp,54.54416,-0.18849,0.00797,-0.00005
moon,2029-04-10,24,gha,395.67313,175.07197,0.00927,-0.00108,0.00000,0.00000
moon,2029-04-10,24,dec,-2.14613,2.47054,0.00235,-0.00083,0.00000,-0.00000
moon,2029-04-10,24,hp,54.22884,-0.12740,0.00729,-0.00006
moon,2029-04-11,24,gha,385.85098,175.09543,-0.00327,-0.00101,0.00001,0.00000
moon,2029-04-11,24,dec,2.78248,2.44987,-0.00750,-0.00082,-0.00000,-0.00000
moon,2029-04-11,24,hp,54.03001,-0.07205,0.00656,-0.00006
moon,2029-04-12,24,gha,375.97864,175.02270,-0.01471,-0.00089,0.00001,0.00000
moon,2029-04-12,24,dec,7.59074,2.35005,-0.01752,-0.00085,-0.00000,-0.00000
moon,2029-04-12,24,hp,53.93632,-0.02216,0.00594,-0.00004
moon,2029-04-13,24,gha,365.87420,174.86472,-0.02448,-0.00072,0.00001,0.00000
moon,2029-04-13,24,dec,12.11762,2.16802,-0.02809,-0.00091,-0.00000,0.00000
moon,2029-04-13,24,hp,53.93813,0.02363,0.00554,-0.00002
moon,2029-04-14,24,gha,355.38333,174.63845,-0.03162,-0.00045,0.00002,0.00000
moon,2029-04-14,24,dec,16.19379,1.89881,-0.03929,-0.00095,-0.00000,0.00000
moon,2029-04-14,24,hp,54.02919,0.06733,0.00542,0.00000
moon,2029-04-15,24,gha,344.39444,174.36998,-0.03482,-0.00006,0.00003,0.00000
moon,2029-04-15,24,dec,19.64072,1.53855,-0.05076,-0.00095,0.00000,0.00000
moon,2029-04-15,24,hp,54.20757,0.11117,0.00558,0.00002
moon,2029-04-16,24,gha,332.85892,174.09617,-0.03280,0.00041,0.00003,-0.00000
moon,2029-04-16,24,dec,22.27658,1.08825,-0.06163,-0.00085,0.00001,0.00000
moon,2029-04-16,24,hp,54.47556,0.15712,0.00593,0.00004
moon,2029-04-17,24,gha,320.80986,173.86113,-0.02518,0.00085,0.00002,-0.00000
moon,2029-04-17,24,dec,23.93015,0.55786,-0.07057,-0.00062,0.00002,0.00000
moon,2029-04-17,24,hp,54.83867,0.20635,0.00637,0.00003
moon,2029-04-18,24,gha,308.36638,173.70526,-0.01338,0.00108,0.00000,-0.00000
moon,2029-04-18,24,dec,24.46129,-0.03137,-0.07615,-0.00029,0.00002,0.00000
moon,2029-04-18,24,hp,55.30351,0.25876,0.00670,0.00002
moon,2029-04-19,24,gha,295.71070,173.64967,-0.00069,0.00098,-0.00002,-0.00000
moon,2029-04-19,24,dec,23.78284,-0.64810,-0.07736,0.00009,0.00002,-0.00000
moon,2029-04-19,24,hp,55.87483,0.31254,0.00667,-0.00002
moon,2029-04-20,24,gha,283.03784,173.68553,0.00895,0.00059,-0.00003,-0.00000
moon,2029-04-20,24,dec,21.87582,-1.25613,-0.07401,0.00046,0.00002,-0.00000
moon,2029-04-20,24,hp,56.55165,0.36373,0.00601,-0.00009
moon,2029-04-21,24,gha,270.49643,173.77623,0.01276,0.00004,-0.00004,0.00000
moon,2029-04-21,24,dec,18.79288,-1.82061,-0.06656,0.00077,0.00002,-0.00000
moon,2029-04-21,24,hp,57.32272,0.40601,0.00440,-0.00018
moon,2029-04-22,24,gha,258.14585,173.87085,0.00996,-0.00049,-0.00003,0.00000
moon,2029-04-22,24,dec,14.65192,-2.31122,-0.05560,0.00105,0.00002,0.00000
moon,2029-04-22,24,hp,58.16187,0.43081,0.00161,-0.00029
moon,2029-04-23,24,gha,245.94318,173.91936,0.00144,-0.00090,-0.00002,0.00000
moon,2029-04-23,24,dec,9.62805,-2.70071,-0.04127,0.00134,0.00002,0.00000
moon,2029-04-23,24,hp,59.02420,0.42813,-0.00246,-0.00039
moon,2029-04-24,24,gha,233.75568,173.88273,-0.01103,-0.00115,-0.00001,0.00000
moon,2029-04-24,24,dec,3.95138,-2.96090,-0.02320,0.00168,0.00002,0.00000
moon,2029-04-24,24,hp,59.84509,0.38849,-0.00756,-0.00045
moon,2029-04-25,24,gha,221.38842,173.73823,-0.02513,-0.00117,0.00001,0.00000
moon,2029-04-25,24,dec,-2.08797,-3.05988,-0.00092,0.00204,0.00002,-0.00000
moon,2029-04-25,24,hp,60.54427,0.30615,-0.01300,-0.00044
moon,2029-04-26,24,gha,208.62202,173.48486,-0.03769,-0.00087,0.00003,0.00000
moon,2029-04-26,24,dec,-8.13387,-2.96410,0.02537,0.00232,0.00001,-0.00000
moon,2029-04-26,24,hp,61.03713,0.18285,-0.01762,-0.00032
moon,2029-04-27,24,gha,195.26471,173.15241,-0.04414,-0.00013,0.00006,0.00000
moon,2029-04-27,24,dec,-13.76938,-2.64765,0.05383,0.00237,-0.00001,-0.00000
moon,2029-04-27,24,hp,61.25228,0.03017,-0.02017,-0.00010
moon,2029-04-28,24,gha,181.22414,172.81113,-0.03916,0.00101,0.00008,0.00000
moon,2029-04-28,24,dec,-18.54737,-2.10818,0.08036,0.00198,-0.00004,-0.00000
moon,2029-04-28,24,hp,61.15050,-0.13167,-0.01984,0.00015
moon,2029-04-29,24,gha,526.58628,172.56721,-0.01976,0.00217,0.00006,-0.00000
moon,2029-04-29,24,dec,-22.05508,-1.38380,0.09918,0.00109,-0.00007,-0.00000
moon,2029-04-29,24,hp,60.73707,-0.27910,-0.01665,0.00037
moon,2029-04-30,24,gha,511.65393,172.52551,0.01021,0.00267,-0.00000,-0.00000
moon,2029-04-30,24,dec,-24.00166,-0.55766,0.10530,-0.00008,-0.00007,0.00000
moon,2029-04-30,24,hp,60.06125,-0.39240,-0.01148,0.00048
moon,2029-05-01,24,gha,496.88450,172.72996,0.03997,0.00214,-0.00006,-0.00000
moon,2029-05-01,24,dec,-24.29075,0.26237,0.09792,-0.00109,-0.00005,0.00000
moon,2029-05-01,24,hp,59.20320,-0.46074,-0.00560,0.00049
moon,2029-05-02,24,gha,482.73246,173.13387,0.05897,0.00098,-0.00008,0.00000
moon,2029-05-02,24,dec,-23.03206,0.98227,0.08112,-0.00162,-0.00002,0.00000
moon,2029-05-02,24,hp,58.25475,-0.48315,-0.00013,0.00042
moon,2029-05-03,24,gha,469.49508,173.63273,0.06379,-0.00013,-0.00006,0.00000
moon,2029-05-03,24,dec,-20.48195,1.55101,0.06098,-0.00167,0.00001,0.00000
moon,2029-05-03,24,hp,57.30198,-0.46599,0.00423,0.00031
moon,2029-05-04,24,gha,457.25609,174.12302,0.05753,-0.00084,-0.00003,0.00000
moon,2029-05-04,24,dec,-16.95352,1.96165,0.04207,-0.00145,0.00002,0.00000
moon,2029-05-04,24,hp,56.41429,-0.41918,0.00727,0.00020
moon,2029-05-05,24,gha,445.92547,174.53602,0.04515,-0.00117,-0.00001,0.00000
moon,2029-05-05,24,dec,-12.74553,2.23321,0.02632,-0.00117,0.00002,-0.00000
moon,2029-05-05,24,hp,55.64046,-0.35316,0.00906,0.00010
moon,2029-05-06,24,gha,435.31283,174.83908,0.03046,-0.00125,-0.00000,0.00000
moon,2029-05-06,24,dec,-8.11010,2.39172,0.01371,-0.00094,0.00001,-0.00000
moon,2029-05-06,24,hp,55.00960,-0.27708,0.00982,0.00003
moon,2029-05-07,24,gha,425.18725,175.02290,0.01555,-0.00122,0.00000,0.00000
moon,2029-05-07,24,dec,-3.25080,2.45894,0.00333,-0.00080,0.00001,-0.00000
moon,2029-05-07,24,hp,54.53438,-0.19815,0.00981,-0.00003
moon,2029-05-08,24,gha,415.31186,175.08986,0.00133,-0.00114,0.00001,0.00000
moon,2029-05-08,24,dec,1.66401,2.44814,-0.00595,-0.00076,0.00000,-0.00000
moon,2029-05-08,24,hp,54.21508,-0.12161,0.00926,-0.00006
moon,2029-05-09,24,gha,405.46015,175.04755,-0.01171,-0.00103,0.00001,0.00000
moon,2029-05-09,24,dec,6.48370,2.36388,-0.01516,-0.00079,-0.00000,-0.00000
moon,2029-05-09,24,hp,54.04324,-0.05098,0.00836,-0.00008
moon,2029-05-10,24,gha,395.42442,174.90726,-0.02306,-0.00085,0.00001,0.00000
moon,2029-05-10,24,dec,11.05942,2.20359,-0.02505,-0.00087,-0.00001,-0.00000
moon,2029-05-10,24,hp,54.00488,0.01173,0.00730,-0.00009
moon,2029-05-11,24,gha,385.02496,174.68600,-0.03178,-0.00058,0.00002,0.00000
moon,2029-05-11,24,dec,15.23227,1.96015,-0.03597,-0.00095,-0.00000,0.00000
moon,2029-05-11,24,hp,54.08327,0.06575,0.00621,-0.00009
moon,2029-05-12,24,gha,374.12521,174.41036,-0.03641,-0.00017,0.00003,0.00000
moon,2029-05-12,24,dec,18.82790,1.62567,-0.04773,-0.00100,-0.00000,0.00000
moon,2029-05-12,24,hp,54.26125,0.11142,0.00523,-0.00007
moon,2029-05-13,24,gha,362.65429,174.11960,-0.03534,0.00036,0.00004,0.00000
moon,2029-05-13,24,dec,21.65992,1.19658,-0.05943,-0.00093,0.00001,0.00000
moon,2029-05-13,24,hp,54.52332,0.15000,0.00445,-0.00005
moon,2029-05-14,24,gha,350.63121,173.86370,-0.02769,0.00090,0.00003,-0.00000
moon,2029-05-14,24,dec,23.54437,0.67950,-0.06945,-0.00071,0.00002,0.00000
moon,2029-05-14,24,hp,54.85713,0.18338,0.00393,-0.00003
moon,2029-05-15,24,gha,338.17616,173.69220,-0.01459,0.00124,0.00001,-0.00000
moon,2029-05-15,24,dec,24.32476,0.09551,-0.07589,-0.00034,0.00003,0.00000
moon,2029-05-15,24,hp,55.25436,0.21363,0.00366,-0.00001
moon,2029-05-16,24,gha,325.49148,173.63565,0.00039,0.00120,-0.00002,-0.00000
moon,2029-05-16,24,dec,23.90100,-0.52046,-0.07732,0.00011,0.00003,-0.00000
moon,2029-05-16,24,hp,55.71057,0.24251,0.00357,-0.00000
moon,2029-05-17,24,gha,312.80747,173.69056,0.01262,0.00079,-0.00003,-0.00000
moon,2029-05-17,24,dec,22.25081,-1.12651,-0.07347,0.00052,0.00002,-0.00000
moon,2029-05-17,24,hp,56.22394,0.27080,0.00349,-0.00001
moon,2029-05-18,24,gha,300.31258,173.81952,0.01856,0.00019,-0.00004,0.00000
moon,2029-05-18,24,dec,19.43392,-1.68351,-0.06524,0.00083,0.00002,-0.00000
moon,2029-05-18,24,hp,56.79272,0.29775,0.00320,-0.00004
moon,2029-05-19,24,gha,288.09980,173.96651,0.01714,-0.00041,-0.00003,0.00000
moon,2029-05-19,24,dec,15.57931,-2.16168,-0.05394,0.00104,0.00001,-0.00000
moon,2029-05-19,24,hp,57.41172,0.32062,0.00243,-0.00009
moon,2029-05-20,24,gha,276.14831,174.07543,0.00927,-0.00088,-0.00002,0.00000
moon,2029-05-20,24,dec,10.86582,-2.54061,-0.04051,0.00120,0.00001,0.00000
moon,2029-05-20,24,hp,58.06813,0.33454,0.00093,-0.00016
moon,2029-05-21,24,gha,264.33591,174.10172,-0.00323,-0.00118,-0.00001,0.00000
moon,2029-05-21,24,dec,5.50809,-2.80427,-0.02509,0.00138,0.00001,0.00000
moon,2029-05-21,24,hp,58.73752,0.33284,-0.00149,-0.00024
moon,2029-05-22,24,gha,252.46658,174.01634,-0.01834,-0.00131,-0.00000,0.00000
moon,2029-05-22,24,dec,-0.24595,-2.93483,-0.00713,0.00162,0.00002,0.00000
moon,2029-05-22,24,hp,59.38125,0.30812,-0.00481,-0.00031
moon,2029-05-23,24,gha,240.30344,173.80775,-0.03362,-0.00120,0.00002,0.00000
moon,2029-05-23,24,dec,-6.10756,-2.90912,0.01406,0.00191,0.00002,-0.00000
moon,2029-05-23,24,hp,59.94682,0.25419,-0.00872,-0.00034
moon,2029-05-24,24,gha,227.60881,173.48760,-0.04560,-0.00073,0.00004,0.00000
moon,2029-05-24,24,dec,-11.73748,-2.70039,0.03854,0.00215,0.00001,-0.00000
moon,2029-05-24,24,hp,60.37291,0.16868,-0.01258,-0.00030
moon,2029-05-25,24,gha,214.20130,173.10184,-0.04919,0.00021,0.00007,0.00000
moon,2029-05-25,24,dec,-16.74745,-2.28783,0.06460,0.00214,-0.00001,-0.00000
moon,2029-05-25,24,hp,60.59956,0.05554,-0.01549,-0.00018
moon,2029-05-26,24,gha,200.03439,172.73968,-0.03906,0.00151,0.00008,-0.00000
moon,2029-05-26,24,dec,-20.72902,-1.67418,0.08801,0.00168,-0.00005,-0.00000
moon,2029-05-26,24,hp,60.58197,-0.07406,-0.01660,-0.00000
moon,2029-05-27,24,gha,185.27324,172.52023,-0.01387,0.00260,0.00005,-0.00000
moon,2029-05-27,24,dec,-23.31998,-0.90448,0.10271,0.00071,-0.00007,-0.00000
moon,2029-05-27,24,hp,60.30340,-0.20355,-0.01544,0.00019
moon,2029-05-28,24,gha,530.30685,172.54122,0.01941,0.00277,-0.00003,-0.00000
moon,2029-05-28,24,dec,-24.29467,-0.06913,0.10403,-0.00048,-0.00007,0.00000
moon,2029-05-28,24,hp,59.78189,-0.31527,-0.01222,0.00034
moon,2029-05-29,24,gha,515.64158,172.81752,0.04811,0.00189,-0.00008,-0.00000
moon,2029-05-29,24,dec,-23.63156,0.72234,0.09221,-0.00141,-0.00004,0.00000
moon,2029-05-29,24,hp,59.06749,-0.39532,-0.00766,0.00041
moon,2029-05-30,24,gha,501.71794,173.27128,0.06305,0.00060,-0.00008,0.00000
moon,2029-05-30,24,dec,-21.50914,1.38353,0.07241,-0.00180,-0.00001,0.00000
moon,2029-05-30,24,hp,58.23133,-0.43668,-0.00269,0.00041
moon,2029-05-31,24,gha,488.77373,173.78484,0.06350,-0.00045,-0.00005,0.00000
moon,2029-05-31,24,dec,-18.23132,1.87636,0.05093,-0.00173,0.00001,0.00000
moon,2029-05-31,24,hp,57.35135,-0.43949,0.00188,0.00035
moon,2029-06-01,24,gha,476.82588,174.25944,0.05412,-0.00104,-0.00002,0.00000
moon,2029-06-01,24,dec,-14.13362,2.20543,0.03185,-0.00144,0.00002,0.00000
moon,2029-06-01,24,hp,56.49971,-0.40908,0.00557,0.00026
moon,2029-06-02,24,gha,465.73457,174.63745,0.03999,-0.00127,-0.00001,0.00000
moon,2029-06-02,24,dec,-9.51862,2.39683,0.01655,-0.00112,0.00002,-0.00000
moon,2029-06-02,24,hp,55.73504,-0.35341,0.00819,0.00017
moon,2029-06-03,24,gha,455.28029,174.89529,0.02442,-0.00130,0.00000,0.00000
moon,2029-06-03,24,dec,-4.63214,2.47970,0.00459,-0.00089,0.00001,-0.00000
moon,2029-06-03,24,hp,55.09937,-0.28093,0.00979,0.00009
moon,2029-06-04,24,gha,445.21719,175.02880,0.00905,-0.00125,0.00000,0.00000
moon,2029-06-04,24,dec,0.33212,2.47644,-0.00517,-0.00076,0.00000,-0.00000
moon,2029-06-04,24,hp,54.61851,-0.19934,0.01049,0.00003
moon,2029-06-05,24,gha,435.30078,175.04274,-0.00540,-0.00115,0.00001,0.00000
moon,2029-06-05,24,dec,5.21547,2.39958,-0.01399,-0.00073,-0.00000,-0.00000
moon,2029-06-05,24,hp,54.30411,-0.11507,0.01048,-0.00003
moon,2029-06-06,24,gha,425.30068,174.94628,-0.01847,-0.00101,0.00001,0.00000
moon,2029-06-06,24,dec,9.87458,2.25205,-0.02298,-0.00078,-0.00001,-0.00000
moon,2029-06-06,24,hp,54.15622,-0.03331,0.00989,-0.00007
moon,2029-06-07,24,gha,415.00943,174.75339,-0.02936,-0.00078,0.00002,0.00000
moon,2029-06-07,24,dec,14.16406,2.02915,-0.03292,-0.00088,-0.00001,0.00000
moon,2029-06-07,24,hp,54.16568,0.04190,0.00886,-0.00010
moon,2029-06-08,24,gha,404.25548,174.48650,-0.03672,-0.00042,0.00003,0.00000
moon,2029-06-08,24,dec,17.92431,1.72178,-0.04409,-0.00098,-0.00000,0.00000
moon,2029-06-08,24,hp,54.31616,0.10745,0.00749,-0.00012
moon,2029-06-09,24,gha,392.92480,174.18118,-0.03868,0.00011,0.00004,0.00000
moon,2029-06-09,24,dec,20.97746,1.32142,-0.05603,-0.00100,0.00000,0.00000
moon,2029-06-09,24,hp,54.58615,0.16122,0.00593,-0.00014
moon,2029-06-10,24,gha,380.98947,173.88774,-0.03359,0.00074,0.00004,-0.00000
moon,2029-06-10,24,dec,23.13535,0.82704,-0.06733,-0.00086,0.00001,0.00000
moon,2029-06-10,24,hp,54.95083,0.20208,0.00429,-0.00014
moon,2029-06-11,24,gha,368.53111,173.66405,-0.02143,0.00125,0.00002,-0.00000
moon,2029-06-11,24,dec,24.22164,0.25217,-0.07581,-0.00052,0.00003,0.00000
moon,2029-06-11,24,hp,55.38425,0.23004,0.00272,-0.00012
moon,2029-06-12,24,gha,355.73849,173.55705,-0.00503,0.00141,-0.00000,-0.00000
moon,2029-06-12,24,dec,24.10514,-0.37158,-0.07928,-0.00004,0.00003,0.00000
moon,2029-06-12,24,hp,55.86165,0.24622,0.00136,-0.00010
moon,2029-06-13,24,gha,342.86374,173.58125,0.01057,0.00112,-0.00003,-0.00000
moon,2029-06-13,24,dec,22.73256,-0.99878,-0.07662,0.00048,0.00003,-0.00000
moon,2029-06-13,24,hp,56.36149,0.25275,0.00032,-0.00007
moon,2029-06-14,24,gha,330.14676,173.71014,0.02059,0.00052,-0.00004,-0.00000
moon,2029-06-14,24,dec,20.14550,-1.58133,-0.06830,0.00089,0.00002,-0.00000
moon,2029-06-14,24,hp,56.86704,0.25220,-0.00041,-0.00005
moon,2029-06-15,24,gha,317.74324,173.88812,0.02273,-0.00015,-0.00004,0.00000
moon,2029-06-15,24,dec,16.47381,-2.08003,-0.05592,0.00115,0.00001,-0.00000
moon,2029-06-15,24,hp,57.36661,0.24697,-0.00087,-0.00003
moon,2029-06-16,24,gha,305.68837,174.05257,0.01742,-0.00071,-0.00003,0.00000
moon,2029-06-16,24,dec,11.91197,-2.46955,-0.04122,0.00129,0.00001,-0.00000
moon,2029-06-16,24,hp,57.85235,0.23844,-0.00126,-0.00003
moon,2029-06-17,24,gha,293.90099,174.15096,0.00653,-0.00108,-0.00002,0.00000
moon,2029-06-17,24,dec,6.69317,-2.73594,-0.02523,0.00137,0.00001,0.00000
moon,2029-06-17,24,hp,58.31762,0.22638,-0.00179,-0.00006
moon,2029-06-18,24,gha,282.21131,174.14745,-0.00775,-0.00127,-0.00001,0.00000
moon,2029-06-18,24,dec,1.07283,-2.87017,-0.00815,0.00148,0.00001,0.00000
moon,2029-06-18,24,hp,58.75344,0.20869,-0.00270,-0.00010
moon,2029-06-19,24,gha,270.39519,174.02349,-0.02325,-0.00128,0.00001,0.00000
moon,2029-06-19,24,dec,-4.67484,-2.86201,0.01045,0.00163,0.00001,0.00000
moon,2029-06-19,24,hp,59.14511,0.18181,-0.00410,-0.00014
moon,2029-06-20,24,gha,258.20992,173.77949,-0.03730,-0.00102,0.00003,0.00000
moon,2029-06-20,24,dec,-10.25125,-2.69723,0.03105,0.00180,0.00001,-0.00000
moon,2029-06-20,24,hp,59.47014,0.14164,-0.00600,-0.00017
moon,2029-06-21,24,gha,245.43824,173.44146,-0.04609,-0.00038,0.00005,0.00000
moon,2029-06-21,24,dec,-15.32730,-2.36021,0.05337,0.00189,-0.00000,-0.00000
moon,2029-06-21,24,hp,59.69873,0.08517,-0.00813,-0.00018
moon,2029-06-22,24,gha,231.94946,173.07089,-0.04471,0.00067,0.00008,0.00000
moon,2029-06-22,24,dec,-19.54980,-1.84386,0.07543,0.00173,-0.00002,-0.00000
moon,2029-06-22,24,hp,59.79765,0.01214,-0.01006,-0.00014
moon,2029-06-23,24,gha,217.77359,172.76600,-0.02941,0.00186,0.00007,-0.00000
moon,2029-06-23,24,dec,-22.57416,-1.16575,0.09308,0.00114,-0.00005,-0.00000
moon,2029-06-23,24,hp,59.73712,-0.07366,-0.01124,-0.00005
moon,2029-06-24,24,gha,203.15204,172.63539,-0.00197,0.00259,0.00002,-0.00000
moon,2029-06-24,24,dec,-24.12845,-0.38172,0.10123,0.00017,-0.00007,-0.00000
moon,2029-06-24,24,hp,59.49916,-0.16429,-0.01122,0.00006
moon,2029-06-25,24,gha,188.50538,172.74349,0.02856,0.00235,-0.00005,-0.00000
moon,2029-06-25,24,dec,-24.08816,0.41848,0.09701,-0.00085,-0.00006,0.00000
moon,2029-06-25,24,hp,59.08457,-0.24910,-0.00978,0.00018
moon,2029-06-26,24,gha,174.29925,173.06919,0.05107,0.00133,-0.00007,-0.00000
moon,2029-06-26,24,dec,-22.51726,1.13997,0.08213,-0.00155,-0.00003,0.00000
moon,2029-06-26,24,hp,58.51596,-0.31729,-0.00711,0.00026
moon,2029-06-27,24,gha,520.88249,173.52146,0.05997,0.00018,-0.00006,0.00000
moon,2029-06-27,24,dec,-19.64336,1.71687,0.06171,-0.00178,-0.00000,0.00000
moon,2029-06-27,24,hp,57.83521,-0.36056,-0.00363,0.00031
moon,2029-06-28,24,gha,508.40090,173.99424,0.05677,-0.00065,-0.00004,0.00000
moon,2029-06-28,24,dec,-15.78271,2.12644,0.04092,-0.00165,0.00002,0.00000
moon,2029-06-28,24,hp,57.09681,-0.37474,0.00008,0.00031
moon,2029-06-29,24,gha,496.81269,174.40861,0.04607,-0.00108,-0.00002,0.00000
moon,2029-06-29,24,dec,-11.26173,2.37946,0.02283,-0.00136,0.00002,-0.00000
moon,2029-06-29,24,hp,56.35924,-0.35994,0.00355,0.00027
moon,2029-06-30,24,gha,485.95500,174.72196,0.03200,-0.00123,-0.00000,0.00000
moon,2029-06-30,24,dec,-6.36824,2.50191,0.00828,-0.00107,0.00002,-0.00000
moon,2029-06-30,24,hp,55.67733,-0.31956,0.00644,0.00021
moon,2029-07-01,24,gha,475.60759,174.91815,0.01703,-0.00124,0.00000,0.00000
moon,2029-07-01,24,dec,-1.33614,2.52060,-0.00324,-0.00086,0.00001,-0.00000
moon,2029-07-01,24,hp,55.09704,-0.25893,0.00861,0.00015
moon,2029-07-02,24,gha,465.53339,174.99544,0.00239,-0.00119,0.00000,0.00000
moon,2029-07-02,24,dec,3.64802,2.45559,-0.01282,-0.00075,0.00000,-0.00000
moon,2029-07-02,24,hp,54.65291,-0.18403,0.01001,0.00009
moon,2029-07-03,24,gha,455.49923,174.95896,-0.01133,-0.00109,0.00001,0.00000
moon,2029-07-03,24,dec,8.42867,2.31773,-0.02162,-0.00073,-0.00000,-0.00000
moon,2029-07-03,24,hp,54.36753,-0.10078,0.01070,0.00003
moon,2029-07-04,24,gha,445.28677,174.81843,-0.02351,-0.00093,0.00001,0.00000
moon,2029-07-04,24,dec,12.86289,2.10895,-0.03068,-0.00079,-0.00001,-0.00000
moon,2029-07-04,24,hp,54.25203,-0.01469,0.01073,-0.00002
moon,2029-07-05,24,gha,434.70328,174.59008,-0.03310,-0.00065,0.00002,0.00000
moon,2029-07-05,24,dec,16.80433,1.82415,-0.04069,-0.00088,-0.00001,0.00000
moon,2029-07-05,24,hp,54.30698,0.06916,0.01015,-0.00007
moon,2029-07-06,24,gha,423.59873,174.30090,-0.03844,-0.00021,0.00003,0.00000
moon,2029-07-06,24,dec,20.09251,1.45478,-0.05178,-0.00096,-0.00000,0.00000
moon,2029-07-06,24,hp,54.52317,0.14607,0.00900,-0.00012
moon,2029-07-07,24,gha,411.89160,173.99266,-0.03759,0.00037,0.00004,0.00000
moon,2029-07-07,24,dec,22.55138,0.99455,-0.06323,-0.00093,0.00001,0.00000
moon,2029-07-07,24,hp,54.88225,0.21161,0.00732,-0.00016
moon,2029-07-08,24,gha,399.59781,173.72037,-0.02941,0.00098,0.00003,-0.00000
moon,2029-07-08,24,dec,24.00132,0.44697,-0.07331,-0.00072,0.00002,0.00000
moon,2029-07-08,24,hp,55.35746,0.26182,0.00518,-0.00019
moon,2029-07-09,24,gha,386.84610,173.53996,-0.01501,0.00137,0.00001,-0.00000
moon,2029-07-09,24,dec,24.28585,-0.16775,-0.07966,-0.00031,0.00003,0.00000
moon,2029-07-09,24,hp,55.91490,0.29356,0.00272,-0.00021
moon,2029-07-10,24,gha,373.85885,173.48672,0.00164,0.00133,-0.00002,-0.00000
moon,2029-07-10,24,dec,23.30758,-0.81098,-0.08021,0.00023,0.00003,-0.00000
moon,2029-07-10,24,hp,56.51564,0.30503,0.00015,-0.00021
moon,2029-07-11,24,gha,360.89160,173.55739,0.01524,0.00088,-0.00004,-0.00000
moon,2029-07-11,24,dec,21.05924,-1.43235,-0.07420,0.00076,0.00003,-0.00000
moon,2029-07-11,24,hp,57.11908,0.29640,-0.00226,-0.00019
moon,2029-07-12,24,gha,348.15407,173.71067,0.02192,0.00022,-0.00004,0.00000
moon,2029-07-12,24,dec,17.63516,-1.98196,-0.06249,0.00117,0.00002,-0.00000
moon,2029-07-12,24,hp,57.68720,0.27007,-0.00424,-0.00014
moon,2029-07-13,24,gha,335.75142,173.88567,0.02073,-0.00040,-0.00003,0.00000
moon,2029-07-13,24,dec,13.21913,-2.42102,-0.04685,0.00142,0.00001,-0.00000
moon,2029-07-13,24,hp,58.18886,0.23049,-0.00555,-0.00008
moon,2029-07-14,24,gha,323.66726,174.02370,0.01298,-0.00086,-0.00002,0.00000
moon,2029-07-14,24,dec,8.05783,-2.72543,-0.02904,0.00154,0.00000,-0.00000
moon,2029-07-14,24,hp,58.60309,0.18324,-0.00616,-0.00002
moon,2029-07-15,24,gha,311.78209,174.08106,0.00091,-0.00112,-0.00001,0.00000
moon,2029-07-15,24,dec,2.43379,-2.88294,-0.01024,0.00159,0.00000,-0.00000
moon,2029-07-15,24,hp,58.92002,0.13370,-0.00616,0.00002
moon,2029-07-16,24,gha,299.90747,174.03260,-0.01314,-0.00119,0.00000,0.00000
moon,2029-07-16,24,dec,-3.35303,-2.88776,0.00911,0.00163,0.00000,0.00000
moon,2029-07-16,24,hp,59.13917,0.08575,-0.00580,0.00004
moon,2029-07-17,24,gha,287.82360,173.87222,-0.02668,-0.00103,0.00002,0.00000
moon,2029-07-17,24,dec,-8.99312,-2.73580,0.02896,0.00167,0.00000,-0.00000
moon,2029-07-17,24,hp,59.26560,0.04101,-0.00540,0.00003
moon,2029-07-18,24,gha,275.31994,173.61579,-0.03664,-0.00058,0.00004,0.00000
moon,2029-07-18,24,dec,-14.16919,-2.42344,0.04914,0.00168,-0.00000,-0.00000
moon,2029-07-18,24,hp,59.30530,-0.00114,-0.00518,0.00001
moon,2029-07-19,24,gha,262.24499,173.30715,-0.03914,0.00021,0.00006,0.00000
moon,2029-07-19,24,dec,-18.56020,-1.95129,0.06866,0.00154,-0.00002,-0.00000
moon,2029-07-19,24,hp,59.26150,-0.04273,-0.00526,-0.00002
moon,2029-07-20,24,gha,248.56597,173.02088,-0.03067,0.00121,0.00006,-0.00000
moon,2029-07-20,24,dec,-21.85871,-1.33351,0.08509,0.00115,-0.00003,-0.00000
moon,2029-07-20,24,hp,59.13307,-0.08595,-0.00556,-0.00003
moon,2029-07-21,24,gha,234.41915,172.84879,-0.01093,0.00201,0.00003,-0.00000
moon,2029-07-21,24,dec,-23.80912,-0.60872,0.09488,0.00044,-0.00005,-0.00000
moon,2029-07-21,24,hp,58.91559,-0.13179,-0.00588,-0.00002
moon,2029-07-22,24,gha,220.10967,172.86325,0.01480,0.00215,-0.00002,-0.00000
moon,2029-07-22,24,dec,-24.26089,0.15712,0.09507,-0.00041,-0.00005,0.00000
moon,2029-07-22,24,hp,58.60463,-0.17920,-0.00591,0.00002
moon,2029-07-23,24,gha,206.03104,173.07721,0.03763,0.00156,-0.00005,-0.00000
moon,2029-07-23,24,dec,-23.21136,0.88436,0.08545,-0.00115,-0.00004,0.00000
moon,2029-07-23,24,hp,58.20014,-0.22486,-0.00541,0.00007
moon,2029-07-24,24,gha,192.53452,173.43715,0.05068,0.00060,-0.00006,0.00000
moon,2029-07-24,24,dec,-20.80868,1.50448,0.06888,-0.00155,-0.00001,0.00000
moon,2029-07-24,24,hp,57.71046,-0.26384,-0.00423,0.00013
moon,2029-07-25,24,gha,179.82631,173.85621,0.05260,-0.00024,-0.00004,0.00000
moon,2029-07-25,24,dec,-17.30941,1.97865,0.04955,-0.00162,0.00000,0.00000
moon,2029-07-25,24,hp,57.15433,-0.29077,-0.00241,0.00017
moon,2029-07-26,24,gha,527.94286,174.25492,0.04613,-0.00078,-0.00002,0.00000
moon,2029-07-26,24,dec,-13.01587,2.29930,0.03088,-0.00147,0.00001,0.00000
moon,2029-07-26,24,hp,56.56054,-0.30111,-0.00012,0.00020
moon,2029-07-27,24,gha,516.78821,174.58109,0.03496,-0.00104,-0.00001,0.00000
moon,2029-07-27,24,dec,-8.22341,2.47960,0.01461,-0.00124,0.00001,-0.00000
moon,2029-07-27,24,hp,55.96519,-0.29216,0.00237,0.00021
moon,2029-07-28,24,gha,506.18906,174.80880,0.02183,-0.00112,-0.00000,0.00000
moon,2029-07-28,24,dec,-3.19161,2.54097,0.00112,-0.00102,0.00001,-0.00000
moon,2029-07-28,24,hp,55.40766,-0.26334,0.00481,0.00019
moon,2029-07-29,24,gha,495.93852,174.92942,0.00835,-0.00111,0.00000,0.00000
moon,2029-07-29,24,dec,1.86283,2.50418,-0.01004,-0.00085,0.00001,-0.00000
moon,2029-07-29,24,hp,54.92650,-0.21602,0.00697,0.00016
moon,2029-07-30,24,gha,485.82247,174.94369,-0.00467,-0.00105,0.00001,0.00000
moon,2029-07-30,24,dec,6.75967,2.38462,-0.01970,-0.00077,0.00000,-0.00000
moon,2029-07-30,24,hp,54.55604,-0.15299,0.00872,0.00013
moon,2029-07-31,24,gha,475.63387,174.85775,-0.01662,-0.00093,0.00001,0.00000
moon,2029-07-31,24,dec,11.34247,2.19062,-0.02878,-0.00075,-0.00000,-0.00000
moon,2029-07-31,24,hp,54.32404,-0.07797,0.00996,0.00008
moon,2029-08-01,24,gha,465.18304,174.68299,-0.02673,-0.00074,0.00002,0.00000
moon,2029-08-01,24,dec,15.46445,1.92363,-0.03804,-0.00080,-0.00000,-0.00000
moon,2029-08-01,24,hp,54.25033,0.00484,0.01065,0.00003
moon,2029-08-02,24,gha,454.31057,174.43863,-0.03380,-0.00042,0.00002,0.00000
moon,2029-08-02,24,dec,18.97642,1.58008,-0.04795,-0.00085,-0.00000,0.00000
moon,2029-08-02,24,hp,54.34591,0.09082,0.01075,-0.00002
moon,2029-08-03,24,gha,442.90655,174.15531,-0.03623,0.00004,0.00003,0.00000
moon,2029-08-03,24,dec,21.72011,1.15492,-0.05837,-0.00087,0.00000,0.00000
moon,2029-08-03,24,hp,54.61218,0.17498,0.01019,-0.00008
moon,2029-08-04,24,gha,430.93511,173.87627,-0.03259,0.00057,0.00003,-0.00000
moon,2029-08-04,24,dec,23.53057,0.64716,-0.06840,-0.00078,0.00001,0.00000
moon,2029-08-04,24,hp,55.04007,0.25185,0.00891,-0.00014
moon,2029-08-05,24,gha,418.45483,173.65166,-0.02275,0.00104,0.00002,-0.00000
moon,2029-08-05,24,dec,24.25077,0.06641,-0.07633,-0.00052,0.00002,0.00000
moon,2029-08-05,24,hp,55.60905,0.31542,0.00686,-0.00020
moon,2029-08-06,24,gha,405.61867,173.52376,-0.00890,0.00122,-0.00000,-0.00000
moon,2029-08-06,24,dec,23.75801,-0.56233,-0.08011,-0.00009,0.00003,0.00000
moon,2029-08-06,24,hp,56.28631,0.35950,0.00405,-0.00026
moon,2029-08-07,24,gha,392.63983,173.50888,0.00482,0.00101,-0.00002,-0.00000
moon,2029-08-07,24,dec,21.99506,-1.19898,-0.07815,0.00042,0.00003,-0.00000
moon,2029-08-07,24,hp,57.02705,0.37836,0.00059,-0.00031
moon,2029-08-08,24,gha,379.72923,173.58833,0.01416,0.00051,-0.00004,-0.00000
moon,2029-08-08,24,dec,18.99428,-1.79497,-0.06997,0.00093,0.00003,-0.00000
moon,2029-08-08,24,hp,57.77657,0.36799,-0.00320,-0.00032
moon,2029-08-09,24,gha,367.03157,173.71616,0.01676,-0.00008,-0.00004,0.00000
moon,2029-08-09,24,dec,14.88509,-2.30279,-0.05627,0.00134,0.00002,-0.00000
moon,2029-08-09,24,hp,58.47518,0.32758,-0.00684,-0.00028
moon,2029-08-10,24,gha,354.58853,173.83738,0.01267,-0.00058,-0.00003,0.00000
moon,2029-08-10,24,dec,9.88393,-2.68346,-0.03840,0.00162,0.00001,-0.00000
moon,2029-08-10,24,hp,59.06583,0.26065,-0.00974,-0.00020
moon,2029-08-11,24,gha,342.33808,173.90457,0.00356,-0.00091,-0.00001,0.00000
moon,2029-08-11,24,dec,4.27371,-2.90963,-0.01785,0.00179,0.00001,-0.00000
moon,2029-08-11,24,hp,59.50309,0.17521,-0.01141,-0.00008
moon,2029-08-12,24,gha,330.13925,173.88675,-0.00823,-0.00103,-0.00000,0.00000
moon,2029-08-12,24,dec,-1.61946,-2.96528,0.00406,0.00185,0.00000,-0.00000
moon,2029-08-12,24,hp,59.76070,0.08224,-0.01162,0.00004
moon,2029-08-13,24,gha,317.80857,173.77265,-0.02011,-0.00092,0.00001,0.00000
moon,2029-08-13,24,dec,-7.44711,-2.84386,0.02627,0.00184,-0.00000,-0.00000
moon,2029-08-13,24,hp,59.83505,-0.00697,-0.01052,0.00014
moon,2029-08-14,24,gha,305.16197,173.57325,-0.02908,-0.00053,0.00003,0.00000
moon,2029-08-14,24,dec,-12.85586,-2.54696,0.04777,0.00173,-0.00001,-0.00000
moon,2029-08-14,24,hp,59.74284,-0.08360,-0.00856,0.00018
moon,2029-08-15,24,gha,292.06281,173.32536,-0.03173,0.00013,0.00005,0.00000
moon,2029-08-15,24,dec,-17.50423,-2.08516,0.06726,0.00149,-0.00002,-0.00000
moon,2029-08-15,24,hp,59.51433,-0.14304,-0.00630,0.00019
moon,2029-08-16,24,gha,278.47467,173.09198,-0.02515,0.00097,0.00005,-0.00000
moon,2029-08-16,24,dec,-21.08429,-1.48195,0.08278,0.00106,-0.00003,-0.00000
moon,2029-08-16,24,hp,59.18454,-0.18503,-0.00425,0.00015
moon,2029-08-17,24,gha,264.50359,172.95041,-0.00903,0.00166,0.00003,-0.00000
moon,2029-08-17,24,dec,-23.35271,-0.77888,0.09187,0.00043,-0.00004,-0.00000
moon,2029-08-17,24,hp,58.78579,-0.21242,-0.00268,0.00011
moon,2029-08-18,24,gha,250.39935,172.96344,0.01260,0.00184,-0.00001,-0.00000
moon,2029-08-18,24,dec,-24.16806,-0.03586,0.09260,-0.00031,-0.00004,0.00000
moon,2029-08-18,24,hp,58.34309,-0.22943,-0.00165,0.00007
moon,2029-08-19,24,gha,236.49347,173.14743,0.03264,0.00141,-0.00004,-0.00000
moon,2029-08-19,24,dec,-23.51872,0.67881,0.08495,-0.00094,-0.00003,0.00000
moon,2029-08-19,24,hp,57.87313,-0.24003,-0.00105,0.00004
moon,2029-08-20,24,gha,223.09437,173.46389,0.04511,0.00064,-0.00005,0.00000
moon,2029-08-20,24,dec,-21.52272,1.30559,0.07106,-0.00133,-0.00002,0.00000
moon,2029-08-20,24,hp,57.38599,-0.24679,-0.00066,0.00003
moon,2029-08-21,24,gha,210.39804,173.84233,0.04818,-0.00010,-0.00004,0.00000
moon,2029-08-21,24,dec,-18.39580,1.80718,0.05411,-0.00146,-0.00000,0.00000
moon,2029-08-21,24,hp,56.88840,-0.25046,-0.00024,0.00004
moon,2029-08-22,24,gha,198.45726,174.21303,0.04359,-0.00062,-0.00002,0.00000
moon,2029-08-22,24,dec,-14.40368,2.17052,0.03683,-0.00140,0.00001,0.00000
moon,2029-08-22,24,hp,56.38733,-0.25009,0.00038,0.00006
moon,2029-08-23,24,gha,187.20449,174.52642,0.03428,-0.00090,-0.00001,0.00000
moon,2029-08-23,24,dec,-9.81966,2.40017,0.02084,-0.00126,0.00001,0.00000
moon,2029-08-23,24,hp,55.89293,-0.24354,0.00131,0.00009
moon,2029-08-24,24,gha,176.49594,174.75544,0.02279,-0.00100,-0.00000,0.00000
moon,2029-08-24,24,dec,-4.89837,2.50938,0.00675,-0.00109,0.00001,-0.00000
moon,2029-08-24,24,hp,55.42006,-0.22830,0.00255,0.00011
moon,2029-08-25,24,gha,526.15092,174.88947,0.01071,-0.00100,0.00000,0.00000
moon,2029-08-25,24,dec,0.13464,2.51342,-0.00549,-0.00095,0.00001,-0.00000
moon,2029-08-25,24,hp,54.98840,-0.20214,0.00402,0.00013
moon,2029-08-26,24,gha,515.97793,174.92774,-0.00105,-0.00095,0.00000,0.00000
moon,2029-08-26,24,dec,5.08267,2.42562,-0.01628,-0.00085,0.00000,-0.00000
moon,2029-08-26,24,hp,54.62128,-0.16365,0.00561,0.00013
moon,2029-08-27,24,gha,505.78997,174.87526,-0.01189,-0.00085,0.00001,0.00000
moon,2029-08-27,24,dec,9.77202,2.25551,-0.02615,-0.00080,0.00000,-0.00000
moon,2029-08-27,24,hp,54.34382,-0.11252,0.00716,0.00012
moon,2029-08-28,24,gha,495.41482,174.74184,-0.02118,-0.00069,0.00001,0.00000
moon,2029-08-28,24,dec,14.04375,2.00834,-0.03562,-0.00078,0.00000,-0.00000
moon,2029-08-28,24,hp,54.18063,-0.04950,0.00856,0.00011
moon,2029-08-29,24,gha,484.70567,174.54329,-0.02803,-0.00044,0.00002,0.00000
moon,2029-08-29,24,dec,17.74568,1.68573,-0.04504,-0.00079,-0.00000,0.00000
moon,2029-08-29,24,hp,54.15378,0.02357,0.00966,0.00008
moon,2029-08-30,24,gha,473.55524,174.30356,-0.03130,-0.00009,0.00002,0.00000
moon,2029-08-30,24,dec,20.72684,1.28756,-0.05448,-0.00078,0.00000,0.00000
moon,2029-08-30,24,hp,54.28069,0.10392,0.01036,0.00004
moon,2029-08-31,24,gha,461.91338,174.05572,-0.02993,0.00032,0.00003,-0.00000
moon,2029-08-31,24,dec,22.83714,0.81523,-0.06348,-0.00071,0.00001,0.00000
moon,2029-08-31,24,hp,54.57223,0.18775,0.01051,-0.00001
moon,2029-09-01,24,gha,449.80255,173.83870,-0.02365,0.00071,0.00002,-0.00000
moon,2029-09-01,24,dec,23.93448,0.27577,-0.07108,-0.00054,0.00001,0.00000
moon,2029-09-01,24,hp,55.03055,0.27012,0.00997,-0.00008
moon,2029-09-02,24,gha,437.32091,173.68801,-0.01365,0.00092,0.00001,-0.00000
moon,2029-09-02,24,dec,23.89998,-0.31433,-0.07594,-0.00025,0.00002,0.00000
moon,2029-09-02,24,hp,55.64664,0.34479,0.00856,-0.00016
moon,2029-09-03,24,gha,424.62268,173.62287,-0.00275,0.00085,-0.00001,-0.00000
moon,2029-09-03,24,dec,22.65855,-0.92778,-0.07675,0.00013,0.00003,0.00000
moon,2029-09-03,24,hp,56.39762,0.40416,0.00612,-0.00025
moon,2029-09-04,24,gha,411.87550,173.63702,0.00570,0.00052,-0.00003,-0.00000
moon,2029-09-04,24,dec,20.19890,-1.52846,-0.07266,0.00056,0.00003,0.00000
moon,2029-09-04,24,hp,57.24435,0.43963,0.00259,-0.00034
moon,2029-09-05,24,gha,399.20953,173.69992,0.00920,0.00005,-0.00003,0.00000
moon,2029-09-05,24,dec,16.58706,-2.07565,-0.06338,0.00099,0.00003,-0.00000
moon,2029-09-05,24,hp,58.13049,0.44275,-0.00192,-0.00041
moon,2029-09-06,24,gha,386.67914,173.76783,0.00697,-0.00041,-0.00003,0.00000
moon,2029-09-06,24,dec,11.97114,-2.52835,-0.04909,0.00139,0.00002,-0.00000
moon,2029-09-06,24,hp,58.98473,0.40728,-0.00697,-0.00042
moon,2029-09-07,24,gha,374.25038,173.79746,-0.00016,-0.00075,-0.00002,0.00000
moon,2029-09-07,24,dec,6.57887,-2.84823,-0.03027,0.00174,0.00002,-0.00000
moon,2029-09-07,24,hp,59.72789,0.33187,-0.01177,-0.00036
moon,2029-09-08,24,gha,361.81285,173.75650,-0.01036,-0.00091,-0.00000,0.00000
moon,2029-09-08,24,dec,0.70974,-3.00212,-0.00775,0.00200,0.00001,-0.00000
moon,2029-09-08,24,hp,60.28510,0.22235,-0.01536,-0.00022
moon,2029-09-09,24,gha,349.20852,173.63020,-0.02109,-0.00083,0.00001,0.00000
moon,2029-09-09,24,dec,-5.27856,-2.96542,0.01715,0.00213,0.00000,-0.00000
moon,2029-09-09,24,hp,60.60068,0.09195,-0.01690,-0.00003
moon,2029-09-10,24,gha,336.27207,173.42658,-0.02917,-0.00046,0.00003,0.00000
moon,2029-09-10,24,dec,-10.99158,-2.72645,0.04249,0.00207,-0.00001,-0.00000
moon,2029-09-10,24,hp,60.65056,-0.04140,-0.01610,0.00016
moon,2029-09-11,24,gha,322.88161,173.18146,-0.03092,0.00021,0.00005,0.00000
moon,2029-09-11,24,dec,-16.02887,-2.29144,0.06574,0.00177,-0.00003,-0.00000
moon,2029-09-11,24,hp,60.44680,-0.16004,-0.01332,0.00029
moon,2029-09-12,24,gha,309.01536,172.95864,-0.02329,0.00106,0.00005,-0.00000
moon,2029-09-12,24,dec,-20.02446,-1.68901,0.08389,0.00121,-0.00004,-0.00000
moon,2029-09-12,24,hp,60.03214,-0.25135,-0.00941,0.00035
moon,2029-09-13,24,gha,294.79585,172.83618,-0.00614,0.00174,0.00003,-0.00000
moon,2029-09-13,24,dec,-22.69391,-0.97197,0.09404,0.00045,-0.00005,-0.00000
moon,2029-09-13,24,hp,59.46722,-0.31014,-0.00532,0.00033
moon,2029-09-14,24,gha,280.48853,172.87508,0.01608,0.00186,-0.00001,-0.00000
moon,2029-09-14,24,dec,-23.87812,-0.21177,0.09461,-0.00035,-0.00005,0.00000
moon,2029-09-14,24,hp,58.81608,-0.33804,-0.00177,0.00026
moon,2029-09-15,24,gha,266.43376,173.08678,0.03598,0.00137,-0.00004,-0.00000
moon,2029-09-15,24,dec,-23.56636,0.51666,0.08639,-0.00098,-0.00003,0.00000
moon,2029-09-15,24,hp,58.13476,-0.34108,0.00087,0.00018
moon,2029-09-16,24,gha,252.93800,173.42726,0.04772,0.00057,-0.00005,0.00000
moon,2029-09-16,24,dec,-21.88408,1.15384,0.07230,-0.00132,-0.00001,0.00000
moon,2029-09-16,24,hp,57.46537,-0.32692,0.00254,0.00010
moon,2029-09-17,24,gha,240.18642,173.82295,0.04989,-0.00018,-0.00004,0.00000
moon,2029-09-17,24,dec,-19.04971,1.66674,0.05579,-0.00140,0.00000,0.00000
moon,2029-09-17,24,hp,56.83503,-0.30270,0.00341,0.00005
moon,2029-09-18,24,gha,228.21808,174.20425,0.04457,-0.00067,-0.00002,0.00000
moon,2029-09-18,24,dec,-15.32236,2.04694,0.03940,-0.00132,0.00001,0.00000
moon,2029-09-18,24,hp,56.25821,-0.27386,0.00374,0.00001
moon,2029-09-19,24,gha,216.95406,174.52361,0.03484,-0.00092,-0.00001,0.00000
moon,2029-09-19,24,dec,-10.96176,2.30114,0.02438,-0.00118,0.00001,-0.00000
moon,2029-09-19,24,hp,55.74063,-0.24368,0.00379,-0.00000
moon,2029-09-20,24,gha,206.24382,174.75645,0.02323,-0.00100,-0.00000,0.00000
moon,2029-09-20,24,dec,-6.20775,2.44170,0.01098,-0.00105,0.00001,-0.00000
moon,2029-09-20,24,hp,55.28355,-0.21339,0.00380,0.00000
moon,2029-09-21,24,gha,195.90469,174.89447,0.01130,-0.00098,0.00000,0.00000
moon,2029-09-21,24,dec,-1.27529,2.48075,-0.00104,-0.00096,0.00001,-0.00000
moon,2029-09-21,24,hp,54.88752,-0.18252,0.00395,0.00002
moon,2029-09-22,24,gha,185.74752,174.93889,-0.00007,-0.00091,0.00001,0.00000
moon,2029-09-22,24,dec,3.64242,2.42776,-0.01209,-0.00089,0.00000,-0.00000
moon,2029-09-22,24,hp,54.55516,-0.14951,0.00434,0.00004
moon,2029-09-23,24,gha,175.59154,174.89659,-0.01030,-0.00079,0.00001,0.00000
moon,2029-09-23,24,dec,8.36794,2.28907,-0.02252,-0.00085,0.00000,-0.00000
moon,2029-09-23,24,hp,54.29281,-0.11228,0.00500,0.00007
moon,2029-09-24,24,gha,525.27420,174.77897,-0.01880,-0.00062,0.00001,0.00000
moon,2029-09-24,24,dec,12.73386,2.06846,-0.03259,-0.00083,0.00000,0.00000
moon,2029-09-24,24,hp,54.11098,-0.06880,0.00590,0.00008
moon,2029-09-25,24,gha,514.66100,174.60282,-0.02481,-0.00037,0.00002,0.00000
moon,2029-09-25,24,dec,16.57882,1.76832,-0.04240,-0.00080,0.00000,0.00000
moon,2029-09-25,24,hp,54.02380,-0.01752,0.00694,0.00009
moon,2029-09-26,24,gha,503.65766,174.39166,-0.02742,-0.00005,0.00002,0.00000
moon,2029-09-26,24,dec,19.74625,1.39130,-0.05177,-0.00075,0.00000,0.00000
moon,2029-09-26,24,hp,54.04763,0.04224,0.00800,0.00009
moon,2029-09-27,24,gha,492.22388,174.17581,-0.02591,0.00030,0.00002,-0.00000
moon,2029-09-27,24,dec,22.08719,0.94258,-0.06023,-0.00065,0.00001,0.00000
moon,2029-09-27,24,hp,54.19922,0.11013,0.00894,0.00007
moon,2029-09-28,24,gha,480.38377,173.98877,-0.02030,0.00062,0.00002,-0.00000
moon,2029-09-28,24,dec,23.46773,0.43228,-0.06704,-0.00047,0.00001,0.00000
moon,2029-09-28,24,hp,54.49332,0.18453,0.00960,0.00004
moon,2029-09-29,24,gha,468.22471,173.85926,-0.01181,0.00077,0.00000,-0.00000
moon,2029-09-29,24,dec,23.78066,-0.12294,-0.07134,-0.00023,0.00002,0.00000
moon,2029-09-29,24,hp,54.94006,0.26236,0.00977,-0.00001
moon,2029-09-30,24,gha,455.87772,173.80126,-0.00283,0.00069,-0.00001,-0.00000
moon,2029-09-30,24,dec,22.95854,-0.70010,-0.07244,0.00005,0.00002,0.00000
moon,2029-09-30,24,hp,55.54170,0.33882,0.00922,-0.00008
moon,2029-10-01,24,gha,443.48084,173.80745,0.00386,0.00040,-0.00002,-0.00000
moon,2029-10-01,24,dec,20.98445,-1.27194,-0.06999,0.00036,0.00002,0.00000
moon,2029-10-01,24,hp,56.28893,0.40713,0.00769,-0.00018
moon,2029-10-02,24,gha,431.13701,173.85069,0.00622,-0.00002,-0.00003,-0.00000
moon,2029-10-02,24,dec,17.89794,-1.80946,-0.06386,0.00067,0.00002,0.00000
moon,2029-10-02,24,hp,57.15678,0.45843,0.00494,-0.00029
moon,2029-10-03,24,gha,418.88240,173.89241,0.00347,-0.00044,-0.00002,0.00000
moon,2029-10-03,24,dec,13.79731,-2.28291,-0.05394,0.00099,0.00002,0.00000
moon,2029-10-03,24,hp,58.10091,0.48227,0.00083,-0.00040
moon,2029-10-04,24,gha,406.67405,173.89308,-0.00390,-0.00078,-0.00002,0.00000
moon,2029-10-04,24,dec,8.84191,-2.66080,-0.03990,0.00135,0.00002,0.00000
moon,2029-10-04,24,hp,59.05581,0.46819,-0.00449,-0.00048
moon,2029-10-05,24,gha,394.39667,173.82065,-0.01455,-0.00097,-0.00001,0.00000
moon,2029-10-05,24,dec,3.25719,-2.90844,-0.02132,0.00174,0.00002,-0.00000
moon,2029-10-05,24,hp,59.93753,0.40857,-0.01044,-0.00049
moon,2029-10-06,24,gha,381.88401,173.65682,-0.02638,-0.00096,0.00001,0.00000
moon,2029-10-06,24,dec,-2.65941,-2.98883,0.00187,0.00211,0.00002,-0.00000
moon,2029-10-06,24,hp,60.65316,0.30248,-0.01593,-0.00040
moon,2029-10-07,24,gha,368.95306,173.40395,-0.03627,-0.00063,0.00003,0.00000
moon,2029-10-07,24,dec,-8.53874,-2.86812,0.02870,0.00233,0.00001,-0.00000
moon,2029-10-07,24,hp,61.11753,0.15879,-0.01965,-0.00020
moon,2029-10-08,24,gha,355.45411,173.09397,-0.03997,0.00008,0.00006,0.00000
moon,2029-10-08,24,dec,-13.95674,-2.52663,0.05655,0.00225,-0.00002,-0.00000
moon,2029-10-08,24,hp,61.27321,-0.00388,-0.02057,0.00005
moon,2029-10-09,24,gha,341.33708,172.79477,-0.03303,0.00110,0.00007,-0.00000
moon,2029-10-09,24,dec,-18.47656,-1.97272,0.08106,0.00176,-0.00004,-0.00000
moon,2029-10-09,24,hp,61.10589,-0.16168,-0.01847,0.00029
moon,2029-10-10,24,gha,326.71670,172.60092,-0.01378,0.00205,0.00004,-0.00000
moon,2029-10-10,24,dec,-21.71632,-1.25361,0.09714,0.00087,-0.00006,-0.00000
moon,2029-10-10,24,hp,60.64776,-0.29274,-0.01404,0.00043
moon,2029-10-11,24,gha,311.89209,172.59718,0.01337,0.00235,-0.00001,-0.00000
moon,2029-10-11,24,dec,-23.42614,-0.45284,0.10119,-0.00019,-0.00006,0.00000
moon,2029-10-11,24,hp,59.96711,-0.38332,-0.00854,0.00047
moon,2029-10-12,24,gha,297.27816,172.81026,0.03893,0.00180,-0.00006,-0.00000
moon,2029-10-12,24,dec,-23.54092,0.33152,0.09338,-0.00105,-0.00004,0.00000
moon,2029-10-12,24,hp,59.14943,-0.42990,-0.00320,0.00041
moon,2029-10-13,24,gha,283.26680,173.19144,0.05457,0.00078,-0.00007,0.00000
moon,2029-10-13,24,dec,-22.17752,1.01872,0.07764,-0.00150,-0.00001,0.00000
moon,2029-10-13,24,hp,58.27858,-0.43730,0.00117,0.00031
moon,2029-10-14,24,gha,270.10378,173.64836,0.05799,-0.00017,-0.00005,0.00000
moon,2029-10-14,24,dec,-19.57747,1.56579,0.05903,-0.00155,0.00001,0.00000
moon,2029-10-14,24,hp,57.42391,-0.41482,0.00425,0.00020
moon,2029-10-15,24,gha,257.84968,174.09249,0.05198,-0.00078,-0.00003,0.00000
moon,2029-10-15,24,dec,-16.03114,1.96570,0.04123,-0.00139,0.00001,0.00000
moon,2029-10-15,24,hp,56.63475,-0.37282,0.00608,0.00011
moon,2029-10-16,24,gha,246.41677,174.46518,0.04071,-0.00106,-0.00001,0.00000
moon,2029-10-16,24,dec,-11.82032,2.23225,0.02578,-0.00118,0.00001,-0.00000
moon,2029-10-16,24,hp,55.94080,-0.32046,0.00688,0.00003
moon,2029-10-17,24,gha,235.63133,174.73831,0.02745,-0.00113,-0.00000,0.00000
moon,2029-10-17,24,dec,-7.19215,2.38504,0.01273,-0.00100,0.00001,-0.00000
moon,2029-10-17,24,hp,55.35558,-0.26469,0.00698,-0.00001
moon,2029-10-18,24,gha,225.28499,174.90421,0.01410,-0.00109,0.00000,0.00000
moon,2029-10-18,24,dec,-2.35689,2.44078,0.00140,-0.00089,0.00000,-0.00000
moon,2029-10-18,24,hp,54.88112,-0.21005,0.00664,-0.00004
moon,2029-10-19,24,gha,215.16593,174.96631,0.00160,-0.00099,0.00001,0.00000
moon,2029-10-19,24,dec,2.50271,2.41019,-0.00897,-0.00084,0.00000,-0.00000
moon,2029-10-19,24,hp,54.51261,-0.15888,0.00614,-0.00004
moon,2029-10-20,24,gha,205.07534,174.93388,-0.00946,-0.00085,0.00001,0.00000
moon,2029-10-20,24,dec,7.21947,2.29820,-0.01902,-0.00084,-0.00000,-0.00000
moon,2029-10-20,24,hp,54.24243,-0.11169,0.00567,-0.00003
moon,2029-10-21,24,gha,194.83738,174.82063,-0.01850,-0.00065,0.00001,0.00000
moon,2029-10-21,24,dec,11.63179,2.10569,-0.02913,-0.00085,-0.00000,0.00000
moon,2029-10-21,24,hp,54.06338,-0.06760,0.00538,-0.00001
moon,2029-10-22,24,gha,184.30896,174.64576,-0.02473,-0.00038,0.00002,0.00000
moon,2029-10-22,24,dec,15.57781,1.83184,-0.03933,-0.00085,0.00000,0.00000
moon,2029-10-22,24,hp,53.97102,-0.02478,0.00536,0.00001
moon,2029-10-23,24,gha,533.39236,174.43559,-0.02719,-0.00002,0.00002,0.00000
moon,2029-10-23,24,dec,18.89504,1.47711,-0.04927,-0.00080,0.00001,0.00000
moon,2029-10-23,24,hp,53.96505,0.01903,0.00563,0.00003
moon,2029-10-24,24,gha,522.04984,174.22362,-0.02512,0.00037,0.00002,-0.00000
moon,2029-10-24,24,dec,21.42597,1.04637,-0.05820,-0.00068,0.00001,0.00000
moon,2029-10-24,24,hp,54.04969,0.06604,0.00615,0.00005
moon,2029-10-25,24,gha,510.31442,174.04640,-0.01860,0.00070,0.00002,-0.00000
moon,2029-10-25,24,dec,23.02967,0.55154,-0.06514,-0.00047,0.00002,0.00000
moon,2029-10-25,24,hp,54.23311,0.11795,0.00684,0.00006
moon,2029-10-26,24,gha,498.28742,173.93455,-0.00910,0.00085,0.00000,-0.00000
moon,2029-10-26,24,dec,23.59710,0.01256,-0.06912,-0.00019,0.00002,0.00000
moon,2029-10-26,24,hp,54.52595,0.17548,0.00754,0.00005
moon,2029-10-27,24,gha,486.11553,173.90176,0.00072,0.00075,-0.00001,-0.00000
moon,2029-10-27,24,dec,23.06554,-0.54454,-0.06963,0.00010,0.00002,-0.00000
moon,2029-10-27,24,hp,54.93901,0.23803,0.00806,0.00003
moon,2029-10-28,24,gha,473.94969,173.93838,0.00787,0.00042,-0.00003,-0.00000
moon,2029-10-28,24,dec,21.42670,-1.09189,-0.06674,0.00037,0.00002,-0.00000
moon,2029-10-28,24,hp,55.48021,0.30326,0.00817,-0.00002
moon,2029-10-29,24,gha,461.90011,174.01404,0.01027,-0.00003,-0.00003,0.00000
moon,2029-10-29,24,dec,18.72591,-1.60404,-0.06092,0.00059,0.00001,-0.00000
moon,2029-10-29,24,hp,56.15071,0.36675,0.00758,-0.00009
moon,2029-10-30,24,gha,450.00390,174.08723,0.00725,-0.00047,-0.00003,0.00000
moon,2029-10-30,24,dec,15.05537,-2.05960,-0.05263,0.00079,0.00001,0.00000
moon,2029-10-30,24,hp,56.94049,0.42171,0.00599,-0.00018
moon,2029-10-31,24,gha,438.21382,174.11606,-0.00069,-0.00084,-0.00002,0.00000
moon,2029-10-31,24,dec,10.54765,-2.43917,-0.04188,0.00101,0.00002,0.00000
moon,2029-10-31,24,hp,57.82354,0.45895,0.00312,-0.00030
moon,2029-11-01,24,gha,426.40505,174.06539,-0.01242,-0.00110,-0.00001,0.00000
moon,2029-11-01,24,dec,5.37594,-2.72105,-0.02808,0.00130,0.00002,0.00000
moon,2029-11-01,24,hp,58.75363,0.46757,-0.00116,-0.00041
moon,2029-11-02,24,gha,414.39310,173.91105,-0.02633,-0.00119,0.00000,0.00000
moon,2029-11-02,24,dec,-0.23700,-2.87705,-0.01026,0.00168,0.00003,0.00000
moon,2029-11-02,24,hp,59.66263,0.43686,-0.00665,-0.00049
moon,2029-11-03,24,gha,401.96013,173.64453,-0.04003,-0.00104,0.00002,0.00000
moon,2029-11-03,24,dec,-6.00446,-2.87158,0.01234,0.00208,0.00002,-0.00000
moon,2029-11-03,24,hp,60.46411,0.35961,-0.01265,-0.00049
moon,2029-11-04,24,gha,388.89470,173.28199,-0.04964,-0.00049,0.00005,0.00000
moon,2029-11-04,24,dec,-11.56572,-2.66722,0.03925,0.00237,0.00001,-0.00000
moon,2029-11-04,24,hp,61.06453,0.23638,-0.01795,-0.00037
moon,2029-11-05,24,gha,375.05427,172.87752,-0.04964,0.00056,0.00008,0.00000
moon,2029-11-05,24,dec,-16.49574,-2.23908,0.06766,0.00229,-0.00002,-0.00000
moon,2029-11-05,24,hp,61.38204,0.07847,-0.02113,-0.00014
moon,2029-11-06,24,gha,360.44926,172.52968,-0.03498,0.00189,0.00008,-0.00000
moon,2029-11-06,24,dec,-20.35146,-1.59639,0.09190,0.00165,-0.00006,-0.00000
moon,2029-11-06,24,hp,61.36774,-0.09284,-0.02121,0.00013
moon,2029-11-07,24,gha,345.31380,172.35906,-0.00604,0.00281,0.00003,-0.00000
moon,2029-11-07,24,dec,-22.75893,-0.79998,0.10518,0.00050,-0.00008,-0.00000
moon,2029-11-07,24,hp,61.02046,-0.25188,-0.01814,0.00037
moon,2029-11-08,24,gha,330.09230,172.44794,0.02802,0.00268,-0.00004,-0.00000
moon,2029-11-08,24,dec,-23.51367,0.04390,0.10360,-0.00074,-0.00007,0.00000
moon,2029-11-08,24,hp,60.38752,-0.37663,-0.01283,0.00050
moon,2029-11-09,24,gha,315.30294,172.78460,0.05422,0.00159,-0.00008,-0.00000
moon,2029-11-09,24,dec,-22.63694,0.82073,0.08914,-0.00158,-0.00003,0.00000
moon,2029-11-09,24,hp,59.55103,-0.45473,-0.00668,0.00051
moon,2029-11-10,24,gha,301.35029,173.27200,0.06533,0.00029,-0.00007,0.00000
moon,2029-11-10,24,dec,-20.34701,1.45164,0.06814,-0.00184,-0.00000,0.00000
moon,2029-11-10,24,hp,58.60679,-0.48473,-0.00096,0.00043
moon,2029-11-11,24,gha,288.41507,173.79050,0.06264,-0.00066,-0.00004,0.00000
moon,2029-11-11,24,dec,-16.96733,1.91020,0.04678,-0.00168,0.00002,0.00000
moon,2029-11-11,24,hp,57.64487,-0.47339,0.00359,0.00032
moon,2029-11-12,24,gha,276.46536,174.25049,0.05153,-0.00113,-0.00002,0.00000
moon,2029-11-12,24,dec,-12.83305,2.20877,0.02841,-0.00137,0.00002,-0.00000
moon,2029-11-12,24,hp,56.73748,-0.43141,0.00670,0.00020
moon,2029-11-13,24,gha,265.33318,174.60510,0.03687,-0.00128,-0.00000,0.00000
moon,2029-11-13,24,dec,-8.23670,2.37537,0.01375,-0.00108,0.00002,-0.00000
moon,2029-11-13,24,hp,55.93463,-0.36996,0.00848,0.00010
moon,2029-11-14,24,gha,254.78991,174.83890,0.02162,-0.00125,0.00000,0.00000
moon,2029-11-14,24,dec,-3.41446,2.43713,0.00204,-0.00088,0.00001,-0.00000
moon,2029-11-14,24,hp,55.26537,-0.29872,0.00919,0.00002
moon,2029-11-15,24,gha,244.59425,174.95341,0.00718,-0.00115,0.00001,0.00000
moon,2029-11-15,24,dec,1.44406,2.41314,-0.00787,-0.00078,0.00000,-0.00000
moon,2029-11-15,24,hp,54.74161,-0.22510,0.00912,-0.00003
moon,2029-11-16,24,gha,234.51654,174.95809,-0.00576,-0.00100,0.00001,0.00000
moon,2029-11-16,24,dec,6.17806,2.31319,-0.01708,-0.00076,-0.00000,-0.00000
moon,2029-11-16,24,hp,54.36274,-0.15426,0.00854,-0.00006
moon,2029-11-17,24,gha,224.35075,174.86703,-0.01666,-0.00080,0.00001,0.00000
moon,2029-11-17,24,dec,10.63849,2.13947,-0.02640,-0.00079,-0.00000,-0.00000
moon,2029-11-17,24,hp,54.11989,-0.08931,0.00767,-0.00008
moon,2029-11-18,24,gha,213.92409,174.69958,-0.02472,-0.00052,0.00002,0.00000
moon,2029-11-18,24,dec,14.67551,1.88939,-0.03619,-0.00084,-0.00000,0.00000
moon,2029-11-18,24,hp,53.99965,-0.03171,0.00673,-0.00008
moon,2029-11-19,24,gha,203.10982,174.48270,-0.02884,-0.00015,0.00003,0.00000
moon,2029-11-19,24,dec,18.13275,1.55941,-0.04631,-0.00084,0.00000,0.00000
moon,2029-11-19,24,hp,53.98721,0.01853,0.00585,-0.00007
moon,2029-11-20,24,gha,191.84429,174.25254,-0.02791,0.00031,0.00003,-0.00000
moon,2029-11-20,24,dec,20.84982,1.14956,-0.05601,-0.00076,0.00001,0.00000
moon,2029-11-20,24,hp,54.06883,0.06253,0.00518,-0.00005
moon,2029-11-21,24,gha,180.14326,174.05174,-0.02154,0.00074,0.00002,-0.00000
moon,2029-11-21,24,dec,22.67406,0.66798,-0.06404,-0.00056,0.00002,0.00000
moon,2029-11-21,24,hp,54.23389,0.10220,0.00478,-0.00002
moon,2029-11-22,24,gha,528.10633,173.92023,-0.01089,0.00100,0.00001,-0.00000
moon,2029-11-22,24,dec,23.47993,0.13376,-0.06898,-0.00025,0.00002,0.00000
moon,2029-11-22,24,hp,54.47608,0.13991,0.00469,0.00000
moon,2029-11-23,24,gha,515.89810,173.88162,0.00117,0.00096,-0.00001,-0.00000
moon,2029-11-23,24,dec,23.19027,-0.42416,-0.06987,0.00010,0.00002,-0.00000
moon,2029-11-23,24,hp,54.79377,0.17792,0.00485,0.00002
moon,2029-11-24,24,gha,503.70417,173.93270,0.01103,0.00064,-0.00003,-0.00000
moon,2029-11-24,24,dec,21.79101,-0.97238,-0.06661,0.00043,0.00002,-0.00000
moon,2029-11-24,24,hp,55.18929,0.21786,0.00515,0.00003
moon,2029-11-25,24,gha,491.67663,174.04382,0.01589,0.00016,-0.00003,-0.00000
moon,2029-11-25,24,dec,19.33280,-1.48027,-0.05994,0.00067,0.00001,-0.00000
moon,2029-11-25,24,hp,55.66712,0.26019,0.00541,0.00001
moon,2029-11-26,24,gha,479.89117,174.16972,0.01470,-0.00035,-0.00003,0.00000
moon,2029-11-26,24,dec,15.92020,-1.92480,-0.05092,0.00082,0.00001,-0.00000
moon,2029-11-26,24,hp,56.23093,0.30359,0.00538,-0.00002
moon,2029-11-27,24,gha,468.32961,174.26304,0.00789,-0.00077,-0.00002,0.00000
moon,2029-11-27,24,dec,11.69605,-2.29051,-0.04030,0.00094,0.00001,0.00000
moon,2029-11-27,24,hp,56.87963,0.34461,0.00477,-0.00008
moon,2029-11-28,24,gha,456.88539,174.28337,-0.00335,-0.00108,-0.00002,0.00000
moon,2029-11-28,24,dec,6.83003,-2.56542,-0.02818,0.00109,0.00001,0.00000
moon,2029-11-28,24,hp,57.60285,0.37737,0.00327,-0.00017
moon,2029-11-29,24,gha,445.38155,174.20089,-0.01760,-0.00127,-0.00001,0.00000
moon,2029-11-29,24,dec,1.51735,-2.73540,-0.01394,0.00130,0.00002,0.00000
moon,2029-11-29,24,hp,58.37619,0.39379,0.00066,-0.00027
moon,2029-11-30,24,gha,433.59338,173.99795,-0.03317,-0.00129,0.00001,0.00000
moon,2029-11-30,24,dec,-4.01199,-2.77943,0.00347,0.00161,0.00002,0.00000
moon,2029-11-30,24,hp,59.15762,0.38445,-0.00316,-0.00036
moon,2029-12-01,24,gha,421.27702,173.67378,-0.04742,-0.00103,0.00003,0.00000
moon,2029-12-01,24,dec,-9.47758,-2.66828,0.02494,0.00196,0.00002,-0.00000
moon,2029-12-01,24,hp,59.88664,0.34061,-0.00790,-0.00042
moon,2029-12-02,24,gha,408.21332,173.25537,-0.05593,-0.00031,0.00006,0.00000
moon,2029-12-02,24,dec,-14.53653,-2.36963,0.05015,0.00220,0.00001,-0.00000
moon,2029-12-02,24,hp,60.48868,0.25727,-0.01289,-0.00040
moon,2029-12-03,24,gha,394.27828,172.81226,-0.05268,0.00092,0.00009,0.00000
moon,2029-12-03,24,dec,-18.79094,-1.86293,0.07630,0.00208,-0.00003,-0.00000
moon,2029-12-03,24,hp,60.88611,0.13670,-0.01704,-0.00028
moon,2029-12-04,24,gha,379.53371,172.45956,-0.03303,0.00232,0.00008,-0.00000
moon,2029-12-04,24,dec,-21.83432,-1.16274,0.09749,0.00136,-0.00006,-0.00000
moon,2029-12-04,24,hp,61.01501,-0.00957,-0.01917,-0.00007
moon,2029-12-05,24,gha,364.28886,172.32351,0.00035,0.00307,0.00001,-0.00000
moon,2029-12-05,24,dec,-23.34209,-0.33730,0.10672,0.00013,-0.00008,-0.00000
moon,2029-12-05,24,hp,60.84280,-0.16212,-0.01855,0.00017
moon,2029-12-06,24,gha,349.05338,172.47049,0.03557,0.00261,-0.00006,-0.00000
moon,2029-12-06,24,dec,-23.17348,0.50081,0.10063,-0.00110,-0.00007,0.00000
moon,2029-12-06,24,hp,60.37915,-0.29878,-0.01527,0.00037
moon,2029-12-07,24,gha,334.36361,172.85963,0.05939,0.00130,-0.00009,0.00000
moon,2029-12-07,24,dec,-21.41956,1.23779,0.08232,-0.00185,-0.00003,0.00000
moon,2029-12-07,24,hp,59.67484,-0.40127,-0.01017,0.00047
moon,2029-12-08,24,gha,320.59046,173.37329,0.06670,-0.00002,-0.00007,0.00000
moon,2029-12-08,24,dec,-18.35878,1.80338,0.05885,-0.00198,0.00001,0.00000
moon,2029-12-08,24,hp,58.80903,-0.45977,-0.00445,0.00047
moon,2029-12-09,24,gha,307.85808,173.88939,0.06084,-0.00087,-0.00004,0.00000
moon,2029-12-09,24,dec,-14.35413,2.18252,0.03638,-0.00173,0.00002,0.00000
moon,2029-12-09,24,hp,57.87108,-0.47376,0.00084,0.00040
moon,2029-12-10,24,gha,296.08496,174.32657,0.04780,-0.00124,-0.00001,0.00000
moon,2029-12-10,24,dec,-9.75926,2.39692,0.01786,-0.00136,0.00002,-0.00000
moon,2029-12-10,24,hp,56.94434,-0.44947,0.00506,0.00030
moon,2029-12-11,24,gha,285.07168,174.64713,0.03220,-0.00133,0.00000,0.00000
moon,2029-12-11,24,dec,-4.86999,2.48045,0.00358,-0.00104,0.00002,-0.00000
moon,2029-12-11,24,hp,56.09592,-0.39650,0.00800,0.00019
moon,2029-12-12,24,gha,274.57359,174.84174,0.01656,-0.00127,0.00001,0.00000
moon,2029-12-12,24,dec,0.08304,2.46336,-0.00748,-0.00083,0.00001,-0.00000
moon,2029-12-12,24,hp,55.37304,-0.32494,0.00973,0.00010
moon,2029-12-13,24,gha,264.34272,174.91528,0.00204,-0.00115,0.00001,0.00000
moon,2029-12-13,24,dec,4.92003,2.36596,-0.01669,-0.00073,0.00000,-0.00000
moon,2029-12-13,24,hp,54.80377,-0.24372,0.01045,0.00002
moon,2029-12-14,24,gha,254.14794,174.87929,-0.01074,-0.00098,0.00001,0.00000
moon,2029-12-14,24,dec,9.49120,2.19809,-0.02526,-0.00071,-0.00000,-0.00000
moon,2029-12-14,24,hp,54.40006,-0.16005,0.01038,-0.00003
moon,2029-12-15,24,gha,243.78615,174.75029,-0.02109,-0.00074,0.00002,0.00000
moon,2029-12-15,24,dec,13.65779,1.96118,-0.03404,-0.00075,-0.00000,-0.00000
moon,2029-12-15,24,hp,54.16119,-0.07937,0.00972,-0.00007
moon,2029-12-16,24,gha,233.09378,174.55158,-0.02799,-0.00040,0.00002,0.00000
moon,2029-12-16,24,dec,17.27854,1.65177,-0.04340,-0.00080,-0.00000,0.00000
moon,2029-12-16,24,hp,54.07706,-0.00563,0.00866,-0.00010
moon,2029-12-17,24,gha,221.96310,174.31595,-0.03013,0.00005,0.00003,0.00000
moon,2029-12-17,24,dec,20.20435,1.26600,-0.05303,-0.00079,0.00000,0.00000
moon,2029-12-17,24,hp,54.13106,0.05854,0.00735,-0.00012
moon,2029-12-18,24,gha,210.36205,174.08605,-0.02647,0.00055,0.00003,-0.00000
moon,2029-12-18,24,dec,22.28304,0.80525,-0.06195,-0.00067,0.00001,0.00000
moon,2029-12-18,24,hp,54.30250,0.11172,0.00594,-0.00012
moon,2029-12-19,24,gha,198.34885,173.90850,-0.01720,0.00096,0.00002,-0.00000
moon,2029-12-19,24,dec,23.37517,0.28134,-0.06857,-0.00041,0.00002,0.00000
moon,2029-12-19,24,hp,54.56902,0.15365,0.00456,-0.00011
moon,2029-12-20,24,gha,186.06751,173.82080,-0.00447,0.00111,-0.00000,-0.00000
moon,2029-12-20,24,dec,23.37787,-0.28096,-0.07135,-0.00004,0.00003,0.00000
moon,2029-12-20,24,hp,54.90886,0.18519,0.00336,-0.00009
moon,2029-12-21,24,gha,173.71418,173.83631,0.00801,0.00092,-0.00002,-0.00000
moon,2029-12-21,24,dec,22.24851,-0.84677,-0.06940,0.00036,0.00002,-0.00000
moon,2029-12-21,24,hp,55.30301,0.20820,0.00244,-0.00006
moon,2029-12-22,24,gha,521.48101,173.93763,0.01653,0.00047,-0.00003,-0.00000
moon,2029-12-22,24,dec,20.01779,-1.37858,-0.06296,0.00070,0.00002,-0.00000
moon,2029-12-22,24,hp,55.73685,0.22515,0.00185,-0.00004
moon,2029-12-23,24,gha,509.50004,174.08344,0.01898,-0.00007,-0.00003,0.00000
moon,2029-12-23,24,dec,16.78649,-1.84452,-0.05313,0.00092,0.00001,-0.00000
moon,2029-12-23,24,hp,56.20087,0.23863,0.00156,-0.00001
moon,2029-12-24,24,gha,497.81018,174.22354,0.01520,-0.00055,-0.00003,0.00000
moon,2029-12-24,24,dec,12.70930,-2.22270,-0.04119,0.00105,0.00001,-0.00000
moon,2029-12-24,24,hp,56.69017,0.25057,0.00144,-0.00001
moon,2029-12-25,24,gha,486.35316,174.31199,0.00628,-0.00092,-0.00002,0.00000
moon,2029-12-25,24,dec,7.97547,-2.50016,-0.02803,0.00114,0.00000,0.00000
moon,2029-12-25,24,hp,57.20242,0.26155,0.00128,-0.00002
moon,2029-12-26,24,gha,474.98927,174.31364,-0.00628,-0.00116,-0.00001,0.00000
moon,2029-12-26,24,dec,2.79514,-2.66835,-0.01385,0.00123,0.00001,0.00000
moon,2029-12-26,24,hp,57.73456,0.27020,0.00082,-0.00006
moon,2029-12-27,24,gha,463.52066,174.20554,-0.02092,-0.00126,-0.00000,0.00000
moon,2029-12-27,24,dec,-2.60395,-2.71774,0.00176,0.00138,0.00001,0.00000
moon,2029-12-27,24,hp,58.27859,0.27297,-0.00023,-0.00012
moon,2029-12-28,24,gha,451.71695,173.97840,-0.03571,-0.00117,0.00001,0.00000
moon,2029-12-28,24,dec,-7.97045,-2.63395,0.01955,0.00159,0.00001,0.00000
moon,2029-12-28,24,hp,58.81747,0.26440,-0.00204,-0.00019
moon,2029-12-29,24,gha,439.34732,173.64192,-0.04771,-0.00077,0.00004,0.00000
moon,2029-12-29,24,dec,-13.01881,-2.39739,0.03997,0.00180,0.00001,-0.00000
moon,2029-12-29,24,hp,59.32218,0.23814,-0.00464,-0.00025
moon,2029-12-30,24,gha,426.22877,173.23556,-0.05242,0.00006,0.00007,0.00000
moon,2029-12-30,24,dec,-17.42379,-1.98897,0.06227,0.00188,-0.00000,-0.00000
moon,2029-12-30,24,hp,59.75157,0.18861,-0.00780,-0.00027
moon,2029-12-31,24,gha,412.29652,172.83861,-0.04470,0.00126,0.00008,-0.00000
moon,2029-12-31,24,dec,-20.83445,-1.40395,0.08349,0.00159,-0.00003,-0.00000
moon,2029-12-31,24,hp,60.05616,0.11333,-0.01098,-0.00025
moon,2030-01-01,24,gha,397.67888,172.56239,-0.02238,0.00239,0.00005,-0.00000
moon,2030-01-01,24,dec,-22.92183,-0.67097,0.09839,0.00082,-0.00006,-0.00000
moon,2030-01-01,24,hp,60.18662,0.01508,-0.01342,-0.00015
moon,2030-01-02,24,gha,382.72241,172.50765,0.00930,0.00273,-0.00001,-0.00000
moon,2030-01-02,24,dec,-23.45840,0.13716,0.10169,-0.00029,-0.00007,0.00000
moon,2030-01-02,24,hp,60.10529,-0.09721,-0.01439,-0.00000
moon,2030-01-03,24,gha,367.91036,172.70498,0.03882,0.00205,-0.00007,-0.00000
moon,2030-01-03,24,dec,-22.39466,0.91831,0.09182,-0.00130,-0.00005,0.00000
moon,2030-01-03,24,hp,59.79759,-0.20970,-0.01344,0.00016
moon,2030-01-04,24,gha,353.69484,173.09409,0.05631,0.00084,-0.00008,0.00000
moon,2030-01-04,24,dec,-19.88127,1.57879,0.07233,-0.00186,-0.00002,0.00000
moon,2030-01-04,24,hp,59.27846,-0.30711,-0.01067,0.00029
moon,2030-01-05,24,gha,340.35147,173.56523,0.05958,-0.00024,-0.00005,0.00000
moon,2030-01-05,24,dec,-16.21765,2.06558,0.04927,-0.00192,0.00001,0.00000
moon,2030-01-05,24,hp,58.59118,-0.37679,-0.00662,0.00037
moon,2030-01-06,24,gha,327.94035,174.01759,0.05237,-0.00089,-0.00003,0.00000
moon,2030-01-06,24,dec,-11.76279,2.37117,0.02756,-0.00167,0.00002,0.00000
moon,2030-01-06,24,hp,57.79890,-0.41171,-0.00209,0.00038
moon,2030-01-07,24,gha,316.35633,174.38779,0.03970,-0.00117,-0.00001,0.00000
moon,2030-01-07,24,dec,-6.85939,2.51721,0.00955,-0.00133,0.00002,-0.00000
moon,2030-01-07,24,hp,56.97261,-0.41100,0.00219,0.00033
moon,2030-01-08,24,gha,305.40386,174.64761,0.02517,-0.00122,0.00000,0.00000
moon,2030-01-08,24,dec,-1.79530,2.53515,-0.00454,-0.00103,0.00002,-0.00000
moon,2030-01-08,24,hp,56.17996,-0.37867,0.00576,0.00026
moon,2030-01-09,24,gha,294.85444,174.79097,0.01078,-0.00116,0.00001,0.00000
moon,2030-01-09,24,dec,3.20237,2.45336,-0.01555,-0.00082,0.00001,-0.00000
moon,2030-01-09,24,hp,55.47760,-0.32150,0.00839,0.00018
moon,2030-01-10,24,gha,284.47977,174.82330,-0.00248,-0.00104,0.00001,0.00000
moon,2030-01-10,24,dec,7.95500,2.29166,-0.02469,-0.00072,0.00000,-0.00000
moon,2030-01-10,24,hp,54.90759,-0.24711,0.01007,0.00010
moon,2030-01-11,24,gha,274.06902,174.75642,-0.01392,-0.00086,0.00001,0.00000
moon,2030-01-11,24,dec,12.31408,2.06045,-0.03307,-0.00069,-0.00000,-0.00000
moon,2030-01-11,24,hp,54.49703,-0.16276,0.01089,0.00004
moon,2030-01-12,24,gha,263.44084,174.60806,-0.02271,-0.00059,0.00002,0.00000
moon,2030-01-12,24,dec,16.14400,1.76249,-0.04146,-0.00071,-0.00000,0.00000
moon,2030-01-12,24,hp,54.25930,-0.07491,0.01097,-0.00002
moon,2030-01-13,24,gha,252.45677,174.40367,-0.02775,-0.00023,0.00003,0.00000
moon,2030-01-13,24,dec,19.30997,1.39624,-0.05013,-0.00073,0.00000,0.00000
moon,2030-01-13,24,hp,54.19581,0.01095,0.01041,-0.00007
moon,2030-01-14,24,gha,241.03869,174.17818,-0.02783,0.00022,0.00003,0.00000
moon,2030-01-14,24,dec,21.67392,0.96054,-0.05872,-0.00069,0.00001,0.00000
moon,2030-01-14,24,hp,54.29775,0.09006,0.00930,-0.00011
moon,2030-01-15,24,gha,229.18642,173.97408,-0.02240,0.00067,0.00003,-0.00000
moon,2030-01-15,24,dec,23.10065,0.45999,-0.06615,-0.00053,0.00001,0.00000
moon,2030-01-15,24,hp,54.54751,0.15838,0.00772,-0.00015
moon,2030-01-16,24,gha,216.98518,173.83310,-0.01232,0.00097,0.00001,-0.00000
moon,2030-01-16,24,dec,23.47435,-0.09028,-0.07092,-0.00024,0.00002,0.00000
moon,2030-01-16,24,hp,54.92007,0.21256,0.00578,-0.00017
moon,2030-01-17,24,gha,204.59088,173.78268,-0.00026,0.00099,-0.00001,-0.00000
moon,2030-01-17,24,dec,22.72156,-0.66310,-0.07162,0.00014,0.00003,0.00000
moon,2030-01-17,24,hp,55.38463,0.25020,0.00361,-0.00019
moon,2030-01-18,24,gha,192.18913,173.82429,0.01017,0.00071,-0.00002,-0.00000
moon,2030-01-18,24,dec,20.83246,-1.22261,-0.06756,0.00054,0.00002,-0.00000
moon,2030-01-18,24,hp,55.90691,0.27023,0.00141,-0.00018
moon,2030-01-19,24,gha,179.94073,173.93216,0.01598,0.00024,-0.00003,-0.00000
moon,2030-01-19,24,dec,17.87145,-1.73126,-0.05901,0.00088,0.00002,-0.00000
moon,2030-01-19,24,hp,56.45207,0.27325,-0.00061,-0.00015
moon,2030-01-20,24,gha,527.93614,174.06320,0.01592,-0.00025,-0.00003,0.00000
moon,2030-01-20,24,dec,13.97336,-2.15676,-0.04694,0.00112,0.00001,-0.00000
moon,2030-01-20,24,hp,56.98830,0.26163,-0.00222,-0.00011
moon,2030-01-21,24,gha,516.17519,174.17123,0.01038,-0.00066,-0.00002,0.00000
moon,2030-01-21,24,dec,9.32895,-2.47561,-0.03250,0.00127,0.00001,-0.00000
moon,2030-01-21,24,hp,57.49006,0.23924,-0.00329,-0.00006
moon,2030-01-22,24,gha,504.57192,174.21739,0.00067,-0.00094,-0.00001,0.00000
moon,2030-01-22,24,dec,4.16746,-2.67260,-0.01657,0.00137,0.00001,-0.00000
moon,2030-01-22,24,hp,57.94032,0.21059,-0.00380,-0.00002
moon,2030-01-23,24,gha,492.97429,174.17477,-0.01157,-0.00108,-0.00000,0.00000
moon,2030-01-23,24,dec,-1.25715,-2.73787,0.00040,0.00145,0.00001,0.00000
moon,2030-01-23,24,hp,58.33069,0.17972,-0.00387,0.00001
moon,2030-01-24,24,gha,481.19008,174.03021,-0.02452,-0.00105,0.00001,0.00000
moon,2030-01-24,24,dec,-6.67348,-2.66350,0.01834,0.00154,0.00001,-0.00000
moon,2030-01-24,24,hp,58.65944,0.14911,-0.00377,0.00001
moon,2030-01-25,24,gha,469.01684,173.78712,-0.03579,-0.00079,0.00003,0.00000
moon,2030-01-25,24,dec,-11.79437,-2.44162,0.03726,0.00161,0.00000,-0.00000
moon,2030-01-25,24,hp,58.92759,0.11904,-0.00378,-0.00001
moon,2030-01-26,24,gha,456.28077,173.47152,-0.04210,-0.00021,0.00005,0.00000
moon,2030-01-26,24,dec,-16.31801,-2.06582,0.05669,0.00161,-0.00000,-0.00000
moon,2030-01-26,24,hp,59.13453,0.08761,-0.00414,-0.00005
moon,2030-01-27,24,gha,442.88882,173.13860,-0.03959,0.00067,0.00006,0.00000
moon,2030-01-27,24,dec,-19.93676,-1.53763,0.07501,0.00141,-0.00002,-0.00000
moon,2030-01-27,24,hp,59.27439,0.05158,-0.00494,-0.00008
moon,2030-01-28,24,gha,428.88634,172.87043,-0.02579,0.00161,0.00005,-0.00000
moon,2030-01-28,24,dec,-22.36367,-0.87747,0.08914,0.00090,-0.00004,-0.00000
moon,2030-01-28,24,hp,59.33456,0.00763,-0.00608,-0.00010
moon,2030-01-29,24,gha,414.49025,172.75282,-0.00266,0.00215,0.00001,-0.00000
moon,2030-01-29,24,dec,-23.38028,-0.13395,0.09535,0.00010,-0.00005,-0.00000
moon,2030-01-29,24,hp,59.29724,-0.04597,-0.00730,-0.00009
moon,2030-01-30,24,gha,400.05611,172.83421,0.02265,0.00195,-0.00004,-0.00000
moon,2030-01-30,24,dec,-22.89196,0.61893,0.09136,-0.00076,-0.00005,0.00000
moon,2030-01-30,24,hp,59.14383,-0.10816,-0.00817,-0.00005
moon,2030-01-31,24,gha,385.97148,173.09701,0.04164,0.00115,-0.00006,-0.00000
moon,2030-01-31,24,dec,-20.96074,1.30117,0.07806,-0.00141,-0.00003,0.00000
moon,2030-01-31,24,hp,58.86125,-0.17451,-0.00829,0.00003
moon,2030-02-01,24,gha,372.53111,173.46943,0.04982,0.00022,-0.00005,0.00000
moon,2030-02-01,24,dec,-17.79210,1.85158,0.05902,-0.00171,-0.00001,0.00000
moon,2030-02-01,24,hp,58.44815,-0.23785,-0.00739,0.00012
moon,2030-02-02,24,gha,359.86768,173.86555,0.04796,-0.00048,-0.00003,0.00000
moon,2030-02-02,24,dec,-13.68222,2.24107,0.03838,-0.00169,0.00001,0.00000
moon,2030-02-02,24,hp,57.91878,-0.28992,-0.00549,0.00020
moon,2030-02-03,24,gha,347.95849,174.21818,0.03950,-0.00088,-0.00002,0.00000
moon,2030-02-03,24,dec,-8.95549,2.46959,0.01910,-0.00150,0.00002,0.00000
moon,2030-02-03,24,hp,57.30322,-0.32339,-0.00279,0.00025
moon,2030-02-04,24,gha,336.67503,174.48863,0.02785,-0.00103,-0.00000,0.00000
moon,2030-02-04,24,dec,-3.91760,2.55454,0.00258,-0.00125,0.00002,-0.00000
moon,2030-02-04,24,hp,56.64374,-0.33351,0.00029,0.00026
moon,2030-02-05,24,gha,325.83545,174.66134,0.01532,-0.00104,0.00000,0.00000
moon,2030-02-05,24,dec,1.16758,2.51935,-0.01098,-0.00102,0.00001,-0.00000
moon,2030-02-05,24,hp,55.98888,-0.31878,0.00337,0.00025
moon,2030-02-06,24,gha,315.24196,174.73512,0.00326,-0.00096,0.00001,0.00000
moon,2030-02-06,24,dec,6.08207,2.38588,-0.02209,-0.00084,0.00001,-0.00000
moon,2030-02-06,24,hp,55.38719,-0.28063,0.00611,0.00021
moon,2030-02-07,24,gha,304.70323,174.71719,-0.00750,-0.00082,0.00001,0.00000
moon,2030-02-07,24,dec,10.64649,2.17067,-0.03153,-0.00074,0.00000,-0.00000
moon,2030-02-07,24,hp,54.88211,-0.22261,0.00831,0.00016
moon,2030-02-08,24,gha,294.04850,174.62079,-0.01624,-0.00062,0.00001,0.00000
moon,2030-02-08,24,dec,14.70829,1.88405,-0.04004,-0.00069,0.00000,-0.00000
moon,2030-02-08,24,hp,54.50876,-0.14943,0.00989,0.00010
moon,2030-02-09,24,gha,283.13957,174.46537,-0.02212,-0.00035,0.00002,0.00000
moon,2030-02-09,24,dec,18.13038,1.53133,-0.04810,-0.00066,0.00000,0.00000
moon,2030-02-09,24,hp,54.29233,-0.06622,0.01082,0.00005
moon,2030-02-10,24,gha,271.88421,174.27751,-0.02423,0.00000,0.00002,0.00000
moon,2030-02-10,24,dec,20.78358,1.11546,-0.05580,-0.00062,0.00000,0.00000
moon,2030-02-10,24,hp,54.24767,0.02178,0.01109,-0.00000
moon,2030-02-11,24,gha,260.24995,174.09013,-0.02196,0.00037,0.00002,-0.00000
moon,2030-02-11,24,dec,22.54556,0.64075,-0.06271,-0.00052,0.00001,0.00000
moon,2030-02-11,24,hp,54.37911,0.10933,0.01070,-0.00006
moon,2030-02-12,24,gha,248.27270,173.93795,-0.01556,0.00067,0.00001,-0.00000
moon,2030-02-12,24,dec,23.30757,0.11688,-0.06794,-0.00034,0.00001,0.00000
moon,2030-02-12,24,hp,54.68041,0.19108,0.00963,-0.00012
moon,2030-02-13,24,gha,236.05167,173.84852,-0.00659,0.00079,-0.00000,-0.00000
moon,2030-02-13,24,dec,22.98812,-0.43839,-0.07040,-0.00006,0.00002,0.00000
moon,2030-02-13,24,hp,55.13446,0.26150,0.00787,-0.00018
moon,2030-02-14,24,gha,223.72513,173.83243,0.00236,0.00067,-0.00001,-0.00000
moon,2030-02-14,24,dec,21.54973,-0.99898,-0.06916,0.00027,0.00002,0.00000
moon,2030-02-14,24,hp,55.71304,0.31504,0.00542,-0.00023
moon,2030-02-15,24,gha,211.43080,173.87845,0.00859,0.00035,-0.00002,-0.00000
moon,2030-02-15,24,dec,19.01309,-1.53317,-0.06377,0.00062,0.00002,-0.00000
moon,2030-02-15,24,hp,56.37718,0.34657,0.00239,-0.00027
moon,2030-02-16,24,gha,199.26490,173.95713,0.01036,-0.00006,-0.00003,0.00000
moon,2030-02-16,24,dec,15.46431,-2.00771,-0.05429,0.00095,0.00002,-0.00000
moon,2030-02-16,24,hp,57.07885,0.35228,-0.00099,-0.00029
moon,2030-02-17,24,gha,187.25506,174.03045,0.00729,-0.00044,-0.00002,0.00000
moon,2030-02-17,24,dec,11.05421,-2.39142,-0.04114,0.00123,0.00002,-0.00000
moon,2030-02-17,24,hp,57.76475,0.33083,-0.00434,-0.00026
moon,2030-02-18,24,gha,175.35357,174.06205,0.00010,-0.00074,-0.00001,0.00000
moon,2030-02-18,24,dec,5.99202,-2.65724,-0.02491,0.00146,0.00001,-0.00000
moon,2030-02-18,24,hp,58.38228,0.28433,-0.00718,-0.00020
moon,2030-02-19,24,gha,523.44818,174.02428,-0.00982,-0.00089,-0.00000,0.00000
moon,2030-02-19,24,dec,0.53603,-2.78322,-0.00628,0.00163,0.00001,-0.00000
moon,2030-02-19,24,hp,58.88686,0.21867,-0.00907,-0.00011
moon,2030-02-20,24,gha,511.38389,173.90240,-0.02063,-0.00088,0.00001,0.00000
moon,2030-02-20,24,dec,-5.01714,-2.75304,0.01401,0.00174,0.00000,-0.00000
moon,2030-02-20,24,hp,59.24867,0.14257,-0.00977,-0.00001
moon,2030-02-21,24,gha,498.99244,173.69835,-0.02996,-0.00064,0.00002,0.00000
moon,2030-02-21,24,dec,-10.34468,-2.55697,0.03504,0.00175,-0.00000,-0.00000
moon,2030-02-21,24,hp,59.45647,0.06561,-0.00932,0.00008
moon,2030-02-22,24,gha,486.13051,173.43565,-0.03481,-0.00013,0.00004,0.00000
moon,2030-02-22,24,dec,-15.11267,-2.19393,0.05552,0.00164,-0.00001,-0.00000
moon,2030-02-22,24,hp,59.51689,-0.00411,-0.00803,0.00013
moon,2030-02-23,24,gha,472.72695,173.16313,-0.03200,0.00062,0.00005,0.00000
moon,2030-02-23,24,dec,-18.99714,-1.67549,0.07355,0.00133,-0.00003,-0.00000
moon,2030-02-23,24,hp,59.44958,-0.06182,-0.00638,0.00014
moon,2030-02-24,24,gha,458.83040,172.95049,-0.01981,0.00139,0.00004,-0.00000
moon,2030-02-24,24,dec,-21.71480,-1.03131,0.08656,0.00080,-0.00004,-0.00000
moon,2030-02-24,24,hp,59.27999,-0.10648,-0.00483,0.00012
moon,2030-02-25,24,gha,444.63222,172.86779,-0.00012,0.00181,0.00001,-0.00000
moon,2030-02-25,24,dec,-23.06277,-0.31212,0.09199,0.00009,-0.00005,-0.00000
moon,2030-02-25,24,hp,59.03239,-0.14016,-0.00366,0.00008
moon,2030-02-26,24,gha,430.43545,172.95328,0.02120,0.00165,-0.00003,-0.00000
moon,2030-02-26,24,dec,-22.95650,0.41562,0.08868,-0.00063,-0.00004,0.00000
moon,2030-02-26,24,hp,58.72517,-0.16649,-0.00299,0.00004
moon,2030-02-27,24,gha,416.56749,173.19231,0.03742,0.00100,-0.00005,-0.00000
moon,2030-02-27,24,dec,-21.44691,1.08477,0.07766,-0.00117,-0.00003,0.00000
moon,2030-02-27,24,hp,58.36937,-0.18907,-0.00270,0.00001
moon,2030-02-28,24,gha,403.28014,173.52646,0.04476,0.00023,-0.00005,0.00000
moon,2030-02-28,24,dec,-18.70463,1.64418,0.06170,-0.00145,-0.00001,0.00000
moon,2030-02-28,24,hp,57.97005,-0.21015,-0.00257,0.00001
moon,2030-03-01,24,gha,390.69168,173.88404,0.04355,-0.00039,-0.00003,0.00000
moon,2030-03-01,24,dec,-14.97895,2.06658,0.04381,-0.00150,0.00000,0.00000
moon,2030-03-01,24,hp,57.52976,-0.22996,-0.00235,0.00003
moon,2030-03-02,24,gha,378.78823,174.20655,0.03643,-0.00076,-0.00002,0.00000
moon,2030-03-02,24,dec,-10.55169,2.34600,0.02620,-0.00142,0.00001,0.00000
moon,2030-03-02,24,hp,57.05260,-0.24673,-0.00179,0.00006
moon,2030-03-03,24,gha,367.46160,174.45830,0.02623,-0.00091,-0.00000,0.00000
moon,2030-03-03,24,dec,-5.70233,2.48990,0.01004,-0.00127,0.00001,0.00000
moon,2030-03-03,24,hp,56.54776,-0.25727,-0.00078,0.00010
moon,2030-03-04,24,gha,356.55283,174.62362,0.01507,-0.00093,0.00000,0.00000
moon,2030-03-04,24,dec,-0.68866,2.51185,-0.00427,-0.00111,0.00001,-0.00000
moon,2030-03-04,24,hp,56.03138,-0.25790,0.00068,0.00014
moon,2030-03-05,24,gha,345.88589,174.70042,0.00425,-0.00086,0.00001,0.00000
moon,2030-03-05,24,dec,4.26029,2.42669,-0.01677,-0.00097,0.00001,-0.00000
moon,2030-03-05,24,hp,55.52654,-0.24545,0.00247,0.00016
moon,2030-03-06,24,gha,335.28941,174.69508,-0.00536,-0.00073,0.00001,0.00000
moon,2030-03-06,24,dec,8.94405,2.24797,-0.02771,-0.00085,0.00001,-0.00000
moon,2030-03-06,24,hp,55.06152,-0.21794,0.00442,0.00016
moon,2030-03-07,24,gha,324.61098,174.62005,-0.01307,-0.00054,0.00001,0.00000
moon,2030-03-07,24,dec,13.18705,1.98697,-0.03738,-0.00076,0.00001,-0.00000
moon,2030-03-07,24,hp,54.66715,-0.17484,0.00634,0.00015
moon,2030-03-08,24,gha,313.72858,174.49327,-0.01820,-0.00030,0.00002,0.00000
moon,2030-03-08,24,dec,16.83401,1.65280,-0.04602,-0.00068,0.00001,0.00000
moon,2030-03-08,24,hp,54.37376,-0.11710,0.00806,0.00013
moon,2030-03-09,24,gha,302.56153,174.33810,-0.02009,-0.00001,0.00002,0.00000
moon,2030-03-09,24,dec,19.74671,1.25354,-0.05364,-0.00059,0.00001,0.00000
moon,2030-03-09,24,hp,54.20866,-0.04684,0.00945,0.00010
moon,2030-03-10,24,gha,291.08027,174.18205,-0.01841,0.00029,0.00002,-0.00000
moon,2030-03-10,24,dec,21.80357,0.79799,-0.06004,-0.00047,0.00001,0.00000
moon,2030-03-10,24,hp,54.19387,0.03286,0.01040,0.00006
moon,2030-03-11,24,gha,279.31097,174.05274,-0.01352,0.00051,0.00001,-0.00000
moon,2030-03-11,24,dec,22.90321,0.29771,-0.06475,-0.00031,0.00001,0.00000
moon,2030-03-11,24,hp,54.34449,0.11811,0.01082,0.00001
moon,2030-03-12,24,gha,267.32933,173.97134,-0.00668,0.00060,-0.00000,-0.00000
moon,2030-03-12,24,dec,22.97129,-0.23170,-0.06724,-0.00010,0.00001,0.00000
moon,2030-03-12,24,hp,54.66699,0.20419,0.01059,-0.00005
moon,2030-03-13,24,gha,255.24062,173.94561,0.00009,0.00050,-0.00001,-0.00000
moon,2030-03-13,24,dec,21.96894,-0.77048,-0.06704,0.00014,0.00002,0.00000
moon,2030-03-13,24,hp,55.15741,0.28539,0.00958,-0.00012
moon,2030-03-14,24,gha,243.14895,173.96658,0.00471,0.00025,-0.00002,-0.00000
moon,2030-03-14,24,dec,19.89997,-1.29583,-0.06385,0.00039,0.00002,0.00000
moon,2030-03-14,24,hp,55.79934,0.35494,0.00766,-0.00020
moon,2030-03-15,24,gha,231.12536,174.01068,0.00573,-0.00009,-0.00002,0.00000
moon,2030-03-15,24,dec,16.81570,-1.78317,-0.05751,0.00066,0.00002,0.00000
moon,2030-03-15,24,hp,56.56185,0.40513,0.00474,-0.00029
moon,2030-03-16,24,gha,219.18512,174.04649,0.00263,-0.00042,-0.00002,0.00000
moon,2030-03-16,24,dec,12.81785,-2.20663,-0.04785,0.00095,0.00002,0.00000
moon,2030-03-16,24,hp,57.39823,0.42801,0.00085,-0.00036
moon,2030-03-17,24,gha,207.27951,174.04221,-0.00418,-0.00070,-0.00001,0.00000
moon,2030-03-17,24,dec,8.06155,-2.53864,-0.03461,0.00126,0.00002,0.00000
moon,2030-03-17,24,hp,58.24685,0.41680,-0.00372,-0.00040
moon,2030-03-18,24,gha,195.30155,173.97191,-0.01368,-0.00086,-0.00001,0.00000
moon,2030-03-18,24,dec,2.75905,-2.74966,-0.01759,0.00158,0.00002,-0.00000
moon,2030-03-18,24,hp,59.03566,0.36809,-0.00842,-0.00037
moon,2030-03-19,24,gha,183.10262,173.82036,-0.02420,-0.00086,0.00001,0.00000
moon,2030-03-19,24,dec,-2.81749,-2.80966,0.00308,0.00186,0.00001,-0.00000
moon,2030-03-19,24,hp,59.69120,0.28411,-0.01242,-0.00028
moon,2030-03-20,24,gha,530.51913,173.58852,-0.03333,-0.00062,0.00002,0.00000
moon,2030-03-20,24,dec,-8.33917,-2.69248,0.02651,0.00202,0.00000,-0.00000
moon,2030-03-20,24,hp,60.15114,0.17376,-0.01490,-0.00013
moon,2030-03-21,24,gha,517.41171,173.30036,-0.03774,-0.00007,0.00004,0.00000
moon,2030-03-21,24,dec,-13.43500,-2.38312,0.05075,0.00198,-0.00001,-0.00000
moon,2030-03-21,24,hp,60.37682,0.05154,-0.01535,0.00005
moon,2030-03-22,24,gha,503.71729,173.00851,-0.03378,0.00076,0.00006,0.00000
moon,2030-03-22,24,dec,-17.72332,-1.88689,0.07270,0.00163,-0.00003,-0.00000
moon,2030-03-22,24,hp,60.36097,-0.06610,-0.01380,0.00020
moon,2030-03-23,24,gha,489.50343,172.78955,-0.01949,0.00159,0.00004,-0.00000
moon,2030-03-23,24,dec,-20.86079,-1.23737,0.08851,0.00096,-0.00005,-0.00000
moon,2030-03-23,24,hp,60.12718,-0.16521,-0.01083,0.00029
moon,2030-03-24,24,gha,474.99402,172.71964,0.00276,0.00202,0.00001,-0.00000
moon,2030-03-24,24,dec,-22.60095,-0.49740,0.09497,0.00010,-0.00006,0.00000
moon,2030-03-24,24,hp,59.72138,-0.23762,-0.00725,0.00030
moon,2030-03-25,24,gha,460.53087,172.83669,0.02605,0.00176,-0.00004,-0.00000
moon,2030-03-25,24,dec,-22.84238,0.25279,0.09116,-0.00071,-0.00004,0.00000
moon,2030-03-25,24,hp,59.19919,-0.28173,-0.00385,0.00026
moon,2030-03-26,24,gha,446.47125,173.11772,0.04285,0.00099,-0.00006,-0.00000
moon,2030-03-26,24,dec,-21.64176,0.93779,0.07915,-0.00124,-0.00002,0.00000
moon,2030-03-26,24,hp,58.61405,-0.30113,-0.00112,0.00019
moon,2030-03-27,24,gha,433.07656,173.49312,0.04949,0.00013,-0.00005,0.00000
moon,2030-03-27,24,dec,-19.18361,1.50661,0.06269,-0.00146,-0.00000,0.00000
moon,2030-03-27,24,hp,58.00927,-0.30210,0.00075,0.00012
moon,2030-03-28,24,gha,420.45532,173.88350,0.04698,-0.00051,-0.00003,0.00000
moon,2030-03-28,24,dec,-15.72446,1.93793,0.04518,-0.00144,0.00001,0.00000
moon,2030-03-28,24,hp,57.41490,-0.29137,0.00183,0.00006
moon,2030-03-29,24,gha,408.57385,174.22796,0.03852,-0.00086,-0.00001,0.00000
moon,2030-03-29,24,dec,-11.54043,2.23232,0.02864,-0.00131,0.00001,0.00000
moon,2030-03-29,24,hp,56.84859,-0.27453,0.00232,0.00002
moon,2030-03-30,24,gha,397.30320,174.49200,0.02727,-0.00099,-0.00000,0.00000
moon,2030-03-30,24,dec,-6.89486,2.40083,0.01374,-0.00117,0.00001,-0.00000
moon,2030-03-30,24,hp,56.31875,-0.25517,0.00250,0.00001
moon,2030-03-31,24,gha,386.46758,174.66246,0.01537,-0.00098,0.00000,0.00000
moon,2030-03-31,24,dec,-2.02637,2.45656,0.00040,-0.00106,0.00001,-0.00000
moon,2030-03-31,24,hp,55.82872,-0.23478,0.00261,0.00001
moon,2030-04-01,24,gha,375.87920,174.73978,0.00412,-0.00089,0.00001,0.00000
moon,2030-04-01,24,dec,2.85099,2.41071,-0.01171,-0.00097,0.00000,-0.00000
moon,2030-04-01,24,hp,55.38073,-0.21300,0.00286,0.00003
moon,2030-04-02,24,gha,365.35975,174.73263,-0.00565,-0.00073,0.00001,0.00000
moon,2030-04-02,24,dec,7.54288,2.27186,-0.02289,-0.00090,0.00000,-0.00000
moon,2030-04-02,24,hp,54.97908,-0.18822,0.00337,0.00005
moon,2030-04-03,24,gha,354.75428,174.65555,-0.01326,-0.00053,0.00001,0.00000
moon,2030-04-03,24,dec,11.87011,2.04670,-0.03329,-0.00083,0.00000,0.00000
moon,2030-04-03,24,hp,54.63199,-0.15820,0.00417,0.00008
moon,2030-04-04,24,gha,343.94240,174.52861,-0.01801,-0.00026,0.00002,0.00000
moon,2030-04-04,24,dec,15.66638,1.74160,-0.04285,-0.00076,0.00001,0.00000
moon,2030-04-04,24,hp,54.35218,-0.12073,0.00522,0.00010
moon,2030-04-05,24,gha,332.84930,174.37721,-0.01930,0.00005,0.00002,-0.00000
moon,2030-04-05,24,dec,18.77933,1.36433,-0.05128,-0.00064,0.00001,0.00000
moon,2030-04-05,24,hp,54.15627,-0.07417,0.00643,0.00010
moon,2030-04-06,24,gha,321.45487,174.23037,-0.01689,0.00035,0.00002,-0.00000
moon,2030-04-06,24,dec,21.07508,0.92572,-0.05810,-0.00049,0.00001,0.00000
moon,2030-04-06,24,hp,54.06331,-0.01775,0.00767,0.00010
moon,2030-04-07,24,gha,309.79658,174.11599,-0.01133,0.00056,0.00001,-0.00000
moon,2030-04-07,24,dec,22.44543,0.44070,-0.06280,-0.00029,0.00001,0.00000
moon,2030-04-07,24,hp,54.09284,0.04823,0.00880,0.00009
moon,2030-04-08,24,gha,297.96034,174.05380,-0.00412,0.00061,-0.00000,-0.00000
moon,2030-04-08,24,dec,22.81600,-0.07194,-0.06497,-0.00007,0.00001,-0.00000
moon,2030-04-08,24,hp,54.26268,0.12233,0.00967,0.00006
moon,2030-04-09,24,gha,286.05724,174.04874,0.00262,0.00048,-0.00001,-0.00000
moon,2030-04-09,24,dec,22.15239,-0.59125,-0.06448,0.00015,0.00001,-0.00000
moon,2030-04-09,24,hp,54.58644,0.20180,0.01012,0.00001
moon,2030-04-10,24,gha,274.19103,174.08858,0.00685,0.00020,-0.00002,-0.00000
moon,2030-04-10,24,dec,20.46212,-1.09654,-0.06150,0.00034,0.00001,-0.00000
moon,2030-04-10,24,hp,55.07087,0.28248,0.00994,-0.00005
moon,2030-04-11,24,gha,262.42663,174.14734,0.00723,-0.00014,-0.00002,0.00000
moon,2030-04-11,24,dec,17.79223,-1.56902,-0.05631,0.00052,0.00001,0.00000
moon,2030-04-11,24,hp,55.71270,0.35851,0.00892,-0.00013
moon,2030-04-12,24,gha,250.76943,174.19226,0.00340,-0.00049,-0.00002,0.00000
moon,2030-04-12,24,dec,14.22566,-1.99145,-0.04898,0.00071,0.00001,0.00000
moon,2030-04-12,24,hp,56.49515,0.42220,0.00683,-0.00023
moon,2030-04-13,24,gha,239.15886,174.19078,-0.00428,-0.00078,-0.00002,0.00000
moon,2030-04-13,24,dec,9.88034,-2.34573,-0.03919,0.00094,0.00002,0.00000
moon,2030-04-13,24,hp,57.38434,0.46420,0.00348,-0.00033
moon,2030-04-14,24,gha,227.47391,174.11539,-0.01492,-0.00098,-0.00001,0.00000
moon,2030-04-14,24,dec,4.91430,-2.60951,-0.02622,0.00124,0.00002,0.00000
moon,2030-04-14,24,hp,58.32670,0.47433,-0.00112,-0.00043
moon,2030-04-15,24,gha,215.54681,173.94725,-0.02723,-0.00104,0.00000,0.00000
moon,2030-04-15,24,dec,-0.46316,-2.75376,-0.00919,0.00161,0.00002,0.00000
moon,2030-04-15,24,hp,59.24936,0.44372,-0.00663,-0.00048
moon,2030-04-16,24,gha,203.18491,173.68095,-0.03907,-0.00089,0.00002,0.00000
moon,2030-04-16,24,dec,-5.97841,-2.74348,0.01241,0.00198,0.00002,-0.00000
moon,2030-04-16,24,hp,60.06567,0.36788,-0.01227,-0.00045
moon,2030-04-17,24,gha,190.20551,173.33296,-0.04704,-0.00038,0.00004,0.00000
moon,2030-04-17,24,dec,-11.28722,-2.54410,0.03785,0.00222,0.00001,-0.00000
moon,2030-04-17,24,hp,60.68761,0.25018,-0.01691,-0.00031
moon,2030-04-18,24,gha,176.49062,172.95262,-0.04643,0.00054,0.00007,0.00000
moon,2030-04-18,24,dec,-15.98811,-2.13468,0.06434,0.00213,-0.00002,-0.00000
moon,2030-04-18,24,hp,61.04330,0.10344,-0.01939,-0.00009
moon,2030-04-19,24,gha,522.05859,172.62646,-0.03310,0.00168,0.00007,-0.00000
moon,2030-04-19,24,dec,-19.66747,-1.52588,0.08684,0.00154,-0.00005,-0.00000
moon,2030-04-19,24,hp,61.09442,-0.05204,-0.01906,0.00015
moon,2030-04-20,24,gha,507.12197,172.45832,-0.00751,0.00248,0.00003,-0.00000
moon,2030-04-20,24,dec,-21.97713,-0.77314,0.09956,0.00053,-0.00007,-0.00000
moon,2030-04-20,24,hp,60.84589,-0.19403,-0.01611,0.00033
moon,2030-04-21,24,gha,492.07472,172.51974,0.02274,0.00241,-0.00003,-0.00000
moon,2030-04-21,24,dec,-22.72045,0.02945,0.09913,-0.00058,-0.00006,0.00000
moon,2030-04-21,24,hp,60.34298,-0.30500,-0.01147,0.00042
moon,2030-04-22,24,gha,477.37845,172.80406,0.04676,0.00151,-0.00007,-0.00000
moon,2030-04-22,24,dec,-21.90132,0.77952,0.08699,-0.00137,-0.00003,0.00000
moon,2030-04-22,24,hp,59.65749,-0.37620,-0.00634,0.00042
moon,2030-04-23,24,gha,463.40402,173.23081,0.05792,0.00037,-0.00007,0.00000
moon,2030-04-23,24,dec,-19.70352,1.40262,0.06825,-0.00168,-0.00001,0.00000
moon,2030-04-23,24,hp,58.86957,-0.40786,-0.00170,0.00035
moon,2030-04-24,24,gha,450.33130,173.69540,0.05669,-0.00051,-0.00004,0.00000
moon,2030-04-24,24,dec,-16.41621,1.86797,0.04821,-0.00162,0.00001,0.00000
moon,2030-04-24,24,hp,58.05224,-0.40650,0.00187,0.00025
moon,2030-04-25,24,gha,438.14950,174.11500,0.04738,-0.00098,-0.00002,0.00000
moon,2030-04-25,24,dec,-12.35368,2.17943,0.03006,-0.00140,0.00002,0.00000
moon,2030-04-25,24,hp,57.26234,-0.38143,0.00423,0.00015
moon,2030-04-26,24,gha,426.71851,174.44315,0.03437,-0.00115,-0.00000,0.00000
moon,2030-04-26,24,dec,-7.80453,2.35696,0.01473,-0.00116,0.00001,-0.00000
moon,2030-04-26,24,hp,56.53796,-0.34188,0.00552,0.00007
moon,2030-04-27,24,gha,415.83593,174.66275,0.02056,-0.00113,0.00000,0.00000
moon,2030-04-27,24,dec,-3.01469,2.42217,0.00187,-0.00099,0.00001,-0.00000
moon,2030-04-27,24,hp,55.90021,-0.29548,0.00599,0.00001
moon,2030-04-28,24,gha,405.28384,174.77429,0.00752,-0.00103,0.00001,0.00000
moon,2030-04-28,24,dec,1.80833,2.39151,-0.00936,-0.00089,0.00000,-0.00000
moon,2030-04-28,24,hp,55.35722,-0.24755,0.00594,-0.00002
moon,2030-04-29,24,gha,394.85537,174.78774,-0.00386,-0.00086,0.00001,0.00000
moon,2030-04-29,24,dec,6.48337,2.27491,-0.01971,-0.00084,0.00000,-0.00000
moon,2030-04-29,24,hp,54.90880,-0.20112,0.00565,-0.00003
moon,2030-04-30,24,gha,384.36975,174.71910,-0.01290,-0.00064,0.00002,0.00000
moon,2030-04-30,24,dec,10.84383,2.07725,-0.02967,-0.00082,0.00000,0.00000
moon,2030-04-30,24,hp,54.55072,-0.15722,0.00534,-0.00002
moon,2030-05-01,24,gha,373.68387,174.59005,-0.01885,-0.00034,0.00002,0.00000
moon,2030-05-01,24,dec,14.73022,1.80109,-0.03932,-0.00079,0.00000,0.00000
moon,2030-05-01,24,hp,54.27835,-0.11530,0.00517,-0.00000
moon,2030-05-02,24,gha,362.70413,174.42848,-0.02093,0.00000,0.00002,0.00000
moon,2030-05-02,24,dec,17.98877,1.44993,-0.04834,-0.00071,0.00001,0.00000
moon,2030-05-02,24,hp,54.08922,-0.07376,0.00525,0.00002
moon,2030-05-03,24,gha,351.39820,174.26746,-0.01869,0.00036,0.00002,-0.00000
moon,2030-05-03,24,dec,20.47650,1.03137,-0.05605,-0.00056,0.00001,0.00000
moon,2030-05-03,24,hp,53.98468,-0.03048,0.00561,0.00004
moon,2030-05-04,24,gha,339.80121,174.14071,-0.01250,0.00065,0.00001,-0.00000
moon,2030-05-04,24,dec,22.07187,0.55939,-0.06157,-0.00035,0.00002,0.00000
moon,2030-05-04,24,hp,53.97039,0.01669,0.00622,0.00006
moon,2030-05-05,24,gha,328.00898,174.07423,-0.00393,0.00075,-0.00000,-0.00000
moon,2030-05-05,24,dec,22.68795,0.05450,-0.06419,-0.00009,0.00002,-0.00000
moon,2030-05-05,24,hp,54.05588,0.06944,0.00699,0.00007
moon,2030-05-06,24,gha,316.15374,174.07763,0.00457,0.00063,-0.00001,-0.00000
moon,2030-05-06,24,dec,22.28329,-0.45871,-0.06366,0.00017,0.00002,-0.00000
moon,2030-05-06,24,hp,54.25321,0.12857,0.00779,0.00006
moon,2030-05-07,24,gha,304.36645,174.14002,0.01049,0.00033,-0.00002,-0.00000
moon,2030-05-07,24,dec,20.86585,-0.95589,-0.06027,0.00038,0.00001,-0.00000
moon,2030-05-07,24,hp,54.57494,0.19372,0.00846,0.00004
moon,2030-05-08,24,gha,292.73849,174.23341,0.01216,-0.00006,-0.00003,0.00000
moon,2030-05-08,24,dec,18.48855,-1.41675,-0.05468,0.00054,0.00001,-0.00000
moon,2030-05-08,24,hp,55.03137,0.26300,0.00879,0.00001
moon,2030-05-09,24,gha,281.29559,174.32112,0.00908,-0.00045,-0.00002,0.00000
moon,2030-05-09,24,dec,15.23952,-1.82631,-0.04751,0.00065,0.00001,0.00000
moon,2030-05-09,24,hp,55.62728,0.33269,0.00853,-0.00005
moon,2030-05-10,24,gha,269.98925,174.36633,0.00164,-0.00078,-0.00002,0.00000
moon,2030-05-10,24,dec,11.23302,-2.17306,-0.03896,0.00078,0.00001,0.00000
moon,2030-05-10,24,hp,56.35788,0.39697,0.00739,-0.00014
moon,2030-05-11,24,gha,258.70200,174.33725,-0.00935,-0.00104,-0.00001,0.00000
moon,2030-05-11,24,dec,6.60657,-2.44481,-0.02866,0.00095,0.00001,0.00000
moon,2030-05-11,24,hp,57.20446,0.44771,0.00510,-0.00025
moon,2030-05-12,24,gha,247.26010,174.20961,-0.02283,-0.00119,-0.00001,0.00000
moon,2030-05-12,24,dec,1.52690,-2.62404,-0.01567,0.00123,0.00002,0.00000
moon,2030-05-12,24,hp,58.12999,0.47479,0.00146,-0.00036
moon,2030-05-13,24,gha,235.45079,173.96898,-0.03732,-0.00119,0.00001,0.00000
moon,2030-05-13,24,dec,-3.79567,-2.68447,0.00121,0.00160,0.00003,0.00000
moon,2030-05-13,24,hp,59.07624,0.46732,-0.00350,-0.00046
moon,2030-05-14,24,gha,223.04730,173.61674,-0.05024,-0.00090,0.00003,0.00000
moon,2030-05-14,24,dec,-9.08931,-2.59115,0.02282,0.00200,0.00002,-0.00000
moon,2030-05-14,24,hp,59.96465,0.41620,-0.00935,-0.00050
moon,2030-05-15,24,gha,209.85182,173.18195,-0.05717,-0.00017,0.00006,0.00000
moon,2030-05-15,24,dec,-14.00927,-2.30731,0.04859,0.00225,0.00001,-0.00000
moon,2030-05-15,24,hp,60.70358,0.31790,-0.01512,-0.00044
moon,2030-05-16,24,gha,195.76544,172.73574,-0.05223,0.00105,0.00009,0.00000
moon,2030-05-16,24,dec,-18.14982,-1.81100,0.07522,0.00210,-0.00003,-0.00000
moon,2030-05-16,24,hp,61.20335,0.17821,-0.01950,-0.00027
moon,2030-05-17,24,gha,180.87569,172.39192,-0.03138,0.00238,0.00007,-0.00000
moon,2030-05-17,24,dec,-21.09766,-1.11913,0.09640,0.00133,-0.00007,-0.00000
moon,2030-05-17,24,hp,61.39649,0.01347,-0.02124,-0.00001
moon,2030-05-18,24,gha,525.50975,172.27010,0.00205,0.00302,0.00000,-0.00000
moon,2030-05-18,24,dec,-22.52817,-0.30402,0.10519,0.00009,-0.00008,0.00000
moon,2030-05-18,24,hp,61.25617,-0.15262,-0.01983,0.00024
moon,2030-05-19,24,gha,510.17789,172.42654,0.03610,0.00248,-0.00007,-0.00000
moon,2030-05-19,24,dec,-22.30675,0.51998,0.09868,-0.00112,-0.00006,0.00000
moon,2030-05-19,24,hp,60.80407,-0.29604,-0.01571,0.00043
moon,2030-05-20,24,gha,495.39945,172.81360,0.05836,0.00118,-0.00009,0.00000
moon,2030-05-20,24,dec,-20.53029,1.24119,0.08040,-0.00182,-0.00002,0.00000
moon,2030-05-20,24,hp,60.10373,-0.39959,-0.01006,0.00050
moon,2030-05-21,24,gha,481.52203,173.31411,0.06455,-0.00009,-0.00007,0.00000
moon,2030-05-21,24,dec,-17.47691,1.79293,0.05735,-0.00194,0.00001,0.00000
moon,2030-05-21,24,hp,59.24271,-0.45656,-0.00424,0.00046
moon,2030-05-22,24,gha,468.65237,173.81094,0.05827,-0.00088,-0.00003,0.00000
moon,2030-05-22,24,dec,-13.50370,2.16192,0.03533,-0.00170,0.00002,0.00000
moon,2030-05-22,24,hp,58.31223,-0.46974,0.00077,0.00037
moon,2030-05-23,24,gha,456.70188,174.22776,0.04535,-0.00122,-0.00001,0.00000
moon,2030-05-23,24,dec,-8.95760,2.36891,0.01701,-0.00136,0.00002,-0.00000
moon,2030-05-23,24,hp,57.39153,-0.44787,0.00449,0.00025
moon,2030-05-24,24,gha,445.47268,174.53043,0.03023,-0.00127,0.00000,0.00000
moon,2030-05-24,24,dec,-4.13149,2.44516,0.00256,-0.00107,0.00002,-0.00000
moon,2030-05-24,24,hp,56.53998,-0.40172,0.00686,0.00015
moon,2030-05-25,24,gha,434.72779,174.71231,0.01539,-0.00119,0.00001,0.00000
moon,2030-05-25,24,dec,0.74136,2.41808,-0.00900,-0.00088,0.00001,-0.00000
moon,2030-05-25,24,hp,55.79582,-0.34144,0.00806,0.00006
moon,2030-05-26,24,gha,424.23223,174.78102,0.00206,-0.00103,0.00001,0.00000
moon,2030-05-26,24,dec,5.47368,2.30604,-0.01885,-0.00078,0.00000,-0.00000
moon,2030-05-26,24,hp,55.17892,-0.27520,0.00839,-0.00000
moon,2030-05-27,24,gha,413.77415,174.75166,-0.00903,-0.00081,0.00002,0.00000
moon,2030-05-27,24,dec,9.90590,2.11858,-0.02796,-0.00075,0.00000,-0.00000
moon,2030-05-27,24,hp,54.69506,-0.20887,0.00813,-0.00004
moon,2030-05-28,24,gha,403.17760,174.64503,-0.01714,-0.00053,0.00002,0.00000
moon,2030-05-28,24,dec,13.89105,1.85912,-0.03689,-0.00074,0.00000,0.00000
moon,2030-05-28,24,hp,54.34058,-0.14610,0.00753,-0.00006
moon,2030-05-29,24,gha,392.31456,174.48836,-0.02140,-0.00017,0.00002,0.00000
moon,2030-05-29,24,dec,17.28624,1.52876,-0.04565,-0.00071,0.00000,0.00000
moon,2030-05-29,24,hp,54.10640,-0.08868,0.00682,-0.00006
moon,2030-05-30,24,gha,381.11830,174.31567,-0.02106,0.00023,0.00003,-0.00000
moon,2030-05-30,24,dec,19.95234,1.13059,-0.05373,-0.00062,0.00001,0.00000
moon,2030-05-30,24,hp,53.98144,-0.03683,0.00616,-0.00005
moon,2030-05-31,24,gha,369.59468,174.16495,-0.01597,0.00060,0.00002,-0.00000
moon,2030-05-31,24,dec,21.76198,0.67367,-0.06018,-0.00044,0.00001,0.00000
moon,2030-05-31,24,hp,53.95541,0.01039,0.00568,-0.00003
moon,2030-06-01,24,gha,357.82291,174.07058,-0.00723,0.00082,0.00001,-0.00000
moon,2030-06-01,24,dec,22.61413,0.17534,-0.06394,-0.00018,0.00002,0.00000
moon,2030-06-01,24,hp,54.02072,0.05473,0.00545,-0.00001
moon,2030-06-02,24,gha,345.93795,174.05282,0.00276,0.00080,-0.00001,-0.00000
moon,2030-06-02,24,dec,22.45015,-0.33961,-0.06428,0.00012,0.00002,-0.00000
moon,2030-06-02,24,hp,54.17373,0.09832,0.00549,0.00001
moon,2030-06-03,24,gha,334.09382,174.11000,0.01109,0.00055,-0.00002,-0.00000
moon,2030-06-03,24,dec,21.26469,-0.84325,-0.06116,0.00039,0.00001,-0.00000
moon,2030-06-03,24,hp,54.41502,0.14320,0.00576,0.00003
moon,2030-06-04,24,gha,322.41895,174.21873,0.01540,0.00015,-0.00003,-0.00000
moon,2030-06-04,24,dec,19.10636,-1.31011,-0.05521,0.00059,0.00001,-0.00000
moon,2030-06-04,24,hp,54.74870,0.19081,0.00615,0.00003
moon,2030-06-05,24,gha,310.98028,174.34199,0.01467,-0.00027,-0.00003,0.00000
moon,2030-06-05,24,dec,16.06851,-1.72117,-0.04734,0.00071,0.00001,-0.00000
moon,2030-06-05,24,hp,55.18073,0.24150,0.00650,0.00002
moon,2030-06-06,24,gha,299.76651,174.43957,0.00907,-0.00065,-0.00002,0.00000
moon,2030-06-06,24,dec,12.27556,-2.06423,-0.03828,0.00079,0.00000,0.00000
moon,2030-06-06,24,hp,55.71622,0.29406,0.00658,-0.00001
moon,2030-06-07,24,gha,288.68969,174.47554,-0.00060,-0.00095,-0.00002,0.00000
moon,2030-06-07,24,dec,7.87195,-2.33103,-0.02826,0.00088,0.00001,0.00000
moon,2030-06-07,24,hp,56.35595,0.34529,0.00613,-0.00007
moon,2030-06-08,24,gha,277.59716,174.42131,-0.01333,-0.00116,-0.00001,0.00000
moon,2030-06-08,24,dec,3.01882,-2.51264,-0.01689,0.00103,0.00001,0.00000
moon,2030-06-08,24,hp,57.09203,0.38973,0.00484,-0.00015
moon,2030-06-09,24,gha,266.28739,174.25666,-0.02802,-0.00127,-0.00000,0.00000
moon,2030-06-09,24,dec,-2.10002,-2.59485,-0.00325,0.00126,0.00002,0.00000
moon,2030-06-09,24,hp,57.90335,0.41961,0.00246,-0.00025
moon,2030-06-10,24,gha,254.52869,173.97214,-0.04298,-0.00119,0.00001,0.00000
moon,2030-06-10,24,dec,-7.26413,-2.55507,0.01377,0.00159,0.00002,0.00000
moon,2030-06-10,24,hp,58.75145,0.42547,-0.00117,-0.00035
moon,2030-06-11,24,gha,242.08754,173.57647,-0.05523,-0.00078,0.00004,0.00000
moon,2030-06-11,24,dec,-12.19959,-2.36278,0.03490,0.00193,0.00002,-0.00000
moon,2030-06-11,24,hp,59.57854,0.39766,-0.00591,-0.00043
moon,2030-06-12,24,gha,228.77803,173.11018,-0.05978,0.00011,0.00007,0.00000
moon,2030-06-12,24,dec,-16.56980,-1.98704,0.05934,0.00210,-0.00000,-0.00000
moon,2030-06-12,24,hp,60.30983,0.32919,-0.01122,-0.00044
moon,2030-06-13,24,gha,214.53957,172.65889,-0.05069,0.00145,0.00009,-0.00000
moon,2030-06-13,24,dec,-19.99107,-1.41408,0.08344,0.00183,-0.00004,-0.00000
moon,2030-06-13,24,hp,60.86238,0.21928,-0.01610,-0.00035
moon,2030-06-14,24,gha,199.52313,172.34582,-0.02538,0.00269,0.00006,-0.00000
moon,2030-06-14,24,dec,-22.09106,-0.67149,0.10067,0.00095,-0.00007,-0.00000
moon,2030-06-14,24,hp,61.16063,0.07629,-0.01932,-0.00017
moon,2030-06-15,24,gha,184.12153,172.28225,0.01008,0.00303,-0.00002,-0.00000
moon,2030-06-15,24,dec,-22.60749,0.15829,0.10453,-0.00033,-0.00008,0.00000
moon,2030-06-15,24,hp,61.15516,-0.08224,-0.01989,0.00008
moon,2030-06-16,24,gha,528.87443,172.49758,0.04228,0.00219,-0.00008,-0.00000
moon,2030-06-16,24,dec,-21.48208,0.95776,0.09335,-0.00147,-0.00006,0.00000
moon,2030-06-16,24,hp,60.83734,-0.23364,-0.01757,0.00030
moon,2030-06-17,24,gha,514.27476,172.91783,0.06035,0.00081,-0.00009,0.00000
moon,2030-06-17,24,dec,-18.88412,1.62216,0.07177,-0.00203,-0.00002,0.00000
moon,2030-06-17,24,hp,60.24301,-0.35686,-0.01298,0.00045
moon,2030-06-18,24,gha,500.60871,173.41799,0.06265,-0.00035,-0.00006,0.00000
moon,2030-06-18,24,dec,-15.14410,2.09719,0.04701,-0.00202,0.00001,0.00000
moon,2030-06-18,24,hp,59.44310,-0.43831,-0.00731,0.00048
moon,2030-06-19,24,gha,487.92321,173.88927,0.05402,-0.00101,-0.00003,0.00000
moon,2030-06-19,24,dec,-10.64732,2.38077,0.02445,-0.00171,0.00002,0.00000
moon,2030-06-19,24,hp,58.52601,-0.47412,-0.00173,0.00044
moon,2030-06-20,24,gha,476.09180,174.26777,0.04019,-0.00125,-0.00001,0.00000
moon,2030-06-20,24,dec,-5.75053,2.50086,0.00624,-0.00133,0.00002,-0.00000
moon,2030-06-20,24,hp,57.57944,-0.46856,0.00295,0.00034
moon,2030-06-21,24,gha,464.90088,174.52867,0.02504,-0.00125,0.00000,0.00000
moon,2030-06-21,24,dec,-0.74531,2.49272,-0.00774,-0.00102,0.00002,-0.00000
moon,2030-06-21,24,hp,56.67748,-0.43056,0.00636,0.00023
moon,2030-06-22,24,gha,454.11217,174.67063,0.01065,-0.00113,0.00001,0.00000
moon,2030-06-22,24,dec,4.14230,2.38582,-0.01864,-0.00082,0.00001,-0.00000
moon,2030-06-22,24,hp,55.87472,-0.37041,0.00850,0.00013
moon,2030-06-23,24,gha,443.49759,174.70431,-0.00191,-0.00095,0.00001,0.00000
moon,2030-06-23,24,dec,8.73530,2.19961,-0.02774,-0.00071,0.00000,-0.00000
moon,2030-06-23,24,hp,55.20581,-0.29761,0.00956,0.00005
moon,2030-06-24,24,gha,432.85758,174.64735,-0.01190,-0.00070,0.00002,0.00000
moon,2030-06-24,24,dec,12.88608,1.94426,-0.03604,-0.00068,0.00000,-0.00000
moon,2030-06-24,24,hp,54.68814,-0.21988,0.00977,-0.00001
moon,2030-06-25,24,gha,422.03396,174.52353,-0.01850,-0.00038,0.00002,0.00000
moon,2030-06-25,24,dec,16.46079,1.62377,-0.04405,-0.00066,0.00000,0.00000
moon,2030-06-25,24,hp,54.32557,-0.14302,0.00938,-0.00005
moon,2030-06-26,24,gha,410.92294,174.36350,-0.02083,0.00000,0.00003,0.00000
moon,2030-06-26,24,dec,19.33127,1.24030,-0.05173,-0.00061,0.00000,0.00000
moon,2030-06-26,24,hp,54.11222,-0.07100,0.00858,-0.00008
moon,2030-06-27,24,gha,399.48828,174.20389,-0.01837,0.00040,0.00002,-0.00000
moon,2030-06-27,24,dec,21.37589,0.79871,-0.05845,-0.00049,0.00001,0.00000
moon,2030-06-27,24,hp,54.03576,-0.00630,0.00757,-0.00009
moon,2030-06-28,24,gha,387.76869,174.08228,-0.01148,0.00072,0.00001,-0.00000
moon,2030-06-28,24,dec,22.48921,0.31064,-0.06319,-0.00028,0.00002,0.00000
moon,2030-06-28,24,hp,54.08030,0.04994,0.00649,-0.00009
moon,2030-06-29,24,gha,375.87085,174.02788,-0.00191,0.00084,-0.00000,-0.00000
moon,2030-06-29,24,dec,22.59745,-0.20385,-0.06493,0.00000,0.00002,0.00000
moon,2030-06-29,24,hp,54.22883,0.09774,0.00548,-0.00008
moon,2030-06-30,24,gha,363.94230,174.05152,0.00759,0.00071,-0.00002,-0.00000
moon,2030-06-30,24,dec,21.67404,-0.71803,-0.06309,0.00030,0.00002,-0.00000
moon,2030-06-30,24,hp,54.46535,0.13807,0.00464,-0.00006
moon,2030-07-01,24,gha,352.12951,174.14127,0.01427,0.00038,-0.00002,-0.00000
moon,2030-07-01,24,dec,19.74818,-1.20343,-0.05781,0.00057,0.00001,-0.00000
moon,2030-07-01,24,hp,54.77655,0.17264,0.00404,-0.00004
moon,2030-07-02,24,gha,340.53580,174.26677,0.01638,-0.00003,-0.00003,0.00000
moon,2030-07-02,24,dec,16.90284,-1.63525,-0.04982,0.00075,0.00001,-0.00000
moon,2030-07-02,24,hp,55.15296,0.20348,0.00370,-0.00002
moon,2030-07-03,24,gha,329.19412,174.38916,0.01352,-0.00043,-0.00002,0.00000
moon,2030-07-03,24,dec,13.26394,-1.99549,-0.04004,0.00087,0.00001,-0.00000
moon,2030-07-03,24,hp,55.58902,0.23247,0.00356,-0.00001
moon,2030-07-04,24,gha,318.05994,174.47061,0.00627,-0.00076,-0.00002,0.00000
moon,2030-07-04,24,dec,8.98665,-2.27270,-0.02913,0.00095,0.00000,0.00000
moon,2030-07-04,24,hp,56.08226,0.26071,0.00349,-0.00001
moon,2030-07-05,24,gha,307.01918,174.47973,-0.00441,-0.00100,-0.00001,0.00000
moon,2030-07-05,24,dec,4.24509,-2.45901,-0.01730,0.00103,0.00001,0.00000
moon,2030-07-05,24,hp,56.63108,0.28794,0.00328,-0.00003
moon,2030-07-06,24,gha,295.90311,174.39333,-0.01745,-0.00115,-0.00001,0.00000
moon,2030-07-06,24,dec,-0.77094,-2.54615,-0.00426,0.00115,0.00001,0.00000
moon,2030-07-06,24,hp,57.23156,0.31203,0.00267,-0.00007
moon,2030-07-07,24,gha,284.50568,174.19747,-0.03156,-0.00117,0.00000,0.00000
moon,2030-07-07,24,dec,-5.85136,-2.52183,0.01068,0.00135,0.00001,0.00000
moon,2030-07-07,24,hp,57.87342,0.32878,0.00140,-0.00014
moon,2030-07-08,24,gha,272.60516,173.89102,-0.04472,-0.00098,0.00002,0.00000
moon,2030-07-08,24,dec,-10.75568,-2.36787,0.02823,0.00158,0.00001,-0.00000
moon,2030-07-08,24,hp,58.53599,0.33203,-0.00073,-0.00022
moon,2030-07-09,24,gha,259.99776,173.49418,-0.05354,-0.00043,0.00005,0.00000
moon,2030-07-09,24,dec,-15.20277,-2.06230,0.04851,0.00178,0.00001,-0.00000
moon,2030-07-09,24,hp,59.18511,0.31455,-0.00377,-0.00029
moon,2030-07-10,24,gha,246.55199,173.06027,-0.05323,0.00054,0.00007,0.00000
moon,2030-07-10,24,dec,-18.87098,-1.58793,0.07005,0.00176,-0.00001,-0.00000
moon,2030-07-10,24,hp,59.77247,0.26969,-0.00752,-0.00033
moon,2030-07-11,24,gha,232.28170,172.68088,-0.03951,0.00174,0.00007,-0.00000
moon,2030-07-11,24,dec,-21.42350,-0.94877,0.08896,0.00132,-0.00004,-0.00000
moon,2030-07-11,24,hp,60.23923,0.19381,-0.01142,-0.00031
moon,2030-07-12,24,gha,217.40572,172.46541,-0.01287,0.00258,0.00003,-0.00000
moon,2030-07-12,24,dec,-22.56919,-0.18801,0.09961,0.00040,-0.00007,-0.00000
moon,2030-07-12,24,hp,60.52460,0.08887,-0.01465,-0.00022
moon,2030-07-13,24,gha,202.33373,172.48895,0.01861,0.00250,-0.00004,-0.00000
moon,2030-07-13,24,dec,-22.14672,0.60881,0.09761,-0.00073,-0.00007,0.00000
moon,2030-07-13,24,hp,60.57875,-0.03610,-0.01631,-0.00005
moon,2030-07-14,24,gha,187.54601,172.74415,0.04352,0.00156,-0.00007,-0.00000
moon,2030-07-14,24,dec,-20.18775,1.33807,0.08315,-0.00162,-0.00004,0.00000
moon,2030-07-14,24,hp,60.37629,-0.16595,-0.01582,0.00014
moon,2030-07-15,24,gha,173.42739,173.14684,0.05507,0.00038,-0.00007,0.00000
moon,2030-07-15,24,dec,-16.91402,1.91709,0.06093,-0.00200,-0.00001,0.00000
moon,2030-07-15,24,hp,59.92505,-0.28308,-0.01318,0.00030
moon,2030-07-16,24,gha,520.16417,173.58892,0.05389,-0.00051,-0.00004,0.00000
moon,2030-07-16,24,dec,-12.66888,2.30799,0.03690,-0.00195,0.00001,0.00000
moon,2030-07-16,24,hp,59.26615,-0.37230,-0.00896,0.00039
moon,2030-07-17,24,gha,507.74692,173.98602,0.04456,-0.00098,-0.00002,0.00000
moon,2030-07-17,24,dec,-7.82843,2.51439,0.01523,-0.00165,0.00002,0.00000
moon,2030-07-17,24,hp,58.46520,-0.42457,-0.00408,0.00041
moon,2030-07-18,24,gha,496.03552,174.29177,0.03161,-0.00114,-0.00000,0.00000
moon,2030-07-18,24,dec,-2.73618,2.56316,-0.00242,-0.00130,0.00002,-0.00000
moon,2030-07-18,24,hp,57.59864,-0.43806,0.00063,0.00037
moon,2030-07-19,24,gha,484.82871,174.49007,0.01802,-0.00111,0.00001,0.00000
moon,2030-07-19,24,dec,2.32529,2.48689,-0.01613,-0.00100,0.00002,-0.00000
moon,2030-07-19,24,hp,56.74054,-0.41675,0.00456,0.00029
moon,2030-07-20,24,gha,473.91223,174.58295,0.00543,-0.00098,0.00001,0.00000
moon,2030-07-20,24,dec,7.13461,2.31351,-0.02686,-0.00080,0.00001,-0.00000
moon,2030-07-20,24,hp,55.95337,-0.36799,0.00747,0.00020
moon,2030-07-21,24,gha,463.08658,174.58256,-0.00518,-0.00078,0.00001,0.00000
moon,2030-07-21,24,dec,11.51803,2.06257,-0.03567,-0.00068,0.00001,-0.00000
moon,2030-07-21,24,hp,55.28368,-0.30015,0.00934,0.00012
moon,2030-07-22,24,gha,452.18361,174.50792,-0.01302,-0.00052,0.00002,0.00000
moon,2030-07-22,24,dec,15.33280,1.74575,-0.04342,-0.00062,0.00000,-0.00000
moon,2030-07-22,24,hp,54.76162,-0.22112,0.01029,0.00004
moon,2030-07-23,24,gha,441.07943,174.38432,-0.01731,-0.00019,0.00002,0.00000
moon,2030-07-23,24,dec,18.45408,1.36961,-0.05052,-0.00056,0.00000,0.00000
moon,2030-07-23,24,hp,54.40264,-0.13771,0.01047,-0.00001
moon,2030-07-24,24,gha,429.70672,174.24286,-0.01742,0.00017,0.00002,-0.00000
moon,2030-07-24,24,dec,20.76856,0.93959,-0.05684,-0.00048,0.00001,0.00000
moon,2030-07-24,24,hp,54.20990,-0.05540,0.01003,-0.00006
moon,2030-07-25,24,gha,418.06376,174.11761,-0.01332,0.00050,0.00002,-0.00000
moon,2030-07-25,24,dec,22.17632,0.46404,-0.06179,-0.00033,0.00001,0.00000
moon,2030-07-25,24,hp,54.17668,0.02142,0.00911,-0.00009
moon,2030-07-26,24,gha,406.21427,174.03904,-0.00598,0.00070,0.00001,-0.00000
moon,2030-07-26,24,dec,22.59994,-0.04268,-0.06450,-0.00011,0.00002,0.00000
moon,2030-07-26,24,hp,54.28858,0.08941,0.00784,-0.00012
moon,2030-07-27,24,gha,394.27153,174.02535,0.00255,0.00069,-0.00001,-0.00000
moon,2030-07-27,24,dec,21.99758,-0.55946,-0.06422,0.00016,0.00002,0.00000
moon,2030-07-27,24,hp,54.52540,0.14615,0.00632,-0.00013
moon,2030-07-28,24,gha,382.36688,174.07602,0.00975,0.00048,-0.00002,-0.00000
moon,2030-07-28,24,dec,20.37448,-1.06061,-0.06059,0.00044,0.00002,-0.00000
moon,2030-07-28,24,hp,54.86312,0.19022,0.00469,-0.00014
moon,2030-07-29,24,gha,370.61149,174.17179,0.01359,0.00014,-0.00002,-0.00000
moon,2030-07-29,24,dec,17.78837,-1.51984,-0.05380,0.00068,0.00001,-0.00000
moon,2030-07-29,24,hp,55.27598,0.22131,0.00310,-0.00013
moon,2030-07-30,24,gha,359.06486,174.28116,0.01310,-0.00023,-0.00002,0.00000
moon,2030-07-30,24,dec,14.34669,-1.91400,-0.04441,0.00087,0.00001,-0.00000
moon,2030-07-30,24,hp,55.73873,0.24026,0.00168,-0.00011
moon,2030-07-31,24,gha,347.71922,174.36924,0.00835,-0.00056,-0.00002,0.00000
moon,2030-07-31,24,dec,10.19828,-2.22496,-0.03308,0.00101,0.00001,-0.00000
moon,2030-07-31,24,hp,56.22891,0.24897,0.00055,-0.00008
moon,2030-08-01,24,gha,336.50008,174.40473,0.00008,-0.00081,-0.00001,0.00000
moon,2030-08-01,24,dec,5.52344,-2.43923,-0.02030,0.00112,0.00001,-0.00000
moon,2030-08-01,24,hp,56.72853,0.24998,-0.00025,-0.00005
moon,2030-08-02,24,gha,325.27726,174.36348,-0.01068,-0.00097,-0.00001,0.00000
moon,2030-08-02,24,dec,0.52633,-2.54618,-0.00626,0.00122,0.00001,0.00000
moon,2030-08-02,24,hp,57.22475,0.24582,-0.00076,-0.00003
moon,2030-08-03,24,gha,313.88105,174.23027,-0.02271,-0.00102,0.00000,0.00000
moon,2030-08-03,24,dec,-4.56836,-2.53572,0.00908,0.00134,0.00001,0.00000
moon,2030-08-03,24,hp,57.70914,0.23826,-0.00113,-0.00003
moon,2030-08-04,24,gha,302.12223,174.00120,-0.03435,-0.00089,0.00001,0.00000
moon,2030-08-04,24,dec,-9.51477,-2.39668,0.02590,0.00147,0.00001,-0.00000
moon,2030-08-04,24,hp,58.17534,0.22757,-0.00157,-0.00005
moon,2030-08-05,24,gha,289.81964,173.68891,-0.04307,-0.00052,0.00003,0.00000
moon,2030-08-05,24,dec,-14.04388,-2.11723,0.04413,0.00156,0.00000,-0.00000
moon,2030-08-05,24,hp,58.61575,0.21221,-0.00233,-0.00008
moon,2030-08-06,24,gha,276.84072,173.33019,-0.04540,0.00018,0.00005,0.00000
moon,2030-08-06,24,dec,-17.86579,-1.68905,0.06286,0.00153,-0.00001,-0.00000
moon,2030-08-06,24,hp,59.01793,0.18894,-0.00357,-0.00013
moon,2030-08-07,24,gha,263.15524,172.99057,-0.03790,0.00109,0.00006,-0.00000
moon,2030-08-07,24,dec,-20.68541,-1.11643,0.07979,0.00124,-0.00003,-0.00000
moon,2030-08-07,24,hp,59.36200,0.15368,-0.00532,-0.00016
moon,2030-08-08,24,gha,248.88520,172.75460,-0.01969,0.00189,0.00004,-0.00000
moon,2030-08-08,24,dec,-22.23938,-0.42797,0.09123,0.00062,-0.00005,-0.00000
moon,2030-08-08,24,hp,59.62032,0.10290,-0.00741,-0.00018
moon,2030-08-09,24,gha,234.31342,172.69429,0.00502,0.00212,-0.00001,-0.00000
moon,2030-08-09,24,dec,-22.35197,0.31734,0.09358,-0.00024,-0.00006,0.00000
moon,2030-08-09,24,hp,59.76024,0.03531,-0.00945,-0.00015
moon,2030-08-10,24,gha,219.81861,172.83020,0.02810,0.00163,-0.00005,-0.00000
moon,2030-08-10,24,dec,-20.98833,1.03956,0.08551,-0.00107,-0.00005,0.00000
moon,2030-08-10,24,hp,59.75016,-0.04661,-0.01091,-0.00008
moon,2030-08-11,24,gha,205.75578,173.11901,0.04253,0.00075,-0.00006,0.00000
moon,2030-08-11,24,dec,-18.27362,1.66133,0.06897,-0.00163,-0.00002,0.00000
moon,2030-08-11,24,hp,59.56770,-0.13617,-0.01129,0.00002
moon,2030-08-12,24,gha,192.35175,173.48004,0.04625,-0.00009,-0.00004,0.00000
moon,2030-08-12,24,dec,-14.46436,2.13039,0.04796,-0.00182,-0.00000,0.00000
moon,2030-08-12,24,hp,59.20736,-0.22335,-0.01030,0.00014
moon,2030-08-13,24,gha,179.67063,173.83483,0.04148,-0.00065,-0.00002,0.00000
moon,2030-08-13,24,dec,-9.88875,2.42724,0.02640,-0.00174,0.00001,0.00000
moon,2030-08-13,24,hp,58.68493,-0.29714,-0.00798,0.00024
moon,2030-08-14,24,gha,527.64353,174.13003,0.03187,-0.00091,-0.00001,0.00000
moon,2030-08-14,24,dec,-4.88656,2.55866,0.00686,-0.00151,0.00002,0.00000
moon,2030-08-14,24,hp,58.03675,-0.34830,-0.00471,0.00030
moon,2030-08-15,24,gha,516.12276,174.33967,0.02045,-0.00097,0.00000,0.00000
moon,2030-08-15,24,dec,0.23167,2.54586,-0.00959,-0.00124,0.00002,-0.00000
moon,2030-08-15,24,hp,57.31407,-0.37131,-0.00102,0.00031
moon,2030-08-16,24,gha,504.92964,174.45784,0.00922,-0.00089,0.00001,0.00000
moon,2030-08-16,24,dec,5.20281,2.41419,-0.02291,-0.00099,0.00001,-0.00000
moon,2030-08-16,24,hp,56.57476,-0.36501,0.00255,0.00028
moon,2030-08-17,24,gha,493.88687,174.49121,-0.00061,-0.00074,0.00001,0.00000
moon,2030-08-17,24,dec,9.81270,2.18678,-0.03361,-0.00080,0.00001,-0.00000
moon,2030-08-17,24,hp,55.87527,-0.33192,0.00563,0.00023
moon,2030-08-18,24,gha,482.83891,174.45451,-0.00818,-0.00052,0.00002,0.00000
moon,2030-08-18,24,dec,13.88868,1.88191,-0.04236,-0.00066,0.00001,-0.00000
moon,2030-08-18,24,hp,55.26449,-0.27687,0.00802,0.00017
moon,2030-08-19,24,gha,471.66588,174.36858,-0.01282,-0.00025,0.00002,0.00000
moon,2030-08-19,24,dec,17.28972,1.51306,-0.04966,-0.00056,0.00001,-0.00000
moon,2030-08-19,24,hp,54.78053,-0.20574,0.00965,0.00010
moon,2030-08-20,24,gha,460.29456,174.25909,-0.01403,0.00005,0.00002,-0.00000
moon,2030-08-20,24,dec,19.89870,1.09088,-0.05570,-0.00045,0.00001,0.00000
moon,2030-08-20,24,hp,54.44953,-0.12451,0.01055,0.00005
moon,2030-08-21,24,gha,448.70586,174.15413,-0.01173,0.00033,0.00002,-0.00000
moon,2030-08-21,24,dec,21.61923,0.62579,-0.06034,-0.00032,0.00001,0.00000
moon,2030-08-21,24,hp,54.28601,-0.03883,0.01077,-0.00001
moon,2030-08-22,24,gha,436.93522,174.07952,-0.00660,0.00051,0.00001,-0.00000
moon,2030-08-22,24,dec,22.37798,0.13060,-0.06316,-0.00015,0.00001,0.00000
moon,2030-08-22,24,hp,54.29361,0.04609,0.01037,-0.00006
moon,2030-08-23,24,gha,425.06175,174.05244,-0.00011,0.00055,-0.00000,-0.00000
moon,2030-08-23,24,dec,22.13082,-0.37820,-0.06367,0.00006,0.00001,0.00000
moon,2030-08-23,24,hp,54.46590,0.12537,0.00937,-0.00011
moon,2030-08-24,24,gha,413.18539,174.07614,0.00580,0.00042,-0.00001,-0.00000
moon,2030-08-24,24,dec,20.87019,-0.88066,-0.06154,0.00029,0.00001,-0.00000
moon,2030-08-24,24,hp,54.78703,0.19447,0.00783,-0.00015
moon,2030-08-25,24,gha,401.39716,174.13861,0.00937,0.00016,-0.00002,-0.00000
moon,2030-08-25,24,dec,18.63050,-1.35495,-0.05663,0.00052,0.00001,-0.00000
moon,2030-08-25,24,hp,55.23242,0.24922,0.00579,-0.00019
moon,2030-08-26,24,gha,389.75193,174.21628,0.00951,-0.00014,-0.00002,0.00000
moon,2030-08-26,24,dec,15.49005,-1.77918,-0.04904,0.00074,0.00001,-0.00000
moon,2030-08-26,24,hp,55.76976,0.28612,0.00339,-0.00021
moon,2030-08-27,24,gha,378.25157,174.28044,0.00601,-0.00044,-0.00002,0.00000
moon,2030-08-27,24,dec,11.56990,-2.13255,-0.03895,0.00094,0.00001,-0.00000
moon,2030-08-27,24,hp,56.36094,0.30290,0.00080,-0.00022
moon,2030-08-28,24,gha,366.84094,174.30334,-0.00070,-0.00067,-0.00001,0.00000
moon,2030-08-28,24,dec,7.03129,-2.39569,-0.02651,0.00113,0.00001,-0.00000
moon,2030-08-28,24,hp,56.96505,0.29912,-0.00171,-0.00020
moon,2030-08-29,24,gha,355.41440,174.26254,-0.00977,-0.00082,-0.00001,0.00000
moon,2030-08-29,24,dec,2.07290,-2.55052,-0.01189,0.00130,0.00001,-0.00000
moon,2030-08-29,24,hp,57.54258,0.27662,-0.00384,-0.00015
moon,2030-08-30,24,gha,343.82916,174.14366,-0.02002,-0.00086,0.00000,0.00000
moon,2030-08-30,24,dec,-3.07180,-2.58035,0.00470,0.00146,0.00001,-0.00000
moon,2030-08-30,24,hp,58.05989,0.23943,-0.00535,-0.00010
moon,2030-08-31,24,gha,331.92437,173.94335,-0.02984,-0.00074,0.00001,0.00000
moon,2030-08-31,24,dec,-8.13801,-2.47068,0.02291,0.00157,0.00000,-0.00000
moon,2030-08-31,24,hp,58.49308,0.19311,-0.00612,-0.00003
moon,2030-09-01,24,gha,319.54752,173.67388,-0.03692,-0.00040,0.00003,0.00000
moon,2030-09-01,24,dec,-12.83581,-2.21119,0.04202,0.00160,-0.00000,-0.00000
moon,2030-09-01,24,hp,58.82967,0.14340,-0.00622,0.00001
moon,2030-09-02,24,gha,306.59128,173.36867,-0.03833,0.00020,0.00004,0.00000
moon,2030-09-02,24,dec,-16.86220,-1.79965,0.06066,0.00148,-0.00001,-0.00000
moon,2030-09-02,24,hp,59.06765,0.09487,-0.00587,0.00004
moon,2030-09-03,24,gha,293.03845,173.08425,-0.03144,0.00096,0.00005,-0.00000
moon,2030-09-03,24,dec,-19.92326,-1.24808,0.07664,0.00114,-0.00003,-0.00000
moon,2030-09-03,24,hp,59.21198,0.04987,-0.00538,0.00004
moon,2030-09-04,24,gha,279.00026,172.89059,-0.01585,0.00160,0.00003,-0.00000
moon,2030-09-04,24,dec,-21.76923,-0.58916,0.08708,0.00056,-0.00004,-0.00000
moon,2030-09-04,24,hp,59.26989,0.00834,-0.00504,0.00002
moon,2030-09-05,24,gha,264.71913,172.84565,0.00494,0.00178,-0.00001,-0.00000
moon,2030-09-05,24,dec,-22.23802,0.12244,0.08955,-0.00016,-0.00005,0.00000
moon,2030-09-05,24,hp,59.24660,-0.03160,-0.00499,-0.00001
moon,2030-09-06,24,gha,250.51448,172.96604,0.02449,0.00140,-0.00004,-0.00000
moon,2030-09-06,24,dec,-21.29152,0.81888,0.08336,-0.00085,-0.00004,0.00000
moon,2030-09-06,24,hp,59.14280,-0.07241,-0.00524,-0.00003
moon,2030-09-07,24,gha,236.68751,173.21753,0.03712,0.00068,-0.00005,0.00000
moon,2030-09-07,24,dec,-19.02556,1.43599,0.07008,-0.00133,-0.00002,0.00000
moon,2030-09-07,24,hp,58.95488,-0.11582,-0.00561,-0.00003
moon,2030-09-08,24,gha,223.43640,173.53446,0.04085,-0.00004,-0.00004,0.00000
moon,2030-09-08,24,dec,-15.64681,1.92815,0.05257,-0.00155,-0.00001,0.00000
moon,2030-09-08,24,hp,58.67756,-0.16167,-0.00581,-0.00000
moon,2030-09-09,24,gha,210.82403,173.85008,0.03717,-0.00054,-0.00002,0.00000
moon,2030-09-09,24,dec,-11.42969,2.27319,0.03365,-0.00157,0.00000,0.00000
moon,2030-09-09,24,hp,58.30820,-0.20749,-0.00556,0.00005
moon,2030-09-10,24,gha,198.79728,174.11628,0.02893,-0.00080,-0.00001,0.00000
moon,2030-09-10,24,dec,-6.67297,2.46822,0.01529,-0.00147,0.00001,0.00000
moon,2030-09-10,24,hp,57.85114,-0.24882,-0.00467,0.00010
moon,2030-09-11,24,gha,187.22969,174.30767,0.01880,-0.00087,0.00000,0.00000
moon,2030-09-11,24,dec,-1.66837,2.52242,-0.00145,-0.00131,0.00001,0.00000
moon,2030-09-11,24,hp,57.32077,-0.28024,-0.00309,0.00016
moon,2030-09-12,24,gha,175.96289,174.41707,0.00866,-0.00081,0.00001,0.00000
moon,2030-09-12,24,dec,3.31710,2.45083,-0.01613,-0.00113,0.00001,-0.00000
moon,2030-09-12,24,hp,56.74201,-0.29673,-0.00096,0.00019
moon,2030-09-13,24,gha,524.83715,174.44979,-0.00022,-0.00066,0.00001,0.00000
moon,2030-09-13,24,dec,8.04874,2.27036,-0.02868,-0.00096,0.00001,-0.00000
moon,2030-09-13,24,hp,56.14848,-0.29477,0.00148,0.00021
moon,2030-09-14,24,gha,513.71215,174.41959,-0.00696,-0.00045,0.00001,0.00000
moon,2030-09-14,24,dec,12.32560,1.99774,-0.03919,-0.00079,0.00001,-0.00000
moon,2030-09-14,24,hp,55.57871,-0.27292,0.00397,0.00020
moon,2030-09-15,24,gha,502.48144,174.34643,-0.01088,-0.00020,0.00002,0.00000
moon,2030-09-15,24,dec,15.97923,1.64873,-0.04779,-0.00064,0.00001,0.00000
moon,2030-09-15,24,hp,55.07203,-0.23186,0.00626,0.00018
moon,2030-09-16,24,gha,491.08299,174.25451,-0.01162,0.00007,0.00002,-0.00000
moon,2030-09-16,24,dec,18.87203,1.23847,-0.05450,-0.00048,0.00001,0.00000
moon,2030-09-16,24,hp,54.66469,-0.17388,0.00818,0.00014
moon,2030-09-17,24,gha,479.50487,174.16934,-0.00926,0.00031,0.00001,-0.00000
moon,2030-09-17,24,dec,20.89670,0.78224,-0.05926,-0.00031,0.00001,0.00000
moon,2030-09-17,24,hp,54.38721,-0.10240,0.00962,0.00010
moon,2030-09-18,24,gha,467.78331,174.11301,-0.00458,0.00045,0.00000,-0.00000
moon,2030-09-18,24,dec,21.97743,0.29628,-0.06192,-0.00013,0.00001,0.00000
moon,2030-09-18,24,hp,54.26254,-0.02152,0.01052,0.00005
moon,2030-09-19,24,gha,455.99036,174.09871,0.00101,0.00046,-0.00000,-0.00000
moon,2030-09-19,24,dec,22.07192,-0.20217,-0.06237,0.00005,0.00001,-0.00000
moon,2030-09-19,24,hp,54.30504,0.06428,0.01084,0.00000
moon,2030-09-20,24,gha,444.21192,174.12684,0.00578,0.00032,-0.00001,-0.00000
moon,2030-09-20,24,dec,21.17284,-0.69547,-0.06064,0.00023,0.00001,-0.00000
moon,2030-09-20,24,hp,54.51965,0.15006,0.01051,-0.00006
moon,2030-09-21,24,gha,432.52143,174.18474,0.00827,0.00008,-0.00002,-0.00000
moon,2030-09-21,24,dec,19.30767,-1.16653,-0.05683,0.00040,0.00001,-0.00000
moon,2030-09-21,24,hp,54.90099,0.23042,0.00947,-0.00012
moon,2030-09-22,24,gha,420.95695,174.25024,0.00761,-0.00019,-0.00002,0.00000
moon,2030-09-22,24,dec,16.53717,-1.59913,-0.05103,0.00057,0.00001,0.00000
moon,2030-09-22,24,hp,55.43232,0.29940,0.00766,-0.00018
moon,2030-09-23,24,gha,409.50765,174.29714,0.00364,-0.00046,-0.00002,0.00000
moon,2030-09-23,24,dec,12.95431,-1.97719,-0.04317,0.00075,0.00001,0.00000
moon,2030-09-23,24,hp,56.08453,0.35063,0.00504,-0.00025
moon,2030-09-24,24,gha,398.11073,174.30016,-0.00327,-0.00068,-0.00001,0.00000
moon,2030-09-24,24,dec,8.68542,-2.28319,-0.03296,0.00096,0.00001,0.00000
moon,2030-09-24,24,hp,56.81588,0.37794,0.00170,-0.00030
moon,2030-09-25,24,gha,386.65699,174.23847,-0.01241,-0.00083,-0.00001,0.00000
moon,2030-09-25,24,dec,3.89471,-2.49671,-0.01998,0.00121,0.00002,0.00000
moon,2030-09-25,24,hp,57.57346,0.37645,-0.00211,-0.00033
moon,2030-09-26,24,gha,375.00245,174.09842,-0.02267,-0.00086,0.00000,0.00000
moon,2030-09-26,24,dec,-1.20951,-2.59410,-0.00390,0.00147,0.00002,-0.00000
moon,2030-09-26,24,hp,58.29719,0.34408,-0.00594,-0.00030
moon,2030-09-27,24,gha,362.98609,173.87706,-0.03244,-0.00073,0.00002,0.00000
moon,2030-09-27,24,dec,-6.36995,-2.55039,0.01523,0.00170,0.00001,-0.00000
moon,2030-09-27,24,hp,58.92697,0.28297,-0.00920,-0.00023
moon,2030-09-28,24,gha,350.45656,173.58771,-0.03925,-0.00036,0.00003,0.00000
moon,2030-09-28,24,dec,-11.28226,-2.34415,0.03653,0.00182,0.00000,-0.00000
moon,2030-09-28,24,hp,59.41178,0.20008,-0.01132,-0.00012
moon,2030-09-29,24,gha,337.31145,173.26661,-0.03988,0.00029,0.00005,0.00000
moon,2030-09-29,24,dec,-15.60963,-1.96529,0.05800,0.00172,-0.00002,-0.00000
moon,2030-09-29,24,hp,59.71851,0.10613,-0.01194,0.00001
moon,2030-09-30,24,gha,323.54640,172.97532,-0.03150,0.00111,0.00005,-0.00000
moon,2030-09-30,24,dec,-19.01490,-1.42455,0.07647,0.00131,-0.00004,-0.00000
moon,2030-09-30,24,hp,59.83706,0.01312,-0.01112,0.00012
moon,2030-10-01,24,gha,309.29618,172.78918,-0.01387,0.00177,0.00003,-0.00000
moon,2030-10-01,24,dec,-21.20995,-0.76063,0.08829,0.00062,-0.00005,-0.00000
moon,2030-10-01,24,hp,59.77986,-0.06874,-0.00923,0.00019
moon,2030-10-02,24,gha,294.83424,172.76781,0.00876,0.00190,-0.00001,-0.00000
moon,2030-10-02,24,dec,-22.01106,-0.03834,0.09085,-0.00020,-0.00005,0.00000
moon,2030-10-02,24,hp,59.57587,-0.13328,-0.00688,0.00020
moon,2030-10-03,24,gha,280.50794,172.92296,0.02918,0.00142,-0.00004,-0.00000
moon,2030-10-03,24,dec,-21.37749,0.66624,0.08407,-0.00090,-0.00004,0.00000
moon,2030-10-03,24,hp,59.26164,-0.17906,-0.00461,0.00017
moon,2030-10-04,24,gha,266.63191,173.21128,0.04148,0.00061,-0.00005,0.00000
moon,2030-10-04,24,dec,-19.41258,1.28729,0.07045,-0.00132,-0.00002,0.00000
moon,2030-10-04,24,hp,58.87268,-0.20840,-0.00281,0.00013
moon,2030-10-05,24,gha,253.40004,173.55905,0.04413,-0.00014,-0.00004,0.00000
moon,2030-10-05,24,dec,-16.32720,1.78390,0.05345,-0.00147,-0.00000,0.00000
moon,2030-10-05,24,hp,58.43761,-0.22566,-0.00160,0.00008
moon,2030-10-06,24,gha,240.85898,173.89572,0.03916,-0.00064,-0.00002,0.00000
moon,2030-10-06,24,dec,-12.38774,2.14089,0.03585,-0.00144,0.00001,0.00000
moon,2030-10-06,24,hp,57.97593,-0.23545,-0.00091,0.00004
moon,2030-10-07,24,gha,228.93565,174.17310,0.02977,-0.00088,-0.00001,0.00000
moon,2030-10-07,24,dec,-7.87276,2.36017,0.01915,-0.00134,0.00001,0.00000
moon,2030-10-07,24,hp,57.49896,-0.24122,-0.00056,0.00002
moon,2030-10-08,24,gha,217.48532,174.36734,0.01871,-0.00093,0.00000,0.00000
moon,2030-10-08,24,dec,-3.04855,2.45128,0.00383,-0.00122,0.00001,-0.00000
moon,2030-10-08,24,hp,57.01293,-0.24457,-0.00027,0.00003
moon,2030-10-09,24,gha,206.33479,174.47308,0.00786,-0.00086,0.00001,0.00000
moon,2030-10-09,24,dec,1.83974,2.42538,-0.01011,-0.00111,0.00001,-0.00000
moon,2030-10-09,24,hp,56.52282,-0.24518,0.00016,0.00005
moon,2030-10-10,24,gha,195.31294,174.49724,-0.00153,-0.00070,0.00001,0.00000
moon,2030-10-10,24,dec,6.56874,2.29305,-0.02279,-0.00100,0.00001,0.00000
moon,2030-10-10,24,hp,56.03580,-0.24123,0.00088,0.00007
moon,2030-10-11,24,gha,184.27130,174.45527,-0.00855,-0.00046,0.00002,0.00000
moon,2030-10-11,24,dec,10.93569,2.06441,-0.03418,-0.00089,0.00001,0.00000
moon,2030-10-11,24,hp,55.56361,-0.23008,0.00195,0.00010
moon,2030-10-12,24,gha,533.09912,174.36931,-0.01244,-0.00018,0.00002,0.00000
moon,2030-10-12,24,dec,14.75876,1.75039,-0.04409,-0.00076,0.00001,0.00000
moon,2030-10-12,24,hp,55.12327,-0.20912,0.00332,0.00012
moon,2030-10-13,24,gha,521.73512,174.26645,-0.01274,0.00013,0.00002,-0.00000
moon,2030-10-13,24,dec,17.88005,1.36416,-0.05217,-0.00058,0.00001,0.00000
moon,2030-10-13,24,hp,54.73648,-0.17637,0.00488,0.00013
moon,2030-10-14,24,gha,510.17440,174.17550,-0.00953,0.00039,0.00001,-0.00000
moon,2030-10-14,24,dec,20.17119,0.92213,-0.05798,-0.00038,0.00001,0.00000
moon,2030-10-14,24,hp,54.42789,-0.13088,0.00649,0.00013
moon,2030-10-15,24,gha,498.46636,174.12130,-0.00375,0.00055,0.00000,-0.00000
moon,2030-10-15,24,dec,21.53992,0.44394,-0.06117,-0.00015,0.00001,-0.00000
moon,2030-10-15,24,hp,54.22288,-0.07287,0.00799,0.00012
moon,2030-10-16,24,gha,486.70018,174.11809,0.00293,0.00054,-0.00001,-0.00000
moon,2030-10-16,24,dec,21.93536,-0.04892,-0.06166,0.00007,0.00001,-0.00000
moon,2030-10-16,24,hp,54.14529,-0.00366,0.00927,0.00009
moon,2030-10-17,24,gha,474.97856,174.16494,0.00849,0.00037,-0.00001,-0.00000
moon,2030-10-17,24,dec,21.34917,-0.53563,-0.05969,0.00025,0.00001,-0.00000
moon,2030-10-17,24,hp,54.21523,0.07436,0.01018,0.00006
moon,2030-10-18,24,gha,463.38713,174.24597,0.01128,0.00009,-0.00002,-0.00000
moon,2030-10-18,24,dec,19.81179,-0.99848,-0.05577,0.00039,0.00001,-0.00000
moon,2030-10-18,24,hp,54.44701,0.15778,0.01060,0.00001
moon,2030-10-19,24,gha,451.96893,174.33515,0.01046,-0.00023,-0.00002,0.00000
moon,2030-10-19,24,dec,17.38493,-1.42389,-0.05039,0.00050,0.00001,-0.00000
moon,2030-10-19,24,hp,54.84703,0.24206,0.01037,-0.00005
moon,2030-10-20,24,gha,440.71068,174.40284,0.00595,-0.00052,-0.00002,0.00000
moon,2030-10-20,24,dec,14.15420,-1.80135,-0.04379,0.00060,0.00001,0.00000
moon,2030-10-20,24,hp,55.41131,0.32135,0.00932,-0.00013
moon,2030-10-21,24,gha,429.54108,174.42109,-0.00181,-0.00076,-0.00001,0.00000
moon,2030-10-21,24,dec,10.22553,-2.12066,-0.03580,0.00074,0.00001,0.00000
moon,2030-10-21,24,hp,56.12271,0.38835,0.00727,-0.00022
moon,2030-10-22,24,gha,418.33741,174.36664,-0.01211,-0.00094,-0.00001,0.00000
moon,2030-10-22,24,dec,5.72815,-2.36837,-0.02577,0.00094,0.00002,0.00000
moon,2030-10-22,24,hp,56.94820,0.43449,0.00410,-0.00031
moon,2030-10-23,24,gha,406.93666,174.22266,-0.02404,-0.00103,-0.00000,0.00000
moon,2030-10-23,24,dec,0.82433,-2.52464,-0.01279,0.00123,0.00002,0.00000
moon,2030-10-23,24,hp,57.83700,0.45075,-0.00018,-0.00040
moon,2030-10-24,24,gha,395.15084,173.98139,-0.03617,-0.00096,0.00001,0.00000
moon,2030-10-24,24,dec,-4.27646,-2.56213,0.00403,0.00158,0.00002,-0.00000
moon,2030-10-24,24,hp,58.72138,0.42941,-0.00523,-0.00044
moon,2030-10-25,24,gha,382.79061,173.65006,-0.04611,-0.00064,0.00003,0.00000
moon,2030-10-25,24,dec,-9.30449,-2.44846,0.02495,0.00190,0.00002,-0.00000
moon,2030-10-25,24,hp,59.52184,0.36675,-0.01038,-0.00041
moon,2030-10-26,24,gha,369.70443,173.26039,-0.05012,0.00004,0.00005,0.00000
moon,2030-10-26,24,dec,-13.92738,-2.15456,0.04876,0.00203,-0.00000,-0.00000
moon,2030-10-26,24,hp,60.15799,0.26584,-0.01464,-0.00029
moon,2030-10-27,24,gha,355.83709,172.87749,-0.04383,0.00105,0.00007,0.00000
moon,2030-10-27,24,dec,-17.77088,-1.66944,0.07210,0.00179,-0.00003,-0.00000
moon,2030-10-27,24,hp,60.56361,0.13776,-0.01705,-0.00010
moon,2030-10-28,24,gha,341.29395,172.59507,-0.02502,0.00204,0.00005,-0.00000
moon,2030-10-28,24,dec,-20.47227,-1.01723,0.08971,0.00108,-0.00006,-0.00000
moon,2030-10-28,24,hp,60.70133,-0.00004,-0.01704,0.00010
moon,2030-10-29,24,gha,326.36881,172.50301,0.00273,0.00245,-0.00000,-0.00000
moon,2030-10-29,24,dec,-21.75999,-0.26472,0.09661,0.00005,-0.00007,0.00000
moon,2030-10-29,24,hp,60.57100,-0.12838,-0.01476,0.00027
moon,2030-10-30,24,gha,311.48673,172.63786,0.03016,0.00199,-0.00005,-0.00000
moon,2030-10-30,24,dec,-21.52691,0.49324,0.09118,-0.00092,-0.00005,0.00000
moon,2030-10-30,24,hp,60.20763,-0.23181,-0.01095,0.00035
moon,2030-10-31,24,gha,297.06787,172.95829,0.04815,0.00097,-0.00007,0.00000
moon,2030-10-31,24,dec,-19.85417,1.16699,0.07623,-0.00150,-0.00002,0.00000
moon,2030-10-31,24,hp,59.67002,-0.30220,-0.00664,0.00035
moon,2030-11-01,24,gha,283.39359,173.37183,0.05346,-0.00004,-0.00005,0.00000
moon,2030-11-01,24,dec,-16.97041,1.70062,0.05690,-0.00166,0.00000,0.00000
moon,2030-11-01,24,hp,59.02540,-0.33912,-0.00269,0.00030
moon,2030-11-02,24,gha,270.55401,173.78442,0.04851,-0.00072,-0.00003,0.00000
moon,2030-11-02,24,dec,-13.17620,2.07740,0.03750,-0.00155,0.00001,0.00000
moon,2030-11-02,24,hp,58.33592,-0.34780,0.00038,0.00021
moon,2030-11-03,24,gha,258.47890,174.13143,0.03769,-0.00104,-0.00001,0.00000
moon,2030-11-03,24,dec,-8.77770,2.30667,0.02018,-0.00134,0.00001,-0.00000
moon,2030-11-03,24,hp,57.65037,-0.33606,0.00241,0.00013
moon,2030-11-04,24,gha,247.00255,174.38136,0.02468,-0.00110,0.00000,0.00000
moon,2030-11-04,24,dec,-4.05128,2.40738,0.00533,-0.00115,0.00001,-0.00000
moon,2030-11-04,24,hp,57.00150,-0.31189,0.00351,0.00006
moon,2030-11-05,24,gha,235.92133,174.52667,0.01179,-0.00103,0.00001,0.00000
moon,2030-11-05,24,dec,0.76437,2.39754,-0.00755,-0.00101,0.00001,-0.00000
moon,2030-11-05,24,hp,56.40747,-0.28179,0.00393,0.00001
moon,2030-11-06,24,gha,225.03178,174.57429,0.00041,-0.00086,0.00001,0.00000
moon,2030-11-06,24,dec,5.46175,2.29018,-0.01914,-0.00093,0.00000,-0.00000
moon,2030-11-06,24,hp,55.87558,-0.25008,0.00396,-0.00001
moon,2030-11-07,24,gha,214.15376,174.54025,-0.00850,-0.00062,0.00002,0.00000
moon,2030-11-07,24,dec,9.85455,2.09367,-0.02988,-0.00087,0.00000,0.00000
moon,2030-11-07,24,hp,55.40673,-0.21886,0.00385,-0.00001
moon,2030-11-08,24,gha,203.14641,174.44773,-0.01409,-0.00031,0.00002,0.00000
moon,2030-11-08,24,dec,13.77075,1.81421,-0.03985,-0.00079,0.00001,0.00000
moon,2030-11-08,24,hp,54.99963,-0.18826,0.00383,0.00001
moon,2030-11-09,24,gha,191.92170,174.32626,-0.01565,0.00005,0.00002,0.00000
moon,2030-11-09,24,dec,17.05150,1.45916,-0.04870,-0.00067,0.00001,0.00000
moon,2030-11-09,24,hp,54.65422,-0.15698,0.00403,0.00003
moon,2030-11-10,24,gha,180.45517,174.20949,-0.01293,0.00040,0.00002,-0.00000
moon,2030-11-10,24,dec,19.55659,1.04006,-0.05575,-0.00049,0.00001,0.00000
moon,2030-11-10,24,hp,54.37394,-0.12288,0.00453,0.00005
moon,2030-11-11,24,gha,528.78911,174.12976,-0.00657,0.00064,0.00001,-0.00000
moon,2030-11-11,24,dec,21.17484,0.57445,-0.06023,-0.00025,0.00002,0.00000
moon,2030-11-11,24,hp,54.16677,-0.08364,0.00532,0.00008
moon,2030-11-12,24,gha,517.02175,174.10980,0.00169,0.00070,-0.00000,-0.00000
moon,2030-11-12,24,dec,21.83564,0.08519,-0.06162,0.00002,0.00002,-0.00000
moon,2030-11-12,24,hp,54.04508,-0.03722,0.00631,0.00009
moon,2030-11-13,24,gha,505.28045,174.15539,0.00945,0.00056,-0.00001,-0.00000
moon,2030-11-13,24,dec,21.51672,-0.40270,-0.05993,0.00026,0.00001,-0.00000
moon,2030-11-13,24,hp,54.02458,0.01764,0.00741,0.00009
moon,2030-11-14,24,gha,493.68484,174.25320,0.01447,0.00026,-0.00002,-0.00000
moon,2030-11-14,24,dec,20.24397,-0.86653,-0.05571,0.00043,0.00001,-0.00000
moon,2030-11-14,24,hp,54.12257,0.08123,0.00847,0.00008
moon,2030-11-15,24,gha,482.31262,174.37539,0.01544,-0.00010,-0.00002,0.00000
moon,2030-11-15,24,dec,18.08319,-1.28932,-0.04980,0.00054,0.00000,-0.00000
moon,2030-11-15,24,hp,54.35569,0.15260,0.00933,0.00006
moon,2030-11-16,24,gha,471.17866,174.48784,0.01207,-0.00045,-0.00002,0.00000
moon,2030-11-16,24,dec,15.12755,-1.66057,-0.04291,0.00060,0.00000,-0.00000
moon,2030-11-16,24,hp,54.73725,0.22935,0.00979,0.00002
moon,2030-11-17,24,gha,460.23001,174.55747,0.00482,-0.00075,-0.00002,0.00000
moon,2030-11-17,24,dec,11.48662,-1.97409,-0.03537,0.00066,0.00000,0.00000
moon,2030-11-17,24,hp,55.27421,0.30747,0.00963,-0.00005
moon,2030-11-18,24,gha,449.35224,174.55610,-0.00557,-0.00098,-0.00001,0.00000
moon,2030-11-18,24,dec,7.28140,-2.22414,-0.02697,0.00075,0.00001,0.00000
moon,2030-11-18,24,hp,55.96349,0.38096,0.00859,-0.00013
moon,2030-11-19,24,gha,438.38064,174.46166,-0.01832,-0.00114,-0.00001,0.00000
moon,2030-11-19,24,dec,2.64791,-2.40100,-0.01693,0.00093,0.00001,0.00000
moon,2030-11-19,24,hp,56.78794,0.44167,0.00640,-0.00024
moon,2030-11-20,24,gha,427.11305,174.25895,-0.03246,-0.00120,0.00000,0.00000
moon,2030-11-20,24,dec,-2.25096,-2.48719,-0.00411,0.00122,0.00002,0.00000
moon,2030-11-20,24,hp,57.71206,0.47949,0.00285,-0.00036
moon,2030-11-21,24,gha,415.32652,173.94294,-0.04632,-0.00107,0.00002,0.00000
moon,2030-11-21,24,dec,-7.20761,-2.45545,0.01270,0.00159,0.00002,-0.00000
moon,2030-11-21,24,hp,58.67897,0.48332,-0.00207,-0.00046
moon,2030-11-22,24,gha,402.80547,173.52724,-0.05680,-0.00061,0.00004,0.00000
moon,2030-11-22,24,dec,-11.95179,-2.27091,0.03407,0.00195,0.00002,-0.00000
moon,2030-11-22,24,hp,59.61073,0.44351,-0.00797,-0.00051
moon,2030-11-23,24,gha,389.39225,173.05769,-0.05896,0.00033,0.00007,0.00000
moon,2030-11-23,24,dec,-16.14414,-1.90089,0.05869,0.00210,-0.00000,-0.00000
moon,2030-11-23,24,hp,60.41474,0.35550,-0.01395,-0.00047
moon,2030-11-24,24,gha,375.06336,172.62300,-0.04744,0.00162,0.00008,-0.00000
moon,2030-11-24,24,dec,-19.39913,-1.33433,0.08235,0.00175,-0.00004,-0.00000
moon,2030-11-24,24,hp,60.99794,0.22373,-0.01871,-0.00031
moon,2030-11-25,24,gha,360.00614,172.34195,-0.02091,0.00270,0.00004,-0.00000
moon,2030-11-25,24,dec,-21.35201,-0.60521,0.09829,0.00082,-0.00007,-0.00000
moon,2030-11-25,24,hp,61.28688,0.06333,-0.02096,-0.00006
moon,2030-11-26,24,gha,344.63060,172.31131,0.01350,0.00285,-0.00003,-0.00000
moon,2030-11-26,24,dec,-21.75982,0.19938,0.10066,-0.00043,-0.00008,0.00000
moon,2030-11-26,24,hp,61.24690,-0.10255,-0.02005,0.00020
moon,2030-11-27,24,gha,329.46091,172.54363,0.04296,0.00193,-0.00008,-0.00000
moon,2030-11-27,24,dec,-20.58592,0.96464,0.08885,-0.00146,-0.00005,0.00000
moon,2030-11-27,24,hp,60.89176,-0.24949,-0.01634,0.00040
moon,2030-11-28,24,gha,314.94965,172.95786,0.05826,0.00061,-0.00008,0.00000
moon,2030-11-28,24,dec,-18.00879,1.59499,0.06793,-0.00193,-0.00001,0.00000
moon,2030-11-28,24,hp,60.27851,-0.35926,-0.01096,0.00048
moon,2030-11-29,24,gha,301.34085,173.43380,0.05887,-0.00044,-0.00005,0.00000
moon,2030-11-29,24,dec,-14.34939,2.04496,0.04464,-0.00189,0.00001,0.00000
moon,2030-11-29,24,hp,59.49054,-0.42395,-0.00526,0.00046
moon,2030-11-30,24,gha,288.65431,173.87195,0.04966,-0.00102,-0.00002,0.00000
moon,2030-11-30,24,dec,-9.97107,2.31579,0.02358,-0.00160,0.00002,0.00000
moon,2030-11-30,24,hp,58.61694,-0.44550,-0.00029,0.00037
moon,2030-12-01,24,gha,276.75356,174.21586,0.03597,-0.00122,-0.00000,0.00000
moon,2030-12-01,24,dec,-5.20767,2.43327,0.00636,-0.00128,0.00002,-0.00000
moon,2030-12-01,24,hp,57.73617,-0.43218,0.00342,0.00025
moon,2030-12-02,24,gha,265.42671,174.44513,0.02139,-0.00119,0.00001,0.00000
moon,2030-12-02,24,dec,-0.33537,2.42762,-0.00733,-0.00102,0.00001,-0.00000
moon,2030-12-02,24,hp,56.90734,-0.39469,0.00577,0.00014
moon,2030-12-03,24,gha,254.44437,174.56128,0.00790,-0.00104,0.00001,0.00000
moon,2030-12-03,24,dec,4.42456,2.32296,-0.01856,-0.00086,0.00001,-0.00000
moon,2030-12-03,24,hp,56.16844,-0.34322,0.00695,0.00006
moon,2030-12-04,24,gha,243.59290,174.57786,-0.00336,-0.00082,0.00002,0.00000
moon,2030-12-04,24,dec,8.89042,2.13475,-0.02835,-0.00078,0.00000,-0.00000
moon,2030-12-04,24,hp,55.53901,-0.28596,0.00726,-0.00000
moon,2030-12-05,24,gha,232.69378,174.51620,-0.01154,-0.00053,0.00002,0.00000
moon,2030-12-05,24,dec,12.90424,1.87156,-0.03736,-0.00073,0.00000,0.00000
moon,2030-12-05,24,hp,55.02462,-0.22865,0.00701,-0.00004
moon,2030-12-06,24,gha,221.61786,174.40433,-0.01580,-0.00017,0.00002,0.00000
moon,2030-12-06,24,dec,16.32151,1.53873,-0.04573,-0.00066,0.00001,0.00000
moon,2030-12-06,24,hp,54.62178,-0.17465,0.00647,-0.00005
moon,2030-12-07,24,gha,210.29823,174.27625,-0.01554,0.00022,0.00002,-0.00000
moon,2030-12-07,24,dec,19.00910,1.14275,-0.05306,-0.00055,0.00001,0.00000
moon,2030-12-07,24,hp,54.32235,-0.12527,0.00588,-0.00005
moon,2030-12-08,24,gha,198.73901,174.16848,-0.01081,0.00056,0.00002,-0.00000
moon,2030-12-08,24,dec,20.85148,0.69506,-0.05853,-0.00035,0.00001,0.00000
moon,2030-12-08,24,hp,54.11728,-0.08019,0.00542,-0.00003
moon,2030-12-09,24,gha,187.01355,174.11277,-0.00278,0.00075,0.00001,-0.00000
moon,2030-12-09,24,dec,21.76284,0.21400,-0.06128,-0.00010,0.00002,0.00000
moon,2030-12-09,24,hp,53.99941,-0.03786,0.00520,-0.00001
moon,2030-12-10,24,gha,175.24570,174.12694,0.00628,0.00072,-0.00001,-0.00000
moon,2030-12-10,24,dec,21.70020,-0.27623,-0.06079,0.00018,0.00002,-0.00000
moon,2030-12-10,24,hp,53.96541,0.00394,0.00529,0.00002
moon,2030-12-11,24,gha,523.57507,174.20867,0.01374,0.00049,-0.00002,-0.00000
moon,2030-12-11,24,dec,20.67121,-0.74973,-0.05716,0.00042,0.00001,-0.00000
moon,2030-12-11,24,hp,54.01669,0.04767,0.00568,0.00004
moon,2030-12-12,24,gha,512.11700,174.33647,0.01758,0.00014,-0.00002,-0.00000
moon,2030-12-12,24,dec,18.73250,-1.18392,-0.05109,0.00058,0.00001,-0.00000
moon,2030-12-12,24,hp,54.15934,0.09550,0.00630,0.00006
moon,2030-12-13,24,gha,500.93114,174.47712,0.01692,-0.00024,-0.00002,0.00000
moon,2030-12-13,24,dec,15.97927,-1.56299,-0.04352,0.00067,0.00000,-0.00000
moon,2030-12-13,24,hp,54.40304,0.14881,0.00703,0.00006
moon,2030-12-14,24,gha,490.00721,174.59477,0.01191,-0.00058,-0.00002,0.00000
moon,2030-12-14,24,dec,12.53118,-1.87817,-0.03521,0.00071,0.00000,-0.00000
moon,2030-12-14,24,hp,54.75912,0.20782,0.00770,0.00005
moon,2030-12-15,24,gha,479.26648,174.65727,0.00324,-0.00085,-0.00001,0.00000
moon,2030-12-15,24,dec,8.52052,-2.12522,-0.02649,0.00074,0.00000,0.00000
moon,2030-12-15,24,hp,55.23777,0.27115,0.00807,0.00001
moon,2030-12-16,24,gha,468.57190,174.63854,-0.00829,-0.00106,-0.00001,0.00000
moon,2030-12-16,24,dec,4.08713,-2.30040,-0.01717,0.00082,0.00001,0.00000
moon,2030-12-16,24,hp,55.84450,0.33544,0.00790,-0.00005
moon,2030-12-17,24,gha,457.74055,174.51876,-0.02190,-0.00120,-0.00001,0.00000
moon,2030-12-17,24,dec,-0.61841,-2.39628,-0.00653,0.00097,0.00001,0.00000
moon,2030-12-17,24,hp,56.57588,0.39507,0.00686,-0.00013
moon,2030-12-18,24,gha,446.55658,174.28502,-0.03659,-0.00123,0.00000,0.00000
moon,2030-12-18,24,dec,-5.42369,-2.39815,0.00650,0.00122,0.00002,0.00000
moon,2030-12-18,24,hp,57.41469,0.44191,0.00466,-0.00024
moon,2030-12-19,24,gha,434.78868,173.93546,-0.05049,-0.00105,0.00002,0.00000
moon,2030-12-19,24,dec,-10.11787,-2.28224,0.02305,0.00155,0.00002,-0.00000
moon,2030-12-19,24,hp,58.32523,0.46564,0.00106,-0.00036
moon,2030-12-20,24,gha,422.22123,173.48897,-0.06017,-0.00050,0.00005,0.00000
moon,2030-12-20,24,dec,-14.43514,-2.01791,0.04357,0.00186,0.00001,-0.00000
moon,2030-12-20,24,hp,59.25003,0.45501,-0.00390,-0.00046
moon,2030-12-21,24,gha,408.71003,172.99963,-0.06035,0.00054,0.00008,0.00000
moon,2030-12-21,24,dec,-18.04988,-1.57755,0.06666,0.00193,-0.00001,-0.00000
moon,2030-12-21,24,hp,60.11047,0.40050,-0.00980,-0.00051
moon,2030-12-22,24,gha,394.26272,172.56506,-0.04594,0.00187,0.00008,-0.00000
moon,2030-12-22,24,dec,-20.60152,-0.95632,0.08792,0.00152,-0.00005,-0.00000
moon,2030-12-22,24,hp,60.81415,0.29831,-0.01564,-0.00045
moon,2030-12-23,24,gha,379.11012,172.30657,-0.01697,0.00284,0.00003,-0.00000
moon,2030-12-23,24,dec,-21.76375,-0.19531,0.10057,0.00051,-0.00008,-0.00000
moon,2030-12-23,24,hp,61.27052,0.15439,-0.02002,-0.00027
moon,2030-12-24,24,gha,363.69797,172.31036,0.01778,0.00277,-0.00004,-0.00000
moon,2030-12-24,24,dec,-21.34545,0.61241,0.09913,-0.00075,-0.00008,0.00000
moon,2030-12-24,24,hp,61.41206,-0.01422,-0.02166,0.00000
moon,2030-12-25,24,gha,348.55540,172.57005,0.04527,0.00171,-0.00008,-0.00000
moon,2030-12-25,24,dec,-19.36958,1.35054,0.08367,-0.00174,-0.00004,0.00000
moon,2030-12-25,24,hp,61.21364,-0.18280,-0.02001,0.00027
moon,2030-12-26,24,gha,334.10658,172.99154,0.05779,0.00040,-0.00008,0.00000
moon,2030-12-26,24,dec,-16.07173,1.92741,0.05986,-0.00213,-0.00001,0.00000
moon,2030-12-26,24,hp,60.70073,-0.32639,-0.01556,0.00046
moon,2030-12-27,24,gha,320.55402,173.45460,0.05628,-0.00057,-0.00004,0.00000
moon,2030-12-27,24,dec,-11.81877,2.30448,0.03462,-0.00202,0.00002,0.00000
moon,2030-12-27,24,hp,59.94195,-0.42739,-0.00958,0.00052
moon,2030-12-28,24,gha,307.88472,173.86757,0.04611,-0.00106,-0.00002,0.00000
moon,2030-12-28,24,dec,-7.00546,2.49038,0.01249,-0.00166,0.00002,0.00000
moon,2030-12-28,24,hp,59.03020,-0.47927,-0.00347,0.00048
moon,2030-12-29,24,gha,295.94616,174.18239,0.03236,-0.00119,-0.00000,0.00000
moon,2030-12-29,24,dec,-1.98292,2.51757,-0.00502,-0.00127,0.00002,-0.00000
moon,2030-12-29,24,hp,58.06113,-0.48546,0.00174,0.00038
moon,2030-12-30,24,gha,284.52490,174.38463,0.01831,-0.00113,0.00001,0.00000
moon,2030-12-30,24,dec,2.96765,2.42189,-0.01837,-0.00097,0.00002,-0.00000
moon,2030-12-30,24,hp,57.11709,-0.45539,0.00556,0.00026
moon,2030-12-31,24,gha,273.39967,174.47966,0.00575,-0.00095,0.00001,0.00000
moon,2030-12-31,24,dec,7.63017,2.23199,-0.02876,-0.00078,0.00001,-0.00000
moon,2030-12-31,24,hp,56.25921,-0.40049,0.00797,0.00015
moon,2031-01-01,24,gha,262.37152,174.48383,-0.00427,-0.00071,0.00002,0.00000
moon,2031-01-01,24,dec,11.83613,1.96683,-0.03733,-0.00066,0.00001,-0.00000
moon,2031-01-01,24,hp,55.52635,-0.33139,0.00915,0.00006
moon,2031-01-02,24,gha,251.28173,174.42082,-0.01093,-0.00039,0.00002,0.00000
moon,2031-01-02,24,dec,15.44686,1.63765,-0.04483,-0.00059,0.00000,0.00000
moon,2031-01-02,24,hp,54.93802,-0.25672,0.00940,-0.00001
moon,2031-01-03,24,gha,240.02512,174.32038,-0.01355,-0.00004,0.00002,-0.00000
moon,2031-01-03,24,dec,18.34202,1.25200,-0.05144,-0.00051,0.00001,0.00000
moon,2031-01-03,24,hp,54.49887,-0.18276,0.00901,-0.00005
moon,2031-01-04,24,gha,228.56045,174.21639,-0.01182,0.00032,0.00002,-0.00000
moon,2031-01-04,24,dec,20.41663,0.81812,-0.05681,-0.00038,0.00001,0.00000
moon,2031-01-04,24,hp,54.20311,-0.11365,0.00822,-0.00008
moon,2031-01-05,24,gha,216.91437,174.14218,-0.00625,0.00059,0.00001,-0.00000
moon,2031-01-05,24,dec,21.58621,0.34859,-0.06024,-0.00018,0.00001,0.00000
moon,2031-01-05,24,hp,54.03859,-0.05169,0.00725,-0.00008
moon,2031-01-06,24,gha,205.17287,174.12289,0.00161,0.00069,0.00000,-0.00000
moon,2031-01-06,24,dec,21.79732,-0.13812,-0.06101,0.00006,0.00002,0.00000
moon,2031-01-06,24,hp,53.99009,0.00237,0.00627,-0.00008
moon,2031-01-07,24,gha,193.45713,174.16794,0.00948,0.00059,-0.00001,-0.00000
moon,2031-01-07,24,dec,21.03832,-0.61900,-0.05876,0.00031,0.00002,-0.00000
moon,2031-01-07,24,hp,54.04221,0.04904,0.00543,-0.00006
moon,2031-01-08,24,gha,181.88843,174.26804,0.01508,0.00033,-0.00002,-0.00000
moon,2031-01-08,24,dec,19.34486,-1.07020,-0.05366,0.00053,0.00001,-0.00000
moon,2031-01-08,24,hp,54.18164,0.08988,0.00482,-0.00004
moon,2031-01-09,24,gha,530.55355,174.39865,0.01697,-0.00002,-0.00002,0.00000
moon,2031-01-09,24,dec,16.79738,-1.47116,-0.04632,0.00068,0.00001,-0.00000
moon,2031-01-09,24,hp,54.39884,0.12708,0.00452,-0.00001
moon,2031-01-10,24,gha,519.48181,174.52773,0.01471,-0.00035,-0.00002,0.00000
moon,2031-01-10,24,dec,13.51172,-1.80717,-0.03753,0.00077,0.00000,-0.00000
moon,2031-01-10,24,hp,54.68899,0.16306,0.00452,0.00001
moon,2031-01-11,24,gha,508.63789,174.62331,0.00868,-0.00064,-0.00002,0.00000
moon,2031-01-11,24,dec,9.62721,-2.06933,-0.02792,0.00082,0.00000,-0.00000
moon,2031-01-11,24,hp,55.05183,0.19996,0.00473,0.00002
moon,2031-01-12,24,gha,497.92672,174.65793,-0.00042,-0.00087,-0.00001,0.00000
moon,2031-01-12,24,dec,5.29701,-2.25243,-0.01778,0.00087,0.00000,0.00000
moon,2031-01-12,24,hp,55.49051,0.23897,0.00502,0.00002
moon,2031-01-13,24,gha,487.20427,174.61011,-0.01182,-0.00102,-0.00001,0.00000
moon,2031-01-13,24,dec,0.68370,-2.35187,-0.00696,0.00094,0.00001,0.00000
moon,2031-01-13,24,hp,56.00919,0.27984,0.00516,-0.00000
moon,2031-01-14,24,gha,476.28977,174.46466,-0.02469,-0.00111,-0.00000,0.00000
moon,2031-01-14,24,dec,-4.03858,-2.36041,0.00505,0.00107,0.00001,0.00000
moon,2031-01-14,24,hp,56.60963,0.32036,0.00489,-0.00005
moon,2031-01-15,24,gha,464.97971,174.21432,-0.03782,-0.00106,0.00001,0.00000
moon,2031-01-15,24,dec,-8.67628,-2.26569,0.01897,0.00126,0.00001,0.00000
moon,2031-01-15,24,hp,57.28682,0.35600,0.00390,-0.00012
moon,2031-01-16,24,gha,453.06820,173.86474,-0.04910,-0.00078,0.00003,0.00000
moon,2031-01-16,24,dec,-13.00531,-2.04962,0.03544,0.00148,0.00001,-0.00000
moon,2031-01-16,24,hp,58.02434,0.37986,0.00191,-0.00021
moon,2031-01-17,24,gha,440.38172,173.44377,-0.05506,-0.00015,0.00005,0.00000
moon,2031-01-17,24,dec,-16.76246,-1.69180,0.05429,0.00164,0.00000,-0.00000
moon,2031-01-17,24,hp,58.79003,0.38320,-0.00125,-0.00031
moon,2031-01-18,24,gha,426.83387,173.01149,-0.05129,0.00083,0.00007,0.00000
moon,2031-01-18,24,dec,-19.64970,-1.17924,0.07369,0.00154,-0.00002,-0.00000
moon,2031-01-18,24,hp,59.53360,0.35683,-0.00548,-0.00039
moon,2031-01-19,24,gha,412.49108,172.65943,-0.03486,0.00188,0.00006,-0.00000
moon,2031-01-19,24,dec,-21.36491,-0.52273,0.08953,0.00102,-0.00005,-0.00000
moon,2031-01-19,24,hp,60.18816,0.29367,-0.01034,-0.00041
moon,2031-01-20,24,gha,397.61158,172.48343,-0.00813,0.00245,0.00001,-0.00000
moon,2031-01-20,24,dec,-21.66547,0.22803,0.09651,0.00009,-0.00007,-0.00000
moon,2031-01-20,24,hp,60.67774,0.19208,-0.01493,-0.00034
moon,2031-01-21,24,gha,382.60559,172.53438,0.02033,0.00215,-0.00004,-0.00000
moon,2031-01-21,24,dec,-20.44692,0.98602,0.09112,-0.00097,-0.00006,0.00000
moon,2031-01-21,24,hp,60.93126,0.05880,-0.01810,-0.00017
moon,2031-01-22,24,gha,367.90849,172.78561,0.04079,0.00120,-0.00007,-0.00000
moon,2031-01-22,24,dec,-17.79366,1.65315,0.07427,-0.00177,-0.00004,0.00000
moon,2031-01-22,24,hp,60.90009,-0.09060,-0.01885,0.00005
moon,2031-01-23,24,gha,353.83863,173.15116,0.04877,0.00016,-0.00006,0.00000
moon,2031-01-23,24,dec,-13.96543,2.15542,0.05074,-0.00208,-0.00001,0.00000
moon,2031-01-23,24,hp,60.57282,-0.23501,-0.01686,0.00027
moon,2031-01-24,24,gha,340.52735,173.53517,0.04596,-0.00057,-0.00003,0.00000
moon,2031-01-24,24,dec,-9.32745,2.46195,0.02607,-0.00198,0.00002,0.00000
moon,2031-01-24,24,hp,59.98032,-0.35393,-0.01261,0.00042
moon,2031-01-25,24,gha,327.93851,173.86824,0.03669,-0.00092,-0.00001,0.00000
moon,2031-01-25,24,dec,-4.26689,2.58028,0.00408,-0.00166,0.00002,0.00000
moon,2031-01-25,24,hp,59.18855,-0.43327,-0.00714,0.00047
moon,2031-01-26,24,gha,315.93188,174.11532,0.02494,-0.00100,0.00000,0.00000
moon,2031-01-26,24,dec,0.86756,2.53939,-0.01365,-0.00129,0.00002,-0.00000
moon,2031-01-26,24,hp,58.28262,-0.46804,-0.00161,0.00044
moon,2031-01-27,24,gha,304.32464,174.26774,0.01332,-0.00092,0.00001,0.00000
moon,2031-01-27,24,dec,5.79193,2.37368,-0.02722,-0.00098,0.00002,-0.00000
moon,2031-01-27,24,hp,57.34928,-0.46134,0.00313,0.00035
moon,2031-01-28,24,gha,292.93386,174.33319,0.00337,-0.00073,0.00001,0.00000
moon,2031-01-28,24,dec,10.28743,2.11327,-0.03748,-0.00074,0.00001,-0.00000
moon,2031-01-28,24,hp,56.46368,-0.42128,0.00670,0.00024
moon,2031-01-29,24,gha,281.60237,174.32923,-0.00392,-0.00048,0.00002,0.00000
moon,2031-01-29,24,dec,14.18800,1.78073,-0.04538,-0.00058,0.00001,-0.00000
moon,2031-01-29,24,hp,55.68271,-0.35776,0.00901,0.00014
moon,2031-01-30,24,gha,270.21474,174.27982,-0.00791,-0.00018,0.00002,0.00000
moon,2031-01-30,24,dec,17.36593,1.39203,-0.05158,-0.00046,0.00001,-0.00000
moon,2031-01-30,24,hp,55.04369,-0.28025,0.01022,0.00006
moon,2031-01-31,24,gha,258.70778,174.21292,-0.00828,0.00012,0.00002,-0.00000
moon,2031-01-31,24,dec,19.72148,0.95956,-0.05632,-0.00033,0.00001,0.00000
moon,2031-01-31,24,hp,54.56642,-0.19675,0.01054,-0.00000
moon,2031-02-01,24,gha,247.07510,174.15692,-0.00528,0.00037,0.00001,-0.00000
moon,2031-02-01,24,dec,21.17916,0.49552,-0.05943,-0.00018,0.00001,0.00000
moon,2031-02-01,24,hp,54.25642,-0.11355,0.01018,-0.00005
moon,2031-02-02,24,gha,235.36283,174.13532,0.00011,0.00051,0.00000,-0.00000
moon,2031-02-02,24,dec,21.69001,0.01442,-0.06052,0.00000,0.00001,0.00000
moon,2031-02-02,24,hp,54.10826,-0.03534,0.00932,-0.00009
moon,2031-02-03,24,gha,223.65388,174.16085,0.00624,0.00049,-0.00001,-0.00000
moon,2031-02-03,24,dec,21.23721,-0.46616,-0.05926,0.00021,0.00001,-0.00000
moon,2031-02-03,24,hp,54.10846,0.03453,0.00811,-0.00011
moon,2031-02-04,24,gha,212.04250,174.23196,0.01125,0.00033,-0.00001,-0.00000
moon,2031-02-04,24,dec,19.84125,-0.92668,-0.05552,0.00041,0.00001,-0.00000
moon,2031-02-04,24,hp,54.23807,0.09392,0.00671,-0.00012
moon,2031-02-05,24,gha,200.60596,174.33355,0.01370,0.00007,-0.00002,-0.00000
moon,2031-02-05,24,dec,17.56167,-1.34786,-0.04947,0.00059,0.00001,-0.00000
moon,2031-02-05,24,hp,54.47502,0.14182,0.00526,-0.00012
moon,2031-02-06,24,gha,189.38197,174.44176,0.01286,-0.00021,-0.00002,0.00000
moon,2031-02-06,24,dec,14.49448,-1.71267,-0.04148,0.00073,0.00001,-0.00000
moon,2031-02-06,24,hp,54.79633,0.17835,0.00390,-0.00011
moon,2031-02-07,24,gha,178.35712,174.52995,0.00873,-0.00047,-0.00001,0.00000
moon,2031-02-07,24,dec,10.76657,-2.00731,-0.03198,0.00085,0.00001,-0.00000
moon,2031-02-07,24,hp,55.18039,0.20475,0.00274,-0.00008
moon,2031-02-08,24,gha,527.46636,174.57349,0.00178,-0.00068,-0.00001,0.00000
moon,2031-02-08,24,dec,6.52937,-2.22096,-0.02127,0.00094,0.00001,-0.00000
moon,2031-02-08,24,hp,55.60895,0.22311,0.00189,-0.00006
moon,2031-02-09,24,gha,516.59977,174.55232,-0.00734,-0.00083,-0.00001,0.00000
moon,2031-02-09,24,dec,1.95393,-2.34468,-0.00951,0.00102,0.00001,0.00000
moon,2031-02-09,24,hp,56.06849,0.23599,0.00137,-0.00003
moon,2031-02-10,24,gha,505.61305,174.45221,-0.01782,-0.00091,-0.00000,0.00000
moon,2031-02-10,24,dec,-2.77147,-2.37000,0.00334,0.00112,0.00001,0.00000
moon,2031-02-10,24,hp,56.55051,0.24581,0.00111,-0.00001
moon,2031-02-11,24,gha,494.34047,174.26620,-0.02863,-0.00087,0.00001,0.00000
moon,2031-02-11,24,dec,-7.44085,-2.28764,0.01744,0.00123,0.00001,0.00000
moon,2031-02-11,24,hp,57.05048,0.25402,0.00094,-0.00002
moon,2031-02-12,24,gha,482.61241,173.99780,-0.03813,-0.00068,0.00002,0.00000
moon,2031-02-12,24,dec,-11.82846,-2.08709,0.03289,0.00134,0.00001,-0.00000
moon,2031-02-12,24,hp,57.56526,0.26052,0.00064,-0.00004
moon,2031-02-13,24,gha,470.28162,173.66654,-0.04393,-0.00025,0.00004,0.00000
moon,2031-02-13,24,dec,-15.68759,-1.75826,0.04942,0.00140,0.00000,-0.00000
moon,2031-02-13,24,hp,58.08948,0.26312,-0.00007,-0.00008
moon,2031-02-14,24,gha,457.26133,173.31389,-0.04304,0.00043,0.00005,0.00000
moon,2031-02-14,24,dec,-18.75605,-1.29647,0.06588,0.00131,-0.00001,-0.00000
moon,2031-02-14,24,hp,58.61134,0.25762,-0.00141,-0.00014
moon,2031-02-15,24,gha,443.57054,173.00354,-0.03318,0.00121,0.00005,-0.00000
moon,2031-02-15,24,dec,-20.77537,-0.71117,0.07986,0.00097,-0.00003,-0.00000
moon,2031-02-15,24,hp,59.10907,0.23837,-0.00351,-0.00021
moon,2031-02-16,24,gha,429.36589,172.80702,-0.01498,0.00176,0.00002,-0.00000
moon,2031-02-16,24,dec,-21.52858,-0.03519,0.08805,0.00035,-0.00005,-0.00000
moon,2031-02-16,24,hp,59.54933,0.19960,-0.00626,-0.00025
moon,2031-02-17,24,gha,414.92889,172.77418,0.00679,0.00177,-0.00002,-0.00000
moon,2031-02-17,24,dec,-20.89053,0.67286,0.08758,-0.00044,-0.00005,0.00000
moon,2031-02-17,24,hp,59.88887,0.13740,-0.00929,-0.00025
moon,2031-02-18,24,gha,400.59380,172.90618,0.02527,0.00124,-0.00004,-0.00000
moon,2031-02-18,24,dec,-18.87017,1.33927,0.07773,-0.00118,-0.00004,0.00000
moon,2031-02-18,24,hp,60.08043,0.05191,-0.01198,-0.00019
moon,2031-02-19,24,gha,386.64639,173.15500,0.03558,0.00047,-0.00005,0.00000
moon,2031-02-19,24,dec,-15.62119,1.89524,0.06040,-0.00167,-0.00002,0.00000
moon,2031-02-19,24,hp,60.08254,-0.05115,-0.01358,-0.00007
moon,2031-02-20,24,gha,373.25028,173.45005,0.03700,-0.00020,-0.00003,0.00000
moon,2031-02-20,24,dec,-11.41385,2.29426,0.03903,-0.00185,-0.00000,0.00000
moon,2031-02-20,24,hp,59.87069,-0.16065,-0.01353,0.00008
moon,2031-02-21,24,gha,360.43307,173.72843,0.03186,-0.00061,-0.00002,0.00000
moon,2031-02-21,24,dec,-6.58322,2.51802,0.01703,-0.00178,0.00001,0.00000
moon,2031-02-21,24,hp,59.44610,-0.26237,-0.01165,0.00023
moon,2031-02-22,24,gha,348.11888,173.95022,0.02330,-0.00078,-0.00000,0.00000
moon,2031-02-22,24,dec,-1.47633,2.57205,-0.00313,-0.00156,0.00002,0.00000
moon,2031-02-22,24,hp,58.83820,-0.34271,-0.00826,0.00033
moon,2031-02-23,24,gha,336.17593,174.09902,0.01394,-0.00076,0.00001,0.00000
moon,2031-02-23,24,dec,3.58671,2.47678,-0.02018,-0.00128,0.00002,-0.00000
moon,2031-02-23,24,hp,58.09976,-0.39220,-0.00404,0.00037
moon,2031-02-24,24,gha,324.45802,174.17609,0.00558,-0.00062,0.00001,0.00000
moon,2031-02-24,24,dec,8.33376,2.25894,-0.03378,-0.00099,0.00002,-0.00000
moon,2031-02-24,24,hp,57.29683,-0.40712,0.00028,0.00035
moon,2031-02-25,24,gha,312.83373,174.19445,-0.00061,-0.00040,0.00002,0.00000
moon,2031-02-25,24,dec,12.54684,1.94551,-0.04414,-0.00074,0.00001,-0.00000
moon,2031-02-25,24,hp,56.49737,-0.38914,0.00412,0.00029
moon,2031-02-26,24,gha,301.20537,174.17441,-0.00395,-0.00015,0.00002,0.00000
moon,2031-02-26,24,dec,16.05933,1.56069,-0.05169,-0.00052,0.00001,-0.00000
moon,2031-02-26,24,hp,55.76214,-0.34356,0.00715,0.00021
moon,2031-02-27,24,gha,289.51997,174.13996,-0.00422,0.00010,0.00001,-0.00000
moon,2031-02-27,24,dec,18.74967,1.12539,-0.05680,-0.00033,0.00001,-0.00000
moon,2031-02-27,24,hp,55.13941,-0.27741,0.00926,0.00014
moon,2031-02-28,24,gha,277.77256,174.11469,-0.00175,0.00030,0.00001,-0.00000
moon,2031-02-28,24,dec,20.53563,0.65815,-0.05969,-0.00015,0.00001,-0.00000
moon,2031-02-28,24,hp,54.66307,-0.19791,0.01049,0.00007
moon,2031-03-01,24,gha,266.00068,174.11698,0.00249,0.00039,0.00000,-0.00000
moon,2031-03-01,24,dec,21.37071,0.17629,-0.06047,0.00002,0.00001,-0.00000
moon,2031-03-01,24,hp,54.35308,-0.11171,0.01095,0.00001
moon,2031-03-02,24,gha,254.26947,174.15569,0.00713,0.00036,-0.00001,-0.00000
moon,2031-03-02,24,dec,21.24246,-0.30348,-0.05919,0.00019,0.00001,-0.00000
moon,2031-03-02,24,hp,54.21690,-0.02466,0.01072,-0.00004
moon,2031-03-03,24,gha,242.65016,174.22797,0.01069,0.00022,-0.00001,-0.00000
moon,2031-03-03,24,dec,20.17105,-0.76526,-0.05599,0.00034,0.00001,-0.00000
moon,2031-03-03,24,hp,54.25112,0.05820,0.00991,-0.00009
moon,2031-03-04,24,gha,231.19745,174.32045,0.01205,0.00000,-0.00001,-0.00000
moon,2031-03-04,24,dec,18.20736,-1.19430,-0.05103,0.00048,0.00001,-0.00000
moon,2031-03-04,24,hp,54.44287,0.13244,0.00858,-0.00013
moon,2031-03-05,24,gha,219.93209,174.41304,0.01068,-0.00023,-0.00001,0.00000
moon,2031-03-05,24,dec,15.43044,-1.57715,-0.04446,0.00061,0.00001,-0.00000
moon,2031-03-05,24,hp,54.77106,0.19428,0.00682,-0.00016
moon,2031-03-06,24,gha,208.83210,174.48353,0.00656,-0.00045,-0.00001,0.00000
moon,2031-03-06,24,dec,11.94535,-1.90117,-0.03632,0.00074,0.00001,0.00000
moon,2031-03-06,24,hp,55.20771,0.24063,0.00473,-0.00018
moon,2031-03-07,24,gha,197.83231,174.51125,0.00006,-0.00063,-0.00001,0.00000
moon,2031-03-07,24,dec,7.88239,-2.15366,-0.02656,0.00088,0.00001,0.00000
moon,2031-03-07,24,hp,55.71974,0.26952,0.00248,-0.00019
moon,2031-03-08,24,gha,186.82982,174.47933,-0.00825,-0.00075,-0.00001,0.00000
moon,2031-03-08,24,dec,3.39803,-2.32110,-0.01504,0.00104,0.00001,0.00000
moon,2031-03-08,24,hp,56.27154,0.28043,0.00027,-0.00018
moon,2031-03-09,24,gha,175.69315,174.37619,-0.01762,-0.00080,-0.00000,0.00000
moon,2031-03-09,24,dec,-1.32321,-2.38897,-0.00165,0.00119,0.00001,-0.00000
moon,2031-03-09,24,hp,56.82822,0.27464,-0.00166,-0.00014
moon,2031-03-10,24,gha,524.27459,174.19744,-0.02697,-0.00074,0.00001,0.00000
moon,2031-03-10,24,dec,-6.06722,-2.34236,0.01356,0.00134,0.00001,-0.00000
moon,2031-03-10,24,hp,57.35927,0.25519,-0.00312,-0.00010
moon,2031-03-11,24,gha,512.42762,173.94910,-0.03474,-0.00052,0.00002,0.00000
moon,2031-03-11,24,dec,-10.59129,-2.16779,0.03025,0.00143,0.00000,-0.00000
moon,2031-03-11,24,hp,57.84157,0.22638,-0.00400,-0.00005
moon,2031-03-12,24,gha,500.03239,173.65232,-0.03872,-0.00011,0.00003,0.00000
moon,2031-03-12,24,dec,-14.62999,-1.85646,0.04757,0.00143,-0.00000,-0.00000
moon,2031-03-12,24,hp,58.26097,0.19275,-0.00434,-0.00001
moon,2031-03-13,24,gha,487.03009,173.34723,-0.03649,0.00050,0.00004,0.00000
moon,2031-03-13,24,dec,-17.90941,-1.40932,0.06392,0.00126,-0.00002,-0.00000
moon,2031-03-13,24,hp,58.61166,0.15795,-0.00433,0.00001
moon,2031-03-14,24,gha,473.45955,173.09050,-0.02657,0.00114,0.00004,-0.00000
moon,2031-03-14,24,dec,-20.17280,-0.84319,0.07694,0.00087,-0.00003,-0.00000
moon,2031-03-14,24,hp,58.89331,0.12379,-0.00423,0.00000
moon,2031-03-15,24,gha,459.47719,172.94089,-0.01013,0.00154,0.00001,-0.00000
moon,2031-03-15,24,dec,-21.21697,-0.19503,0.08408,0.00029,-0.00004,-0.00000
moon,2031-03-15,24,hp,59.10699,0.08982,-0.00431,-0.00002
moon,2031-03-16,24,gha,445.33731,172.93481,0.00851,0.00149,-0.00002,-0.00000
moon,2031-03-16,24,dec,-20.93129,0.48030,0.08359,-0.00037,-0.00004,0.00000
moon,2031-03-16,24,hp,59.25099,0.05381,-0.00475,-0.00005
moon,2031-03-17,24,gha,431.32670,173.06732,0.02377,0.00100,-0.00004,-0.00000
moon,2031-03-17,24,dec,-19.32348,1.12075,0.07550,-0.00095,-0.00003,0.00000
moon,2031-03-17,24,hp,59.31818,0.01270,-0.00557,-0.00008
moon,2031-03-18,24,gha,417.68186,173.29462,0.03190,0.00035,-0.00004,0.00000
moon,2031-03-18,24,dec,-16.51958,1.67145,0.06148,-0.00135,-0.00002,0.00000
moon,2031-03-18,24,hp,59.29585,-0.03589,-0.00658,-0.00008
moon,2031-03-19,24,gha,404.53213,173.55610,0.03246,-0.00023,-0.00003,0.00000
moon,2031-03-19,24,dec,-12.73893,2.09456,0.04395,-0.00154,-0.00001,0.00000
moon,2031-03-19,24,hp,59.16843,-0.09227,-0.00746,-0.00006
moon,2031-03-20,24,gha,391.89039,173.79788,0.02735,-0.00059,-0.00002,0.00000
moon,2031-03-20,24,dec,-8.25763,2.37101,0.02510,-0.00158,0.00000,0.00000
moon,2031-03-20,24,hp,58.92264,-0.15383,-0.00782,0.00000
moon,2031-03-21,24,gha,379.68018,173.98510,0.01920,-0.00074,-0.00000,0.00000
moon,2031-03-21,24,dec,-3.37424,2.49686,0.00649,-0.00151,0.00001,0.00000
moon,2031-03-21,24,hp,58.55337,-0.21505,-0.00735,0.00008
moon,2031-03-22,24,gha,367.77573,174.10305,0.01033,-0.00072,0.00001,0.00000
moon,2031-03-22,24,dec,1.61568,2.47864,-0.01080,-0.00137,0.00001,0.00000
moon,2031-03-22,24,hp,58.06848,-0.26864,-0.00591,0.00016
moon,2031-03-23,24,gha,356.03867,174.15335,0.00250,-0.00057,0.00001,0.00000
moon,2031-03-23,24,dec,6.43683,2.32977,-0.02609,-0.00118,0.00001,0.00000
moon,2031-03-23,24,hp,57.49065,-0.30729,-0.00364,0.00022
moon,2031-03-24,24,gha,344.34615,174.14949,-0.00306,-0.00034,0.00002,0.00000
moon,2031-03-24,24,dec,10.84553,2.06825,-0.03890,-0.00096,0.00001,0.00000
moon,2031-03-24,24,hp,56.85562,-0.32540,-0.00083,0.00025
moon,2031-03-25,24,gha,332.61090,174.11320,-0.00553,-0.00007,0.00002,0.00000
moon,2031-03-25,24,dec,14.63733,1.71519,-0.04894,-0.00071,0.00002,0.00000
moon,2031-03-25,24,hp,56.20761,-0.32013,0.00214,0.00024
moon,2031-03-26,24,gha,320.79383,174.07045,-0.00468,0.00020,0.00002,-0.00000
moon,2031-03-26,24,dec,17.65210,1.29370,-0.05599,-0.00046,0.00002,-0.00000
moon,2031-03-26,24,hp,55.59356,-0.29159,0.00494,0.00022
moon,2031-03-27,24,gha,308.90766,174.04647,-0.00097,0.00040,0.00001,-0.00000
moon,2031-03-27,24,dec,19.77707,0.82792,-0.06002,-0.00021,0.00002,-0.00000
moon,2031-03-27,24,hp,55.05773,-0.24225,0.00732,0.00018
moon,2031-03-28,24,gha,297.00934,174.05970,0.00440,0.00047,-0.00000,-0.00000
moon,2031-03-28,24,dec,20.94761,0.34169,-0.06114,0.00002,0.00001,-0.00000
moon,2031-03-28,24,hp,54.63789,-0.17607,0.00914,0.00013
moon,2031-03-29,24,gha,285.18134,174.11676,0.00974,0.00040,-0.00001,-0.00000
moon,2031-03-29,24,dec,21.14507,-0.14304,-0.05971,0.00021,0.00001,-0.00000
moon,2031-03-29,24,hp,54.36303,-0.09779,0.01034,0.00007
moon,2031-03-30,24,gha,273.50582,174.21081,0.01344,0.00021,-0.00001,-0.00000
moon,2031-03-30,24,dec,20.39121,-0.60795,-0.05627,0.00036,0.00001,-0.00000
moon,2031-03-30,24,hp,54.25239,-0.01237,0.01092,0.00002
moon,2031-03-31,24,gha,262.03984,174.32403,0.01442,-0.00005,-0.00002,0.00000
moon,2031-03-31,24,dec,18.74000,-1.03917,-0.05136,0.00046,0.00001,-0.00000
moon,2031-03-31,24,hp,54.31516,0.07508,0.01085,-0.00003
moon,2031-04-01,24,gha,250.79839,174.43276,0.01231,-0.00030,-0.00002,0.00000
moon,2031-04-01,24,dec,16.26908,-1.42678,-0.04540,0.00054,0.00000,0.00000
moon,2031-04-01,24,hp,54.55023,0.15939,0.01013,-0.00009
moon,2031-04-02,24,gha,239.74812,174.51278,0.00730,-0.00053,-0.00001,0.00000
moon,2031-04-02,24,dec,13.07360,-1.76295,-0.03850,0.00062,0.00001,0.00000
moon,2031-04-02,24,hp,54.94595,0.23515,0.00871,-0.00015
moon,2031-04-03,24,gha,228.80978,174.54268,-0.00013,-0.00070,-0.00001,0.00000
moon,2031-04-03,24,dec,9.26450,-2.03943,-0.03042,0.00073,0.00001,0.00000
moon,2031-04-03,24,hp,55.47962,0.29676,0.00659,-0.00021
moon,2031-04-04,24,gha,217.86572,174.50556,-0.00936,-0.00082,-0.00001,0.00000
moon,2031-04-04,24,dec,4.97192,-2.24505,-0.02070,0.00090,0.00001,0.00000
moon,2031-04-04,24,hp,56.11746,0.33876,0.00382,-0.00025
moon,2031-04-05,24,gha,206.76976,174.38991,-0.01964,-0.00087,-0.00000,0.00000
moon,2031-04-05,24,dec,0.35270,-2.36418,-0.00871,0.00111,0.00001,0.00000
moon,2031-04-05,24,hp,56.81544,0.35649,0.00056,-0.00029
moon,2031-04-06,24,gha,195.35957,174.19133,-0.02990,-0.00081,0.00001,0.00000
moon,2031-04-06,24,dec,-4.40040,-2.37665,0.00601,0.00135,0.00001,-0.00000
moon,2031-04-06,24,hp,57.52195,0.34715,-0.00289,-0.00028
moon,2031-04-07,24,gha,183.47426,173.91621,-0.03847,-0.00058,0.00002,0.00000
moon,2031-04-07,24,dec,-9.05172,-2.26010,0.02349,0.00155,0.00001,-0.00000
moon,2031-04-07,24,hp,58.18275,0.31099,-0.00608,-0.00024
moon,2031-04-08,24,gha,530.98186,173.58774,-0.04282,-0.00011,0.00004,0.00000
moon,2031-04-08,24,dec,-13.32344,-1.99548,0.04282,0.00164,-0.00000,-0.00000
moon,2031-04-08,24,hp,58.74784,0.25206,-0.00852,-0.00016
moon,2031-04-09,24,gha,517.81866,173.25137,-0.04003,0.00060,0.00005,0.00000
moon,2031-04-09,24,dec,-16.91048,-1.57565,0.06188,0.00149,-0.00002,-0.00000
moon,2031-04-09,24,hp,59.17890,0.17789,-0.00984,-0.00006
moon,2031-04-10,24,gha,504.03315,172.97296,-0.02824,0.00135,0.00004,-0.00000
moon,2031-04-10,24,dec,-19.51445,-1.01537,0.07740,0.00104,-0.00004,-0.00000
moon,2031-04-10,24,hp,59.45493,0.09805,-0.00994,0.00004
moon,2031-04-11,24,gha,489.81127,172.82135,-0.00885,0.00181,0.00001,-0.00000
moon,2031-04-11,24,dec,-20.89416,-0.35724,0.08590,0.00034,-0.00005,-0.00000
moon,2031-04-11,24,hp,59.57395,0.02177,-0.00900,0.00011
moon,2031-04-12,24,gha,475.45224,172.83768,0.01274,0.00170,-0.00003,-0.00000
moon,2031-04-12,24,dec,-20.91770,0.33326,0.08538,-0.00042,-0.00004,0.00000
moon,2031-04-12,24,hp,59.55019,-0.04423,-0.00744,0.00014
moon,2031-04-13,24,gha,461.28778,173.01209,0.02978,0.00109,-0.00005,-0.00000
moon,2031-04-13,24,dec,-19.59207,0.98491,0.07647,-0.00103,-0.00003,0.00000
moon,2031-04-13,24,hp,59.40765,-0.09689,-0.00574,0.00014
moon,2031-04-14,24,gha,447.58207,173.28911,0.03810,0.00030,-0.00005,0.00000
moon,2031-04-14,24,dec,-17.05439,1.54057,0.06186,-0.00136,-0.00001,0.00000
moon,2031-04-14,24,hp,59.17279,-0.13675,-0.00428,0.00010
moon,2031-04-15,24,gha,434.46812,173.59652,0.03762,-0.00034,-0.00003,0.00000
moon,2031-04-15,24,dec,-13.53200,1.96750,0.04470,-0.00147,-0.00000,0.00000
moon,2031-04-15,24,hp,58.86850,-0.16670,-0.00327,0.00006
moon,2031-04-16,24,gha,421.94366,173.87340,0.03092,-0.00073,-0.00002,0.00000
moon,2031-04-16,24,dec,-9.29500,2.25493,0.02722,-0.00143,0.00000,0.00000
moon,2031-04-16,24,hp,58.51093,-0.19040,-0.00271,0.00003
moon,2031-04-17,24,gha,409.90758,174.08226,0.02104,-0.00088,-0.00000,0.00000
moon,2031-04-17,24,dec,-4.62082,2.40535,0.01053,-0.00135,0.00001,0.00000
moon,2031-04-17,24,hp,58.10950,-0.21079,-0.00242,0.00002
moon,2031-04-18,24,gha,398.20677,174.20811,0.01047,-0.00086,0.00001,0.00000
moon,2031-04-18,24,dec,0.22417,2.42667,-0.00503,-0.00125,0.00001,0.00000
moon,2031-04-18,24,hp,57.66932,-0.22917,-0.00216,0.00003
moon,2031-04-19,24,gha,386.67579,174.25301,0.00102,-0.00070,0.00001,0.00000
moon,2031-04-19,24,dec,4.99105,2.32823,-0.01940,-0.00114,0.00001,0.00000
moon,2031-04-19,24,hp,57.19492,-0.24485,-0.00171,0.00005
moon,2031-04-20,24,gha,375.16600,174.23135,-0.00599,-0.00045,0.00002,0.00000
moon,2031-04-20,24,dec,9.45027,2.12016,-0.03240,-0.00102,0.00001,0.00000
moon,2031-04-20,24,hp,56.69391,-0.25548,-0.00089,0.00009
moon,2031-04-21,24,gha,363.56722,174.16689,-0.00956,-0.00013,0.00002,0.00000
moon,2031-04-21,24,dec,13.39455,1.81472,-0.04366,-0.00085,0.00001,0.00000
moon,2031-04-21,24,hp,56.17956,-0.25784,0.00036,0.00012
moon,2031-04-22,24,gha,351.82351,174.08978,-0.00912,0.00021,0.00002,-0.00000
moon,2031-04-22,24,dec,16.64483,1.42810,-0.05261,-0.00063,0.00002,0.00000
moon,2031-04-22,24,hp,55.67161,-0.24877,0.00196,0.00015
moon,2031-04-23,24,gha,339.94159,174.03185,-0.00487,0.00049,0.00001,-0.00000
moon,2031-04-23,24,dec,19.05932,0.98139,-0.05861,-0.00036,0.00002,0.00000
moon,2031-04-23,24,hp,55.19542,-0.22591,0.00378,0.00016
moon,2031-04-24,24,gha,327.98710,174.01939,0.00200,0.00063,0.00000,-0.00000
moon,2031-04-24,24,dec,20.54282,0.49990,-0.06127,-0.00008,0.00002,-0.00000
moon,2031-04-24,24,hp,54.77976,-0.18819,0.00565,0.00015
moon,2031-04-25,24,gha,316.06578,174.06551,0.00945,0.00058,-0.00001,-0.00000
moon,2031-04-25,24,dec,21.05264,0.01045,-0.06064,0.00018,0.00001,-0.00000
moon,2031-04-25,24,hp,54.45419,-0.13593,0.00739,0.00014
moon,2031-04-26,24,gha,304.29240,174.16600,0.01530,0.00037,-0.00002,-0.00000
moon,2031-04-26,24,dec,20.59769,-0.46259,-0.05727,0.00037,0.00001,-0.00000
moon,2031-04-26,24,hp,54.24636,-0.07067,0.00888,0.00011
moon,2031-04-27,24,gha,292.75731,174.30112,0.01795,0.00006,-0.00002,-0.00000
moon,2031-04-27,24,dec,19.23011,-0.90062,-0.05202,0.00049,0.00001,-0.00000
moon,2031-04-27,24,hp,54.17977,0.00501,0.00998,0.00007
moon,2031-04-28,24,gha,281.50168,174.44228,0.01678,-0.00026,-0.00002,0.00000
moon,2031-04-28,24,dec,17.03221,-1.29203,-0.04573,0.00055,0.00000,-0.00000
moon,2031-04-28,24,hp,54.27193,0.08767,0.01061,0.00003
moon,2031-04-29,24,gha,270.50729,174.55933,0.01199,-0.00053,-0.00002,0.00000
moon,2031-04-29,24,dec,14.10366,-1.63084,-0.03892,0.00058,0.00000,0.00000
moon,2031-04-29,24,hp,54.53263,0.17306,0.01064,-0.00002
moon,2031-04-30,24,gha,259.69875,174.62563,0.00420,-0.00076,-0.00001,0.00000
moon,2031-04-30,24,dec,10.55328,-1.91350,-0.03167,0.00063,0.00000,0.00000
moon,2031-04-30,24,hp,54.96221,0.25596,0.00997,-0.00009
moon,2031-05-01,24,gha,248.95277,174.61998,-0.00589,-0.00092,-0.00001,0.00000
moon,2031-05-01,24,dec,6.49783,-2.13522,-0.02359,0.00073,0.00001,0.00000
moon,2031-05-01,24,hp,55.54958,0.33014,0.00844,-0.00017
moon,2031-05-02,24,gha,238.10933,174.52684,-0.01757,-0.00102,-0.00000,0.00000
moon,2031-05-02,24,dec,2.06803,-2.28654,-0.01394,0.00090,0.00001,0.00000
moon,2031-05-02,24,hp,56.27006,0.38826,0.00594,-0.00025
moon,2031-05-03,24,gha,226.98339,174.33691,-0.02993,-0.00103,0.00000,0.00000
moon,2031-05-03,24,dec,-2.57966,-2.35098,-0.00173,0.00115,0.00002,0.00000
moon,2031-05-03,24,hp,57.08364,0.42241,0.00245,-0.00033
moon,2031-05-04,24,gha,215.38000,174.05001,-0.04153,-0.00087,0.00002,0.00000
moon,2031-05-04,24,dec,-7.24828,-2.30466,0.01385,0.00145,0.00002,-0.00000
moon,2031-05-04,24,hp,57.93481,0.42516,-0.00186,-0.00038
moon,2031-05-05,24,gha,203.11864,173.68168,-0.04983,-0.00046,0.00004,0.00000
moon,2031-05-05,24,dec,-11.68823,-2.11937,0.03294,0.00172,0.00001,-0.00000
moon,2031-05-05,24,hp,58.75538,0.39148,-0.00657,-0.00039
moon,2031-05-06,24,gha,190.07400,173.27256,-0.05113,0.00030,0.00006,0.00000
moon,2031-05-06,24,dec,-15.59657,-1.77121,0.05423,0.00179,-0.00001,-0.00000
moon,2031-05-06,24,hp,59.47156,0.32105,-0.01093,-0.00033
moon,2031-05-07,24,gha,176.23288,172.89415,-0.04173,0.00129,0.00006,-0.00000
moon,2031-05-07,24,dec,-18.63959,-1.25504,0.07430,0.00149,-0.00003,-0.00000
moon,2031-05-07,24,hp,60.01522,0.21997,-0.01411,-0.00019
moon,2031-05-08,24,gha,521.74734,172.63769,-0.02092,0.00211,0.00004,-0.00000
moon,2031-05-08,24,dec,-20.50623,-0.59998,0.08819,0.00077,-0.00006,-0.00000
moon,2031-05-08,24,hp,60.33694,0.10065,-0.01542,-0.00002
moon,2031-05-09,24,gha,506.94005,172.57774,0.00624,0.00228,-0.00002,-0.00000
moon,2031-05-09,24,dec,-20.98297,0.12612,0.09163,-0.00020,-0.00006,0.00000
moon,2031-05-09,24,hp,60.41611,-0.02085,-0.01467,0.00014
moon,2031-05-10,24,gha,492.22673,172.72929,0.03057,0.00167,-0.00006,-0.00000
moon,2031-05-10,24,dec,-20.01657,0.83369,0.08376,-0.00106,-0.00004,0.00000
moon,2031-05-10,24,hp,60.26404,-0.12916,-0.01221,0.00026
moon,2031-05-11,24,gha,477.98177,173.03756,0.04473,0.00067,-0.00006,0.00000
moon,2031-05-11,24,dec,-17.72653,1.44291,0.06769,-0.00155,-0.00002,0.00000
moon,2031-05-11,24,hp,59.91850,-0.21352,-0.00880,0.00030
moon,2031-05-12,24,gha,464.42872,173.41138,0.04715,-0.00022,-0.00005,0.00000
moon,2031-05-12,24,dec,-14.36027,1.90704,0.04816,-0.00166,0.00000,0.00000
moon,2031-05-12,24,hp,59.43236,-0.26966,-0.00526,0.00028
moon,2031-05-13,24,gha,451.61245,173.76700,0.04078,-0.00078,-0.00002,0.00000
moon,2031-05-13,24,dec,-10.22285,2.21429,0.02887,-0.00154,0.00001,0.00000
moon,2031-05-13,24,hp,58.86099,-0.29917,-0.00222,0.00022
moon,2031-05-14,24,gha,439.43932,174.05062,0.02971,-0.00102,-0.00001,0.00000
moon,2031-05-14,24,dec,-5.61937,2.37479,0.01159,-0.00134,0.00001,-0.00000
moon,2031-05-14,24,hp,58.25254,-0.30741,0.00003,0.00015
moon,2031-05-15,24,gha,427.73887,174.23853,0.01724,-0.00103,0.00000,0.00000
moon,2031-05-15,24,dec,-0.82586,2.40620,-0.00344,-0.00117,0.00001,-0.00000
moon,2031-05-15,24,hp,57.64293,-0.30102,0.00145,0.00009
moon,2031-05-16,24,gha,416.31589,174.32872,0.00554,-0.00090,0.00001,0.00000
moon,2031-05-16,24,dec,3.91633,2.32499,-0.01664,-0.00104,0.00001,-0.00000
moon,2031-05-16,24,hp,57.05521,-0.28608,0.00220,0.00004
moon,2031-05-17,24,gha,404.98594,174.33341,-0.00395,-0.00067,0.00002,0.00000
moon,2031-05-17,24,dec,8.39492,2.14371,-0.02851,-0.00094,0.00001,0.00000
moon,2031-05-17,24,hp,56.50187,-0.26699,0.00253,0.00002
moon,2031-05-18,24,gha,393.59941,174.27493,-0.01011,-0.00035,0.00002,0.00000
moon,2031-05-18,24,dec,12.41971,1.87216,-0.03920,-0.00084,0.00001,0.00000
moon,2031-05-18,24,hp,55.98866,-0.24608,0.00269,0.00001
moon,2031-05-19,24,gha,382.05959,174.18361,-0.01207,0.00003,0.00002,-0.00000
moon,2031-05-19,24,dec,15.82013,1.52054,-0.04845,-0.00070,0.00001,0.00000
moon,2031-05-19,24,hp,55.51865,-0.22375,0.00291,0.00003
moon,2031-05-20,24,gha,370.33574,174.09466,-0.00953,0.00039,0.00002,-0.00000
moon,2031-05-20,24,dec,18.44946,1.10281,-0.05562,-0.00049,0.00002,0.00000
moon,2031-05-20,24,hp,55.09564,-0.19891,0.00333,0.00005
moon,2031-05-21,24,gha,358.46725,174.04219,-0.00313,0.00065,0.00001,-0.00000
moon,2031-05-21,24,dec,20.19463,0.63877,-0.05992,-0.00022,0.00002,0.00000
moon,2031-05-21,24,hp,54.72650,-0.16965,0.00402,0.00007
moon,2031-05-22,24,gha,346.55282,174.05044,0.00532,0.00072,-0.00000,-0.00000
moon,2031-05-22,24,dec,20.98779,0.15360,-0.06086,0.00006,0.00002,-0.00000
moon,2031-05-22,24,hp,54.42224,-0.13383,0.00497,0.00009
moon,2031-05-23,24,gha,334.72270,174.12615,0.01336,0.00058,-0.00001,-0.00000
moon,2031-05-23,24,dec,20.81376,-0.32566,-0.05851,0.00032,0.00001,-0.00000
moon,2031-05-23,24,hp,54.19781,-0.08967,0.00609,0.00010
moon,2031-05-24,24,gha,323.10083,174.25645,0.01870,0.00029,-0.00002,-0.00000
moon,2031-05-24,24,dec,19.70894,-0.77499,-0.05351,0.00050,0.00001,-0.00000
moon,2031-05-24,24,hp,54.07102,-0.03612,0.00729,0.00010
moon,2031-05-25,24,gha,311.77009,174.41393,0.02005,-0.00007,-0.00002,0.00000
moon,2031-05-25,24,dec,17.75121,-1.17721,-0.04688,0.00059,0.00000,-0.00000
moon,2031-05-25,24,hp,54.06083,0.02689,0.00844,0.00009
moon,2031-05-26,24,gha,300.75164,174.56523,0.01719,-0.00040,-0.00002,0.00000
moon,2031-05-26,24,dec,15.04489,-1.52297,-0.03951,0.00063,0.00000,-0.00000
moon,2031-05-26,24,hp,54.18526,0.09833,0.00938,0.00007
moon,2031-05-27,24,gha,290.00086,174.67854,0.01066,-0.00068,-0.00002,0.00000
moon,2031-05-27,24,dec,11.70674,-1.80887,-0.03195,0.00063,0.00000,0.00000
moon,2031-05-27,24,hp,54.45907,0.17597,0.00996,0.00003
moon,2031-05-28,24,gha,279.41476,174.72747,0.00120,-0.00089,-0.00001,0.00000
moon,2031-05-28,24,dec,7.85768,-2.03376,-0.02423,0.00066,0.00000,0.00000
moon,2031-05-28,24,hp,54.89122,0.25621,0.01000,-0.00003
moon,2031-05-29,24,gha,268.84355,174.69160,-0.01044,-0.00104,-0.00001,0.00000
moon,2031-05-29,24,dec,3.62220,-2.19477,-0.01588,0.00074,0.00001,0.00000
moon,2031-05-29,24,hp,55.48189,0.33387,0.00929,-0.00010
moon,2031-05-30,24,gha,258.10220,174.55608,-0.02360,-0.00114,-0.00000,0.00000
moon,2031-05-30,24,dec,-0.86447,-2.28372,-0.00606,0.00091,0.00001,0.00000
moon,2031-05-30,24,hp,56.21916,0.40198,0.00758,-0.00019
moon,2031-05-31,24,gha,246.98219,174.31249,-0.03728,-0.00112,0.00001,0.00000
moon,2031-05-31,24,dec,-5.44299,-2.28447,0.00633,0.00117,0.00002,0.00000
moon,2031-05-31,24,hp,57.07536,0.45181,0.00469,-0.00029
moon,2031-06-01,24,gha,235.26814,173.96310,-0.04969,-0.00091,0.00002,0.00000
moon,2031-06-01,24,dec,-9.91306,-2.17232,0.02227,0.00149,0.00002,-0.00000
moon,2031-06-01,24,hp,58.00408,0.47344,0.00054,-0.00040
moon,2031-06-02,24,gha,222.76792,173.53005,-0.05760,-0.00035,0.00005,0.00000
moon,2031-06-02,24,dec,-14.01915,-1.91736,0.04196,0.00177,0.00001,-0.00000
moon,2031-06-02,24,hp,58.93924,0.45738,-0.00467,-0.00046
moon,2031-06-03,24,gha,209.36434,173.06735,-0.05638,0.00061,0.00007,0.00000
moon,2031-06-03,24,dec,-17.44959,-1.49491,0.06372,0.00180,-0.00001,-0.00000
moon,2031-06-03,24,hp,59.79870,0.39736,-0.01033,-0.00046
moon,2031-06-04,24,gha,195.08523,172.66552,-0.04202,0.00178,0.00007,-0.00000
moon,2031-06-04,24,dec,-19.86468,-0.90381,0.08331,0.00138,-0.00004,-0.00000
moon,2031-06-04,24,hp,60.49404,0.29375,-0.01540,-0.00036
moon,2031-06-05,24,gha,180.15914,172.43076,-0.01526,0.00257,0.00002,-0.00000
moon,2031-06-05,24,dec,-20.96334,-0.18533,0.09469,0.00045,-0.00007,-0.00000
moon,2031-06-05,24,hp,60.94657,0.15602,-0.01870,-0.00017
moon,2031-06-06,24,gha,524.99778,172.43390,0.01585,0.00246,-0.00004,-0.00000
moon,2031-06-06,24,dec,-20.57280,0.57474,0.09335,-0.00067,-0.00007,0.00000
moon,2031-06-06,24,hp,61.10527,0.00212,-0.01936,0.00006
moon,2031-06-07,24,gha,510.07607,172.66473,0.04020,0.00151,-0.00007,-0.00000
moon,2031-06-07,24,dec,-18.71374,1.27285,0.07965,-0.00154,-0.00004,0.00000
moon,2031-06-07,24,hp,60.95971,-0.14595,-0.01729,0.00027
moon,2031-06-08,24,gha,495.77045,173.03889,0.05130,0.00035,-0.00007,0.00000
moon,2031-06-08,24,dec,-15.59538,1.82779,0.05844,-0.00191,-0.00001,0.00000
moon,2031-06-08,24,hp,60.54169,-0.26863,-0.01316,0.00040
moon,2031-06-09,24,gha,482.26032,173.44977,0.04989,-0.00052,-0.00004,0.00000
moon,2031-06-09,24,dec,-11.54512,2.20338,0.03556,-0.00185,0.00001,0.00000
moon,2031-06-09,24,hp,59.91485,-0.35401,-0.00814,0.00042
moon,2031-06-10,24,gha,469.53258,173.81465,0.04053,-0.00098,-0.00002,0.00000
moon,2031-06-10,24,dec,-6.92132,2.40315,0.01486,-0.00158,0.00002,0.00000
moon,2031-06-10,24,hp,59.15742,-0.39937,-0.00329,0.00037
moon,2031-06-11,24,gha,457.44669,174.08879,0.02777,-0.00111,-0.00000,0.00000
moon,2031-06-11,24,dec,-2.05267,2.45118,-0.00233,-0.00129,0.00002,-0.00000
moon,2031-06-11,24,hp,58.34547,-0.40929,0.00065,0.00028
moon,2031-06-12,24,gha,445.80468,174.25832,0.01473,-0.00104,0.00001,0.00000
moon,2031-06-12,24,dec,2.78535,2.37526,-0.01624,-0.00105,0.00001,-0.00000
moon,2031-06-12,24,hp,57.54159,-0.39228,0.00342,0.00018
moon,2031-06-13,24,gha,434.40166,174.32914,0.00331,-0.00085,0.00002,0.00000
moon,2031-06-13,24,dec,7.36844,2.19826,-0.02772,-0.00088,0.00001,-0.00000
moon,2031-06-13,24,hp,56.79024,-0.35769,0.00507,0.00010
moon,2031-06-14,24,gha,423.05735,174.31940,-0.00525,-0.00057,0.00002,0.00000
moon,2031-06-14,24,dec,11.51127,1.93639,-0.03754,-0.00076,0.00001,-0.00000
moon,2031-06-14,24,hp,56.11825,-0.31368,0.00582,0.00003
moon,2031-06-15,24,gha,411.63666,174.25594,-0.01000,-0.00022,0.00002,0.00000
moon,2031-06-15,24,dec,15.05607,1.60134,-0.04603,-0.00065,0.00001,0.00000
moon,2031-06-15,24,hp,55.53816,-0.26630,0.00596,-0.00001
moon,2031-06-16,24,gha,400.06477,174.17188,-0.01035,0.00016,0.00002,-0.00000
moon,2031-06-16,24,dec,17.86739,1.20416,-0.05301,-0.00051,0.00001,0.00000
moon,2031-06-16,24,hp,55.05273,-0.21929,0.00576,-0.00002
moon,2031-06-17,24,gha,388.33599,174.10266,-0.00638,0.00049,0.00002,-0.00000
moon,2031-06-17,24,dec,19.83467,0.75903,-0.05792,-0.00030,0.00001,0.00000
moon,2031-06-17,24,hp,54.65935,-0.17432,0.00548,-0.00002
moon,2031-06-18,24,gha,376.51164,174.07899,0.00080,0.00068,0.00001,-0.00000
moon,2031-06-18,24,dec,20.88083,0.28534,-0.06006,-0.00005,0.00002,0.00000
moon,2031-06-18,24,hp,54.35384,-0.13135,0.00529,-0.00001
moon,2031-06-19,24,gha,364.70227,174.11855,0.00908,0.00067,-0.00001,-0.00000
moon,2031-06-19,24,dec,20.97230,-0.19305,-0.05907,0.00021,0.00002,-0.00000
moon,2031-06-19,24,hp,54.13334,-0.08914,0.00530,0.00001
moon,2031-06-20,24,gha,353.03542,174.22042,0.01604,0.00047,-0.00002,-0.00000
moon,2031-06-20,24,dec,20.12459,-0.65135,-0.05511,0.00044,0.00001,-0.00000
moon,2031-06-20,24,hp,53.99822,-0.04575,0.00558,0.00003
moon,2031-06-21,24,gha,341.61870,174.36600,0.01980,0.00015,-0.00002,-0.00000
moon,2031-06-21,24,dec,18.39972,-1.06832,-0.04887,0.00059,0.00001,-0.00000
moon,2031-06-21,24,hp,53.95293,0.00090,0.00611,0.00005
moon,2031-06-22,24,gha,330.51060,174.52568,0.01952,-0.00019,-0.00002,0.00000
moon,2031-06-22,24,dec,15.89569,-1.42938,-0.04127,0.00067,0.00000,-0.00000
moon,2031-06-22,24,hp,54.00580,0.05258,0.00683,0.00006
moon,2031-06-23,24,gha,319.70695,174.66716,0.01532,-0.00050,-0.00002,0.00000
moon,2031-06-23,24,dec,12.73246,-1.72705,-0.03311,0.00069,0.00000,-0.00000
moon,2031-06-23,24,hp,54.16809,0.11036,0.00762,0.00006
moon,2031-06-24,24,gha,309.14173,174.76136,0.00780,-0.00074,-0.00001,0.00000
moon,2031-06-24,24,dec,9.03964,-1.95887,-0.02484,0.00069,0.00000,0.00000
moon,2031-06-24,24,hp,54.45209,0.17423,0.00832,0.00005
moon,2031-06-25,24,gha,298.69620,174.78469,-0.00230,-0.00093,-0.00001,0.00000
moon,2031-06-25,24,dec,4.94967,-2.12409,-0.01642,0.00072,0.00000,0.00000
moon,2031-06-25,24,hp,54.86873,0.24276,0.00875,0.00002
moon,2031-06-26,24,gha,288.20997,174.71903,-0.01435,-0.00107,-0.00001,0.00000
moon,2031-06-26,24,dec,0.59806,-2.22003,-0.00743,0.00079,0.00001,0.00000
moon,2031-06-26,24,hp,55.42441,0.31286,0.00868,-0.00003
moon,2031-06-27,24,gha,277.49151,174.55140,-0.02768,-0.00114,-0.00000,0.00000
moon,2031-06-27,24,dec,-3.86962,-2.23900,0.00296,0.00095,0.00001,0.00000
moon,2031-06-27,24,hp,56.11736,0.37938,0.00782,-0.00011
moon,2031-06-28,24,gha,266.32980,174.27561,-0.04118,-0.00109,0.00001,0.00000
moon,2031-06-28,24,dec,-8.28520,-2.16596,0.01572,0.00119,0.00002,0.00000
moon,2031-06-28,24,hp,56.93329,0.43495,0.00590,-0.00021
moon,2031-06-29,24,gha,254.51278,173.89764,-0.05282,-0.00081,0.00003,0.00000
moon,2031-06-29,24,dec,-12.44282,-1.97835,0.03168,0.00147,0.00002,-0.00000
moon,2031-06-29,24,hp,57.84099,0.47006,0.00268,-0.00033
moon,2031-06-30,24,gha,241.86146,173.44583,-0.05901,-0.00016,0.00005,0.00000
moon,2031-06-30,24,dec,-16.08710,-1.65000,0.05079,0.00169,0.00001,-0.00000
moon,2031-06-30,24,hp,58.78882,0.47396,-0.00189,-0.00043
moon,2031-07-01,24,gha,228.28617,172.98208,-0.05513,0.00086,0.00007,0.00000
moon,2031-07-01,24,dec,-18.91625,-1.16222,0.07107,0.00163,-0.00002,-0.00000
moon,2031-07-01,24,hp,59.70421,0.43673,-0.00752,-0.00050
moon,2031-07-02,24,gha,213.85585,172.60193,-0.03795,0.00197,0.00006,-0.00000
moon,2031-07-02,24,dec,-20.61492,-0.52229,0.08800,0.00111,-0.00005,-0.00000
moon,2031-07-02,24,hp,60.49866,0.35280,-0.01342,-0.00047
moon,2031-07-03,24,gha,198.84064,172.40633,-0.00989,0.00258,0.00001,-0.00000
moon,2031-07-03,24,dec,-20.92428,0.21938,0.09568,0.00012,-0.00007,-0.00000
moon,2031-07-03,24,hp,61.08038,0.22482,-0.01833,-0.00033
moon,2031-07-04,24,gha,183.67087,172.44885,0.01994,0.00225,-0.00005,-0.00000
moon,2031-07-04,24,dec,-19.72919,0.97122,0.09031,-0.00100,-0.00006,0.00000
moon,2031-07-04,24,hp,61.37337,0.06597,-0.02097,-0.00010
moon,2031-07-05,24,gha,528.80247,172.70049,0.04118,0.00123,-0.00007,-0.00000
moon,2031-07-05,24,dec,-17.11323,1.63031,0.07305,-0.00180,-0.00003,0.00000
moon,2031-07-05,24,hp,61.33711,-0.10186,-0.02053,0.00017
moon,2031-07-06,24,gha,514.56602,173.06973,0.04921,0.00014,-0.00006,0.00000
moon,2031-07-06,24,dec,-13.34167,2.12133,0.04921,-0.00209,-0.00000,0.00000
moon,2031-07-06,24,hp,60.97833,-0.25410,-0.01716,0.00038
moon,2031-07-07,24,gha,501.09426,173.45578,0.04598,-0.00061,-0.00003,0.00000
moon,2031-07-07,24,dec,-8.78406,2.41576,0.02464,-0.00196,0.00002,0.00000
moon,2031-07-07,24,hp,60.34881,-0.37100,-0.01188,0.00048
moon,2031-07-08,24,gha,488.34517,173.78694,0.03619,-0.00096,-0.00001,0.00000
moon,2031-07-08,24,dec,-3.82604,2.52429,0.00308,-0.00162,0.00002,0.00000
moon,2031-07-08,24,hp,59.53036,-0.44256,-0.00602,0.00048
moon,2031-07-09,24,gha,476.17053,174.02827,0.02403,-0.00103,0.00000,0.00000
moon,2031-07-09,24,dec,1.18999,2.47735,-0.01419,-0.00126,0.00002,-0.00000
moon,2031-07-09,24,hp,58.61447,-0.46891,-0.00071,0.00040
moon,2031-07-10,24,gha,464.38133,174.17273,0.01229,-0.00091,0.00001,0.00000
moon,2031-07-10,24,dec,5.98689,2.30845,-0.02752,-0.00097,0.00002,-0.00000
moon,2031-07-10,24,hp,57.68480,-0.45731,0.00341,0.00029
moon,2031-07-11,24,gha,452.79292,174.23081,0.00263,-0.00069,0.00002,0.00000
moon,2031-07-11,24,dec,10.34950,2.04558,-0.03783,-0.00076,0.00001,-0.00000
moon,2031-07-11,24,hp,56.80703,-0.41816,0.00618,0.00018
moon,2031-07-12,24,gha,441.25292,174.22378,-0.00387,-0.00039,0.00002,0.00000
moon,2031-07-12,24,dec,14.11124,1.70941,-0.04594,-0.00060,0.00001,-0.00000
moon,2031-07-12,24,hp,56.02569,-0.36190,0.00772,0.00008
moon,2031-07-13,24,gha,429.65879,174.17987,-0.00653,-0.00005,0.00002,-0.00000
moon,2031-07-13,24,dec,17.14147,1.31553,-0.05228,-0.00046,0.00001,0.00000
moon,2031-07-13,24,hp,55.36598,-0.29732,0.00830,0.00002
moon,2031-07-14,24,gha,417.96829,174.13075,-0.00519,0.00027,0.00002,-0.00000
moon,2031-07-14,24,dec,19.33880,0.87802,-0.05681,-0.00029,0.00001,0.00000
moon,2031-07-14,24,hp,54.83779,-0.23095,0.00821,-0.00003
moon,2031-07-15,24,gha,406.20152,174.10642,-0.00048,0.00050,0.00001,-0.00000
moon,2031-07-15,24,dec,20.63152,0.41274,-0.05916,-0.00009,0.00001,0.00000
moon,2031-07-15,24,hp,54.44020,-0.16705,0.00772,-0.00005
moon,2031-07-16,24,gha,394.43091,174.12850,0.00614,0.00058,-0.00000,-0.00000
moon,2031-07-16,24,dec,20.98275,-0.06135,-0.05896,0.00013,0.00001,-0.00000
moon,2031-07-16,24,hp,54.16577,-0.10793,0.00705,-0.00006
moon,2031-07-17,24,gha,382.75832,174.20436,0.01266,0.00048,-0.00001,-0.00000
moon,2031-07-17,24,dec,20.39592,-0.52309,-0.05609,0.00035,0.00001,-0.00000
moon,2031-07-17,24,hp,54.00415,-0.05425,0.00638,-0.00005
moon,2031-07-18,24,gha,371.28428,174.32538,0.01719,0.00026,-0.00002,-0.00000
moon,2031-07-18,24,dec,18.91645,-0.95198,-0.05082,0.00052,0.00001,-0.00000
moon,2031-07-18,24,hp,53.94494,-0.00540,0.00586,-0.00004
moon,2031-07-19,24,gha,360.07893,174.47040,0.01855,-0.00003,-0.00002,0.00000
moon,2031-07-19,24,dec,16.62747,-1.33111,-0.04375,0.00065,0.00001,-0.00000
moon,2031-07-19,24,hp,53.97992,0.04014,0.00556,-0.00001
moon,2031-07-20,24,gha,349.16333,174.61221,0.01640,-0.00032,-0.00002,0.00000
moon,2031-07-20,24,dec,13.64070,-1.64884,-0.03557,0.00071,0.00000,-0.00000
moon,2031-07-20,24,hp,54.10446,0.08438,0.00554,0.00001
moon,2031-07-21,24,gha,338.50366,174.72365,0.01103,-0.00057,-0.00001,0.00000
moon,2031-07-21,24,dec,10.08597,-1.89860,-0.02682,0.00074,0.00000,-0.00000
moon,2031-07-21,24,hp,54.31805,0.12939,0.00575,0.00003
moon,2031-07-22,24,gha,328.01525,174.78127,0.00303,-0.00076,-0.00001,0.00000
moon,2031-07-22,24,dec,6.10269,-2.07716,-0.01778,0.00076,0.00000,0.00000
moon,2031-07-22,24,hp,54.62390,0.17677,0.00611,0.00003
moon,2031-07-23,24,gha,317.57130,174.76641,-0.00700,-0.00091,-0.00001,0.00000
moon,2031-07-23,24,dec,1.83556,-2.18215,-0.00840,0.00080,0.00000,0.00000
moon,2031-07-23,24,hp,55.02758,0.22722,0.00649,0.00003
moon,2031-07-24,24,gha,307.01242,174.66514,-0.01848,-0.00100,-0.00000,0.00000
moon,2031-07-24,24,dec,-2.56452,-2.20952,0.00170,0.00089,0.00001,0.00000
moon,2031-07-24,24,hp,55.53463,0.27998,0.00666,-0.00000
moon,2031-07-25,24,gha,296.15651,174.46883,-0.03062,-0.00101,0.00000,0.00000
moon,2031-07-25,24,dec,-6.93477,-2.15123,0.01311,0.00102,0.00001,0.00000
moon,2031-07-25,24,hp,56.14733,0.33248,0.00638,-0.00005
moon,2031-07-26,24,gha,284.81183,174.17688,-0.04214,-0.00088,0.00001,0.00000
moon,2031-07-26,24,dec,-11.09124,-1.99409,0.02650,0.00121,0.00001,0.00000
moon,2031-07-26,24,hp,56.86058,0.37992,0.00535,-0.00012
moon,2031-07-27,24,gha,272.79869,173.80277,-0.05075,-0.00051,0.00003,0.00000
moon,2031-07-27,24,dec,-14.81905,-1.72063,0.04219,0.00140,0.00001,-0.00000
moon,2031-07-27,24,hp,57.65741,0.41520,0.00330,-0.00022
moon,2031-07-28,24,gha,259.98613,173.38269,-0.05308,0.00017,0.00005,0.00000
moon,2031-07-28,24,dec,-17.86826,-1.31409,0.05957,0.00147,-0.00000,-0.00000
moon,2031-07-28,24,hp,58.50457,0.42923,0.00002,-0.00033
moon,2031-07-29,24,gha,246.34391,172.98126,-0.04566,0.00108,0.00006,-0.00000
moon,2031-07-29,24,dec,-19.96551,-0.76918,0.07630,0.00126,-0.00002,-0.00000
moon,2031-07-29,24,hp,59.34971,0.41218,-0.00444,-0.00041
moon,2031-07-30,24,gha,231.99300,172.68305,-0.02746,0.00190,0.00004,-0.00000
moon,2031-07-30,24,dec,-20.85146,-0.10676,0.08825,0.00067,-0.00005,-0.00000
moon,2031-07-30,24,hp,60.12218,0.35590,-0.00969,-0.00045
moon,2031-07-31,24,gha,217.21662,172.56144,-0.00250,0.00215,-0.00001,-0.00000
moon,2031-07-31,24,dec,-20.34405,0.61641,0.09093,-0.00025,-0.00006,-0.00000
moon,2031-07-31,24,hp,60.73977,0.25738,-0.01484,-0.00039
moon,2031-08-01,24,gha,202.39738,172.63902,0.02106,0.00168,-0.00005,-0.00000
moon,2031-08-01,24,dec,-18.40510,1.31517,0.08210,-0.00120,-0.00005,0.00000
moon,2031-08-01,24,hp,61.12251,0.12214,-0.01869,-0.00023
moon,2031-08-02,24,gha,187.89758,172.87368,0.03604,0.00079,-0.00006,0.00000
moon,2031-08-02,24,dec,-15.17237,1.90200,0.06346,-0.00185,-0.00003,0.00000
moon,2031-08-02,24,hp,61.21114,-0.03470,-0.02011,0.00000
moon,2031-08-03,24,gha,173.95272,173.18500,0.04031,-0.00005,-0.00004,0.00000
moon,2031-08-03,24,dec,-10.93482,2.31556,0.03953,-0.00208,-0.00000,0.00000
moon,2031-08-03,24,hp,60.98390,-0.19129,-0.01861,0.00024
moon,2031-08-04,24,gha,520.63593,173.49473,0.03618,-0.00059,-0.00002,0.00000
moon,2031-08-04,24,dec,-6.06558,2.53332,0.01513,-0.00195,0.00002,0.00000
moon,2031-08-04,24,hp,60.46398,-0.32526,-0.01458,0.00042
moon,2031-08-05,24,gha,507.88899,173.75108,0.02752,-0.00081,-0.00001,0.00000
moon,2031-08-05,24,dec,-0.94844,2.56584,-0.00644,-0.00163,0.00002,0.00000
moon,2031-08-05,24,hp,59.71379,-0.42034,-0.00907,0.00048
moon,2031-08-06,24,gha,495.57994,173.93161,0.01763,-0.00081,0.00001,0.00000
moon,2031-08-06,24,dec,4.07423,2.44236,-0.02379,-0.00126,0.00002,-0.00000
moon,2031-08-06,24,hp,58.81888,-0.46978,-0.00334,0.00046
moon,2031-08-07,24,gha,483.55511,174.03617,0.00878,-0.00065,0.00001,0.00000
moon,2031-08-07,24,dec,8.72476,2.19723,-0.03692,-0.00093,0.00002,-0.00000
moon,2031-08-07,24,hp,57.86913,-0.47579,0.00168,0.00037
moon,2031-08-08,24,gha,471.67559,174.07892,0.00233,-0.00041,0.00002,0.00000
moon,2031-08-08,24,dec,12.79177,1.86184,-0.04646,-0.00067,0.00001,-0.00000
moon,2031-08-08,24,hp,56.94383,-0.44633,0.00549,0.00026
moon,2031-08-09,24,gha,459.83972,174.08247,-0.00095,-0.00013,0.00002,-0.00000
moon,2031-08-09,24,dec,16.12111,1.46195,-0.05313,-0.00045,0.00001,-0.00000
moon,2031-08-09,24,hp,56.10381,-0.39160,0.00801,0.00016
moon,2031-08-10,24,gha,447.99538,174.07325,-0.00088,0.00014,0.00002,-0.00000
moon,2031-08-10,24,dec,18.60523,1.01865,-0.05736,-0.00026,0.00001,-0.00000
moon,2031-08-10,24,hp,55.38958,-0.32151,0.00936,0.00007
moon,2031-08-11,24,gha,436.14281,174.07666,0.00209,0.00034,0.00001,-0.00000
moon,2031-08-11,24,dec,20.17605,0.55053,-0.05934,-0.00007,0.00001,0.00000
moon,2031-08-11,24,hp,54.82332,-0.24438,0.00980,0.00001
moon,2031-08-12,24,gha,424.32719,174.11168,0.00682,0.00043,0.00000,-0.00000
moon,2031-08-12,24,dec,20.80192,0.07556,-0.05907,0.00012,0.00001,-0.00000
moon,2031-08-12,24,hp,54.41257,-0.16657,0.00957,-0.00004
moon,2031-08-13,24,gha,412.62112,174.18639,0.01177,0.00038,-0.00001,-0.00000
moon,2031-08-13,24,dec,20.48702,-0.38839,-0.05660,0.00029,0.00001,-0.00000
moon,2031-08-13,24,hp,54.15399,-0.09259,0.00887,-0.00007
moon,2031-08-14,24,gha,401.10075,174.29629,0.01542,0.00022,-0.00001,-0.00000
moon,2031-08-14,24,dec,19.27055,-0.82433,-0.05211,0.00045,0.00001,-0.00000
moon,2031-08-14,24,hp,54.03685,-0.02535,0.00791,-0.00009
moon,2031-08-15,24,gha,389.82226,174.42628,0.01669,-0.00001,-0.00001,-0.00000
moon,2031-08-15,24,dec,17.22371,-1.21735,-0.04592,0.00058,0.00001,-0.00000
moon,2031-08-15,24,hp,54.04602,0.03363,0.00683,-0.00009
moon,2031-08-16,24,gha,378.80510,174.55528,0.01515,-0.00024,-0.00001,0.00000
moon,2031-08-16,24,dec,14.44468,-1.55544,-0.03844,0.00067,0.00000,-0.00000
moon,2031-08-16,24,hp,54.16454,0.08402,0.00578,-0.00008
moon,2031-08-17,24,gha,368.02493,174.66101,0.01091,-0.00046,-0.00001,0.00000
moon,2031-08-17,24,dec,11.05261,-1.82959,-0.02998,0.00074,0.00000,-0.00000
moon,2031-08-17,24,hp,54.37585,0.12654,0.00488,-0.00007
moon,2031-08-18,24,gha,357.41475,174.72336,0.00438,-0.00063,-0.00001,0.00000
moon,2031-08-18,24,dec,7.18236,-2.03299,-0.02077,0.00080,0.00000,0.00000
moon,2031-08-18,24,hp,54.66564,0.16269,0.00420,-0.00005
moon,2031-08-19,24,gha,346.87103,174.72598,-0.00395,-0.00075,-0.00001,0.00000
moon,2031-08-19,24,dec,2.98115,-2.15996,-0.01087,0.00086,0.00000,0.00000
moon,2031-08-19,24,hp,55.02317,0.19449,0.00379,-0.00002
moon,2031-08-20,24,gha,336.26171,174.65673,-0.01350,-0.00083,-0.00000,0.00000
moon,2031-08-20,24,dec,-1.39241,-2.20470,-0.00019,0.00093,0.00001,0.00000
moon,2031-08-20,24,hp,55.44172,0.22391,0.00360,-0.00001
moon,2031-08-21,24,gha,325.43518,174.50830,-0.02362,-0.00084,0.00000,0.00000
moon,2031-08-21,24,dec,-5.76703,-2.16019,0.01148,0.00102,0.00001,0.00000
moon,2031-08-21,24,hp,55.91810,0.25241,0.00353,-0.00001
moon,2031-08-22,24,gha,314.23161,174.28007,-0.03327,-0.00075,0.00001,0.00000
moon,2031-08-22,24,dec,-9.95553,-2.01757,0.02437,0.00113,0.00001,-0.00000
moon,2031-08-22,24,hp,56.45085,0.28022,0.00340,-0.00002
moon,2031-08-23,24,gha,302.49981,173.98181,-0.04084,-0.00049,0.00002,0.00000
moon,2031-08-23,24,dec,-13.75158,-1.76667,0.03853,0.00123,0.00000,-0.00000
moon,2031-08-23,24,hp,57.03730,0.30586,0.00295,-0.00006
moon,2031-08-24,24,gha,290.12329,173.63897,-0.04405,-0.00001,0.00004,0.00000
moon,2031-08-24,24,dec,-16.92939,-1.39863,0.05352,0.00125,-0.00000,-0.00000
moon,2031-08-24,24,hp,57.66976,0.32576,0.00192,-0.00012
moon,2031-08-25,24,gha,277.05570,173.29643,-0.04045,0.00063,0.00004,0.00000
moon,2031-08-25,24,dec,-19.25189,-0.91184,0.06794,0.00112,-0.00002,-0.00000
moon,2031-08-25,24,hp,58.33134,0.33429,0.00008,-0.00019
moon,2031-08-26,24,gha,263.35700,173.01450,-0.02890,0.00127,0.00003,-0.00000
moon,2031-08-26,24,dec,-20.49350,-0.32029,0.07928,0.00073,-0.00003,-0.00000
moon,2031-08-26,24,hp,58.99232,0.32437,-0.00269,-0.00027
moon,2031-08-27,24,gha,249.20833,172.85161,-0.01122,0.00161,0.00001,-0.00000
moon,2031-08-27,24,dec,-20.47898,0.33916,0.08448,0.00010,-0.00004,-0.00000
moon,2031-08-27,24,hp,59.60853,0.28884,-0.00629,-0.00032
moon,2031-08-28,24,gha,234.88254,172.83837,0.00764,0.00146,-0.00002,-0.00000
moon,2031-08-28,24,dec,-19.12974,1.00740,0.08126,-0.00064,-0.00005,0.00000
moon,2031-08-28,24,hp,60.12336,0.22269,-0.01026,-0.00033
moon,2031-08-29,24,gha,220.66998,172.96111,0.02207,0.00090,-0.00004,-0.00000
moon,2031-08-29,24,dec,-16.49779,1.61464,0.06937,-0.00131,-0.00004,0.00000
moon,2031-08-29,24,hp,60.47484,0.12580,-0.01384,-0.00026
moon,2031-08-30,24,gha,206.79505,173.16965,0.02890,0.00024,-0.00004,0.00000
moon,2031-08-30,24,dec,-12.76937,2.09825,0.05076,-0.00175,-0.00002,0.00000
moon,2031-08-30,24,hp,60.60750,0.00495,-0.01612,-0.00011
moon,2031-08-31,24,gha,193.36771,173.40260,0.02842,-0.00028,-0.00003,0.00000
moon,2031-08-31,24,dec,-8.23579,2.41684,0.02861,-0.00190,-0.00000,0.00000
moon,2031-08-31,24,hp,60.48639,-0.12626,-0.01635,0.00008
moon,2031-09-01,24,gha,180.38537,173.61058,0.02308,-0.00057,-0.00001,0.00000
moon,2031-09-01,24,dec,-3.24504,2.55514,0.00611,-0.00182,0.00001,0.00000
moon,2031-09-01,24,hp,60.10816,-0.25029,-0.01434,0.00025
moon,2031-09-02,24,gha,527.76828,173.76617,0.01572,-0.00063,0.00000,0.00000
moon,2031-09-02,24,dec,1.84778,2.52064,-0.01431,-0.00157,0.00002,0.00000
moon,2031-09-02,24,hp,59.50418,-0.35048,-0.01050,0.00037
moon,2031-09-03,24,gha,515.40340,173.86308,0.00870,-0.00052,0.00001,0.00000
moon,2031-09-03,24,dec,6.71873,2.33619,-0.03124,-0.00125,0.00002,0.00000
moon,2031-09-03,24,hp,58.73421,-0.41545,-0.00567,0.00042
moon,2031-09-04,24,gha,503.18161,173.91090,0.00363,-0.00031,0.00002,0.00000
moon,2031-09-04,24,dec,11.09790,2.03220,-0.04417,-0.00091,0.00002,-0.00000
moon,2031-09-04,24,hp,57.87362,-0.44107,-0.00078,0.00039
moon,2031-09-05,24,gha,491.02363,173.92927,0.00141,-0.00006,0.00002,-0.00000
moon,2031-09-05,24,dec,14.77826,1.64066,-0.05316,-0.00059,0.00002,-0.00000
moon,2031-09-05,24,hp,56.99921,-0.42978,0.00348,0.00032
moon,2031-09-06,24,gha,478.89428,173.94206,0.00221,0.00018,0.00001,-0.00000
moon,2031-09-06,24,dec,17.61520,1.19178,-0.05856,-0.00031,0.00002,-0.00000
moon,2031-09-06,24,hp,56.17846,-0.38823,0.00675,0.00023
moon,2031-09-07,24,gha,466.80515,173.97152,0.00544,0.00034,0.00001,-0.00000
moon,2031-09-07,24,dec,19.52150,0.71268,-0.06078,-0.00007,0.00001,-0.00000
moon,2031-09-07,24,hp,55.46365,-0.32474,0.00896,0.00014
moon,2031-09-08,24,gha,454.80557,174.03265,0.00992,0.00038,-0.00000,-0.00000
moon,2031-09-08,24,dec,20.46071,0.22695,-0.06028,0.00014,0.00001,-0.00000
moon,2031-09-08,24,hp,54.89030,-0.24758,0.01019,0.00007
moon,2031-09-09,24,gha,442.96417,174.12948,0.01415,0.00030,-0.00001,-0.00000
moon,2031-09-09,24,dec,20.43987,-0.24550,-0.05754,0.00031,0.00001,-0.00000
moon,2031-09-09,24,hp,54.47840,-0.16399,0.01060,0.00000
moon,2031-09-10,24,gha,431.34597,174.25456,0.01682,0.00013,-0.00001,-0.00000
moon,2031-09-10,24,dec,19.50185,-0.68879,-0.05306,0.00043,0.00001,-0.00000
moon,2031-09-10,24,hp,54.23471,-0.07993,0.01033,-0.00005
moon,2031-09-11,24,gha,419.99212,174.39185,0.01713,-0.00008,-0.00001,0.00000
moon,2031-09-11,24,dec,17.71739,-1.09087,-0.04730,0.00052,0.00000,-0.00000
moon,2031-09-11,24,hp,54.15526,-0.00018,0.00954,-0.00008
moon,2031-09-12,24,gha,408.90715,174.52129,0.01486,-0.00029,-0.00001,0.00000
moon,2031-09-12,24,dec,15.17808,-1.44282,-0.04056,0.00060,0.00000,-0.00000
moon,2031-09-12,24,hp,54.22759,0.07151,0.00833,-0.00011
moon,2031-09-13,24,gha,398.05523,174.62293,0.01023,-0.00047,-0.00001,0.00000
moon,2031-09-13,24,dec,11.99145,-1.73749,-0.03298,0.00067,0.00000,0.00000
moon,2031-09-13,24,hp,54.43270,0.13235,0.00684,-0.00013
moon,2031-09-14,24,gha,387.36315,174.67952,0.00367,-0.00061,-0.00001,0.00000
moon,2031-09-14,24,dec,8.27892,-1.96798,-0.02450,0.00075,0.00001,0.00000
moon,2031-09-14,24,hp,54.74697,0.18053,0.00519,-0.00014
moon,2031-09-15,24,gha,376.72696,174.67763,-0.00431,-0.00071,-0.00000,0.00000
moon,2031-09-15,24,dec,4.17652,-2.12647,-0.01495,0.00085,0.00001,0.00000
moon,2031-09-15,24,hp,55.14422,0.21532,0.00352,-0.00014
moon,2031-09-16,24,gha,366.02000,174.60802,-0.01317,-0.00076,-0.00000,0.00000
moon,2031-09-16,24,dec,-0.16254,-2.20357,-0.00413,0.00096,0.00001,0.00000
moon,2031-09-16,24,hp,55.59803,0.23720,0.00198,-0.00012
moon,2031-09-17,24,gha,355.10188,174.46632,-0.02221,-0.00074,0.00000,0.00000
moon,2031-09-17,24,dec,-4.56476,-2.18844,0.00812,0.00108,0.00001,-0.00000
moon,2031-09-17,24,hp,56.08409,0.24781,0.00072,-0.00009
moon,2031-09-18,24,gha,343.82994,174.25488,-0.03043,-0.00061,0.00001,0.00000
moon,2031-09-18,24,dec,-8.83420,-2.06962,0.02177,0.00119,0.00001,-0.00000
moon,2031-09-18,24,hp,56.58235,0.24969,-0.00020,-0.00006
moon,2031-09-19,24,gha,332.07572,173.98596,-0.03633,-0.00035,0.00002,0.00000
moon,2031-09-19,24,dec,-12.75313,-1.83704,0.03648,0.00125,0.00000,-0.00000
moon,2031-09-19,24,hp,57.07818,0.24566,-0.00077,-0.00004
moon,2031-09-20,24,gha,319.74858,173.68549,-0.03802,0.00009,0.00003,0.00000
moon,2031-09-20,24,dec,-16.08794,-1.48533,0.05138,0.00121,-0.00001,-0.00000
moon,2031-09-20,24,hp,57.56217,0.23804,-0.00112,-0.00002
moon,2031-09-21,24,gha,306.82509,173.39458,-0.03375,0.00063,0.00003,-0.00000
moon,2031-09-21,24,dec,-18.60321,-1.01862,0.06495,0.00102,-0.00002,-0.00000
moon,2031-09-21,24,hp,58.02833,0.22785,-0.00145,-0.00003
moon,2031-09-22,24,gha,293.37469,173.16395,-0.02305,0.00112,0.00002,-0.00000
moon,2031-09-22,24,dec,-20.08609,-0.45581,0.07508,0.00064,-0.00003,-0.00000
moon,2031-09-22,24,hp,58.47092,0.21427,-0.00200,-0.00006
moon,2031-09-23,24,gha,279.56465,173.03868,-0.00788,0.00135,0.00000,-0.00000
moon,2031-09-23,24,dec,-20.37890,0.16680,0.07963,0.00010,-0.00004,-0.00000
moon,2031-09-23,24,hp,58.88061,0.19459,-0.00300,-0.00011
moon,2031-09-24,24,gha,265.62915,173.03877,0.00761,0.00118,-0.00002,-0.00000
moon,2031-09-24,24,dec,-19.41147,0.79869,0.07731,-0.00049,-0.00004,0.00000
moon,2031-09-24,24,hp,59.24126,0.16478,-0.00453,-0.00015
moon,2031-09-25,24,gha,251.80715,173.14880,0.01907,0.00070,-0.00003,-0.00000
moon,2031-09-25,24,dec,-17.22071,1.38451,0.06824,-0.00101,-0.00003,0.00000
moon,2031-09-25,24,hp,59.52844,0.12074,-0.00653,-0.00018
moon,2031-09-26,24,gha,238.27724,173.32552,0.02413,0.00015,-0.00003,0.00000
moon,2031-09-26,24,dec,-13.94899,1.87514,0.05377,-0.00138,-0.00002,0.00000
moon,2031-09-26,24,hp,59.71092,0.05996,-0.00866,-0.00017
moon,2031-09-27,24,gha,225.12101,173.51732,0.02303,-0.00030,-0.00002,0.00000
moon,2031-09-27,24,dec,-9.82396,2.23491,0.03581,-0.00159,-0.00001,0.00000
moon,2031-09-27,24,hp,59.75561,-0.01675,-0.01043,-0.00012
moon,2031-09-28,24,gha,212.32478,173.68198,0.01769,-0.00056,-0.00001,0.00000
moon,2031-09-28,24,dec,-5.12925,2.44348,0.01623,-0.00165,0.00000,0.00000
moon,2031-09-28,24,hp,59.63527,-0.10432,-0.01129,-0.00002
moon,2031-09-29,24,gha,199.80800,173.79525,0.01053,-0.00061,0.00000,0.00000
moon,2031-09-29,24,dec,-0.17488,2.49456,-0.00335,-0.00159,0.00001,0.00000
moon,2031-09-29,24,hp,59.33686,-0.19372,-0.01085,0.00010
moon,2031-09-30,24,gha,187.46047,173.85155,0.00374,-0.00050,0.00001,0.00000
moon,2031-09-30,24,dec,4.72873,2.39389,-0.02153,-0.00142,0.00001,0.00000
moon,2031-09-30,24,hp,58.86773,-0.27387,-0.00900,0.00021
moon,2031-10-01,24,gha,175.17700,173.86105,-0.00096,-0.00027,0.00002,0.00000
moon,2031-10-01,24,dec,9.29297,2.15730,-0.03718,-0.00117,0.00002,0.00000
moon,2031-10-01,24,hp,58.25694,-0.33442,-0.00601,0.00028
venus,2026-10-01,192,gha,1600.31056,1444.29901,0.14653,0.00023,-0.00022
venus,2026-10-01,192,dec,-21.19202,-0.14048,0.08141,0.00185,-0.00002
venus,2026-10-09,192,gha,1610.03601,1445.40537,0.12088,-0.00498,-0.00040
venus,2026-10-09,192,dec,-20.76306,0.58222,0.09639,0.00018,-0.00020
venus,2026-10-17,192,gha,1621.55322,1446.03328,0.02712,-0.00999,-0.00014
venus,2026-10-17,192,dec,-18.86807,1.29418,0.07391,-0.00414,-0.00028
venus,2026-10-25,192,gha,1633.45651,1445.77256,-0.08879,-0.00802,0.00036
venus,2026-10-25,192,dec,-15.88756,1.62908,0.00589,-0.00632,0.00006
venus,2026-11-02,192,gha,1644.06306,1444.78578,-0.14673,-0.00175,0.00033
venus,2026-11-02,192,dec,-12.79694,1.41008,-0.05552,-0.00348,0.00023
venus,2026-11-10,192,gha,1652.44616,1443.60027,-0.14362,0.00171,0.00011
venus,2026-11-10,192,dec,-10.51076,0.85853,-0.07678,-0.00031,0.00014
venus,2026-11-18,192,gha,1658.57637,1442.55207,-0.11730,0.00239,-0.00000
venus,2026-11-18,192,dec,-9.39798,0.25967,-0.07047,0.00112,0.00005
venus,2026-11-26,192,gha,1662.83131,1441.72604,-0.08953,0.00219,-0.00003
venus,2026-11-26,192,dec,-9.39276,-0.24050,-0.05382,0.00154,0.00000
venus,2026-12-04,192,gha,1665.64313,1441.10459,-0.06699,0.00154,-0.00004
venus,2026-12-04,192,dec,-10.24698,-0.59890,-0.03607,0.00138,-0.00001
venus,2026-12-12,192,gha,1667.36696,1440.63138,-0.05239,0.00092,-0.00003
venus,2026-12-12,192,dec,-11.68348,-0.82493,-0.02085,0.00115,-0.00001
venus,2026-12-20,192,gha,1668.24026,1440.24897,-0.04387,0.00056,-0.00001
venus,2026-12-20,192,dec,-13.45849,-0.93940,-0.00800,0.00102,-0.00000
venus,2026-12-28,192,gha,1668.40812,1439.92431,-0.03738,0.00051,-0.00001
venus,2026-12-28,192,dec,-15.36343,-0.95579,0.00368,0.00090,-0.00001
venus,2027-01-05,192,gha,1667.97570,1439.64782,-0.03191,0.00041,-0.00000
venus,2027-01-05,192,dec,-17.21292,-0.88536,0.01369,0.00077,-0.00001
venus,2027-01-13,192,gha,1667.03100,1439.41133,-0.02729,0.00037,-0.00000
venus,2027-01-13,192,dec,-18.84656,-0.74127,0.02209,0.00064,-0.00001
venus,2027-01-21,192,gha,1665.64990,1439.21162,-0.02240,0.00050,0.00001
venus,2027-01-21,192,dec,-20.12916,-0.53537,0.02923,0.00054,-0.00001
venus,2027-01-29,192,gha,1663.91493,1439.05917,-0.01550,0.00062,0.00000
venus,2027-01-29,192,dec,-20.94789,-0.27890,0.03457,0.00036,-0.00001
venus,2027-02-06,192,gha,1661.93322,1438.96544,-0.00794,0.00062,-0.00000
venus,2027-02-06,192,dec,-21.21771,0.01174,0.03777,0.00017,-0.00001
venus,2027-02-14,192,gha,1659.82312,1438.93022,-0.00103,0.00053,-0.00000
venus,2027-02-14,192,dec,-20.88768,0.31916,0.03881,0.00002,-0.00001
venus,2027-02-22,192,gha,1657.69494,1438.94672,0.00510,0.00049,-0.00001
venus,2027-02-22,192,dec,-19.94020,0.62762,0.03796,-0.00017,-0.00001
venus,2027-03-02,192,gha,1655.64630,1439.00886,0.01016,0.00034,-0.00001
venus,2027-03-02,192,dec,-18.38954,0.92062,0.03505,-0.00031,-0.00001
venus,2027-03-10,192,gha,1653.75560,1439.10273,0.01291,0.00011,-0.00001
venus,2027-03-10,192,dec,-16.28084,1.18451,0.03077,-0.00040,-0.00000
venus,2027-03-18,192,gha,1652.06606,1439.20781,0.01302,-0.00007,-0.00001
venus,2027-03-18,192,dec,-13.68111,1.41111,0.02584,-0.00043,-0.00001
venus,2027-03-26,192,gha,1650.58195,1439.30688,0.01158,-0.00017,-0.00001
venus,2027-03-26,192,dec,-10.66946,1.59587,0.02024,-0.00049,-0.00000
venus,2027-04-03,192,gha,1649.28077,1439.38975,0.00897,-0.00027,-0.00001
venus,2027-04-03,192,dec,-7.33458,1.73405,0.01429,-0.00050,-0.00000
venus,2027-04-11,192,gha,1648.12056,1439.44681,0.00509,-0.00038,-0.00001
venus,2027-04-11,192,dec,-3.77112,1.82445,0.00835,-0.00048,0.00000
venus,2027-04-19,192,gha,1647.03982,1439.46842,0.00027,-0.00041,0.00000
venus,2027-04-19,192,dec,-0.07353,1.86835,0.00259,-0.00049,-0.00000
venus,2027-04-27,192,gha,1645.96354,1439.45132,-0.00451,-0.00039,0.00000
venus,2027-04-27,192,dec,3.66483,1.86495,-0.00347,-0.00051,-0.00000
venus,2027-05-05,192,gha,1644.81592,1439.39738,-0.00893,-0.00036,-0.00000
venus,2027-05-05,192,dec,7.34745,1.81252,-0.00965,-0.00052,0.00000
venus,2027-05-13,192,gha,1643.52553,1439.30863,-0.01324,-0.00034,0.00000
venus,2027-05-13,192,dec,10.87576,1.71069,-0.01577,-0.00050,-0.00000
venus,2027-05-21,192,gha,1642.02506,1439.18801,-0.01671,-0.00022,0.00001
venus,2027-05-21,192,dec,14.15139,1.55972,-0.02202,-0.00053,-0.00000
venus,2027-05-29,192,gha,1640.26091,1439.04644,-0.01837,-0.00004,0.00001
venus,2027-05-29,192,dec,17.07447,1.35808,-0.02836,-0.00052,0.00000
venus,2027-06-06,192,gha,1638.20755,1438.90069,-0.01780,0.00012,0.00001
venus,2027-06-06,192,dec,19.54450,1.10695,-0.03435,-0.00047,0.00001
venus,2027-06-14,192,gha,1635.87304,1438.76685,-0.01534,0.00030,0.00001
venus,2027-06-14,192,dec,21.46689,0.81119,-0.03946,-0.00039,0.00000
venus,2027-06-22,192,gha,1633.29795,1438.66210,-0.01050,0.00050,0.00001
venus,2027-06-22,192,dec,22.76007,0.47863,-0.04348,-0.00027,0.00001
venus,2027-06-30,192,gha,1630.55910,1438.60487,-0.00353,0.00065,0.00000
venus,2027-06-30,192,dec,23.36135,0.12082,-0.04567,-0.00010,0.00001
venus,2027-07-08,192,gha,1627.76474,1438.60702,0.00396,0.00059,-0.00001
venus,2027-07-08,192,dec,23.23589,-0.24639,-0.04580,0.00008,0.00001
venus,2027-07-16,192,gha,1625.03172,1438.66534,0.01042,0.00048,-0.00001
venus,2027-07-16,192,dec,22.38166,-0.60627,-0.04391,0.00023,0.00001
venus,2027-07-24,192,gha,1622.46194,1438.76885,0.01518,0.00032,-0.00001
venus,2027-07-24,192,dec,20.82831,-0.94405,-0.04027,0.00038,0.00001
venus,2027-08-01,192,gha,1620.13119,1438.90272,0.01795,0.00012,-0.00002
venus,2027-08-01,192,dec,18.63372,-1.24625,-0.03513,0.00047,0.00000
venus,2027-08-09,192,gha,1618.08178,1439.04787,0.01796,-0.00010,-0.00001
venus,2027-08-09,192,dec,15.87859,-1.50394,-0.02922,0.00051,0.00000
venus,2027-08-17,192,gha,1616.31507,1439.18351,0.01567,-0.00026,-0.00001
venus,2027-08-17,192,dec,12.65651,-1.71298,-0.02303,0.00052,0.00000
venus,2027-08-25,192,gha,1614.79624,1439.29456,0.01196,-0.00034,-0.00000
venus,2027-08-25,192,dec,9.06662,-1.87152,-0.01655,0.00055,-0.00000
venus,2027-09-02,192,gha,1613.46738,1439.37282,0.00745,-0.00042,-0.00001
venus,2027-09-02,192,dec,5.21205,-1.97758,-0.00998,0.00054,-0.00000
venus,2027-09-10,192,gha,1612.25577,1439.41103,0.00200,-0.00048,-0.00000
venus,2027-09-10,192,dec,1.19752,-2.03158,-0.00355,0.00053,-0.00000
venus,2027-09-18,192,gha,1611.07532,1439.40362,-0.00386,-0.00049,0.00000
venus,2027-09-18,192,dec,-2.87392,-2.03455,0.00284,0.00055,0.00000
venus,2027-09-26,192,gha,1609.83387,1439.35038,-0.00932,-0.00042,0.00000
venus,2027-09-26,192,dec,-6.89913,-1.98503,0.00958,0.00057,0.00000
venus,2027-10-04,192,gha,1608.44466,1439.25643,-0.01409,-0.00038,0.00000
venus,2027-10-04,192,dec,-10.77082,-1.88092,0.01647,0.00058,-0.00000
venus,2027-10-12,192,gha,1606.83142,1439.12697,-0.01812,-0.00029,0.00001
venus,2027-10-12,192,dec,-14.37895,-1.72145,0.02339,0.00057,0.00000
venus,2027-10-20,192,gha,1604.93140,1438.97097,-0.02055,-0.00010,0.00002
venus,2027-10-20,192,dec,-17.61268,-1.50643,0.03040,0.00059,-0.00000
venus,2027-10-28,192,gha,1602.70848,1438.80650,-0.02010,0.00017,0.00001
venus,2027-10-28,192,dec,-20.36047,-1.23570,0.03719,0.00054,-0.00000
venus,2027-11-05,192,gha,1600.16968,1438.65749,-0.01676,0.00039,0.00001
venus,2027-11-05,192,dec,-22.51489,-0.91377,0.04311,0.00044,-0.00001
venus,2027-11-13,192,gha,1597.36785,1438.54556,-0.01089,0.00058,0.00001
venus,2027-11-13,192,dec,-23.98268,-0.55038,0.04748,0.00029,-0.00001
venus,2027-11-21,192,gha,1594.39633,1438.48970,-0.00276,0.00076,0.00001
venus,2027-11-21,192,dec,-24.69440,-0.15929,0.04993,0.00010,-0.00001
venus,2027-11-29,192,gha,1591.38348,1438.50533,0.00667,0.00077,-0.00001
venus,2027-11-29,192,dec,-24.61250,0.24108,0.04980,-0.00011,-0.00001
venus,2027-12-07,192,gha,1588.47504,1438.59319,0.01499,0.00060,-0.00002
venus,2027-12-07,192,dec,-23.73877,0.63048,0.04721,-0.00031,-0.00001
venus,2027-12-15,192,gha,1585.80094,1438.73740,0.02064,0.00035,-0.00001
venus,2027-12-15,192,dec,-22.11350,0.99105,0.04273,-0.00043,-0.00001
venus,2027-12-23,192,gha,1583.45206,1438.91633,0.02377,0.00016,-0.00001
venus,2027-12-23,192,dec,-19.80773,1.30972,0.03673,-0.00055,-0.00000
venus,2027-12-31,192,gha,1581.47853,1439.11070,0.02445,-0.00005,-0.00001
venus,2027-12-31,192,dec,-16.91591,1.57637,0.02986,-0.00059,-0.00000
venus,2028-01-08,192,gha,1579.89136,1439.30066,0.02269,-0.00025,-0.00001
venus,2028-01-08,192,dec,-13.54675,1.78688,0.02279,-0.00057,0.00000
venus,2028-01-16,192,gha,1578.66335,1439.46832,0.01910,-0.00032,-0.00000
venus,2028-01-16,192,dec,-9.81211,1.94214,0.01602,-0.00057,-0.00000
venus,2028-01-24,192,gha,1577.74059,1439.60571,0.01525,-0.00032,0.00000
venus,2028-01-24,192,dec,-5.82143,2.04283,0.00917,-0.00056,0.00000
venus,2028-02-01,192,gha,1577.06195,1439.71252,0.01148,-0.00031,0.00000
venus,2028-02-01,192,dec,-1.68361,2.08947,0.00253,-0.00054,0.00000
venus,2028-02-09,192,gha,1576.56681,1439.78912,0.00762,-0.00033,0.00000
venus,2028-02-09,192,dec,2.49561,2.08463,-0.00362,-0.00048,0.00000
venus,2028-02-17,192,gha,1576.19490,1439.83629,0.00442,-0.00019,0.00001
venus,2028-02-17,192,dec,6.61739,2.03223,-0.00953,-0.00050,0.00000
venus,2028-02-25,192,gha,1575.89762,1439.86539,0.00318,-0.00001,0.00001
venus,2028-02-25,192,dec,10.58680,1.93226,-0.01543,-0.00048,0.00000
venus,2028-03-04,192,gha,1575.65611,1439.89405,0.00431,0.00018,0.00001
venus,2028-03-04,192,dec,14.30987,1.78614,-0.02102,-0.00044,0.00001
venus,2028-03-12,192,gha,1575.48710,1439.93948,0.00741,0.00039,0.00002
venus,2028-03-12,192,dec,17.69860,1.59870,-0.02572,-0.00037,0.00000
venus,2028-03-20,192,gha,1575.44506,1440.02444,0.01457,0.00082,0.00003
venus,2028-03-20,192,dec,20.67675,1.37599,-0.02985,-0.00031,0.00001
venus,2028-03-28,192,gha,1575.64795,1440.18929,0.02759,0.00136,0.00003
venus,2028-03-28,192,dec,23.17940,1.12409,-0.03294,-0.00021,0.00001
venus,2028-04-05,192,gha,1576.30449,1440.48309,0.04658,0.00178,0.00003
venus,2028-04-05,192,dec,25.15769,0.85280,-0.03462,-0.00006,0.00001
venus,2028-04-13,192,gha,1577.71728,1440.95030,0.07133,0.00240,0.00005
venus,2028-04-13,192,dec,26.58475,0.57393,-0.03503,-0.00002,0.00000
venus,2028-04-21,192,gha,1580.28836,1441.64841,0.10448,0.00312,0.00004
venus,2028-04-21,192,dec,27.45155,0.29256,-0.03541,-0.00007,-0.00001
venus,2028-04-29,192,gha,1584.54505,1442.64138,0.14402,0.00324,-0.00005
venus,2028-04-29,192,dec,27.74777,0.00165,-0.03785,-0.00037,-0.00002
venus,2028-05-07,192,gha,1591.08606,1443.92418,0.17318,0.00123,-0.00021
venus,2028-05-07,192,dec,27.42933,-0.32579,-0.04468,-0.00074,-0.00001
venus,2028-05-15,192,gha,1600.31623,1445.29619,0.16102,-0.00378,-0.00041
venus,2028-05-15,192,dec,26.39336,-0.71658,-0.05216,-0.00023,0.00009
venus,2028-05-23,192,gha,1611.97459,1446.29199,0.07703,-0.00992,-0.00029
venus,2028-05-23,192,dec,24.55885,-1.10930,-0.04161,0.00225,0.00019
venus,2028-05-31,192,gha,1624.76611,1446.38973,-0.05365,-0.01048,0.00025
venus,2028-05-31,192,dec,22.12606,-1.28788,0.00078,0.00436,0.00002
venus,2028-06-08,192,gha,1636.78531,1445.55405,-0.14382,-0.00410,0.00043
venus,2028-06-08,192,dec,19.71163,-1.08856,0.04598,0.00266,-0.00018
venus,2028-06-16,192,gha,1646.66004,1444.30890,-0.15842,0.00105,0.00019
venus,2028-06-16,192,dec,17.96829,-0.64261,0.06068,-0.00007,-0.00013
venus,2028-06-24,192,gha,1654.07555,1443.12646,-0.13498,0.00237,0.00001
venus,2028-06-24,192,dec,17.14650,-0.18743,0.05097,-0.00131,-0.00003
venus,2028-07-02,192,gha,1659.33790,1442.15912,-0.10714,0.00222,-0.00002
venus,2028-07-02,192,dec,17.12527,0.15145,0.03334,-0.00154,0.00000
venus,2028-07-10,192,gha,1662.87898,1441.40226,-0.08278,0.00182,-0.00003
venus,2028-07-10,192,dec,17.63775,0.34633,0.01572,-0.00136,0.00002
venus,2028-07-18,192,gha,1665.08536,1440.82022,-0.06347,0.00138,-0.00003
venus,2028-07-18,192,dec,18.40802,0.41177,0.00112,-0.00108,0.00002
venus,2028-07-26,192,gha,1666.26427,1440.36999,-0.04987,0.00094,-0.00001
venus,2028-07-26,192,dec,19.20251,0.37316,-0.01037,-0.00085,0.00001
venus,2028-08-03,192,gha,1666.63950,1440.01405,-0.03926,0.00085,-0.00000
venus,2028-08-03,192,dec,19.83544,0.25207,-0.01959,-0.00067,0.00001
venus,2028-08-11,192,gha,1666.38559,1439.74046,-0.02916,0.00084,0.00000
venus,2028-08-11,192,dec,20.15978,0.06660,-0.02640,-0.00046,0.00001
venus,2028-08-19,192,gha,1665.66452,1439.54650,-0.01957,0.00071,-0.00001
venus,2028-08-19,192,dec,20.06654,-0.16351,-0.03080,-0.00027,0.00001
venus,2028-08-27,192,gha,1664.62602,1439.42136,-0.01192,0.00059,-0.00000
venus,2028-08-27,192,dec,19.48453,-0.42049,-0.03319,-0.00013,0.00001
venus,2028-09-04,192,gha,1663.39486,1439.35298,-0.00531,0.00051,-0.00001
venus,2028-09-04,192,dec,18.37537,-0.68905,-0.03364,0.00005,0.00001
venus,2028-09-12,192,gha,1662.07662,1439.33342,0.00025,0.00041,-0.00001
venus,2028-09-12,192,dec,16.73231,-0.95262,-0.03198,0.00021,0.00001
venus,2028-09-20,192,gha,1660.75818,1439.35102,0.00370,0.00016,-0.00001
venus,2028-09-20,192,dec,14.58055,-1.19652,-0.02884,0.00030,0.00000
venus,2028-09-28,192,gha,1659.49390,1439.38546,0.00462,-0.00000,-0.00001
venus,2028-09-28,192,dec,11.96906,-1.41162,-0.02481,0.00037,0.00001
venus,2028-10-06,192,gha,1658.30035,1439.42039,0.00392,-0.00011,-0.00000
venus,2028-10-06,192,dec,8.96251,-1.59078,-0.01983,0.00046,0.00000
venus,2028-10-14,192,gha,1657.16764,1439.44547,0.00220,-0.00020,-0.00001
venus,2028-10-14,192,dec,5.64031,-1.72661,-0.01407,0.00050,0.00000
venus,2028-10-22,192,gha,1656.06690,1439.45110,-0.00102,-0.00032,-0.00000
venus,2028-10-22,192,dec,2.09348,-1.81522,-0.00808,0.00050,0.00000
venus,2028-10-30,192,gha,1654.94792,1439.42639,-0.00524,-0.00037,-0.00000
venus,2028-10-30,192,dec,-1.58235,-1.85549,-0.00193,0.00053,0.00000
venus,2028-11-07,192,gha,1653.74486,1439.36694,-0.00956,-0.00034,0.00000
venus,2028-11-07,192,dec,-5.28799,-1.84458,0.00473,0.00057,0.00000
venus,2028-11-15,192,gha,1652.39001,1439.27505,-0.01337,-0.00031,-0.00000
venus,2028-11-15,192,dec,-8.91741,-1.77906,0.01167,0.00058,-0.00000
venus,2028-11-23,192,gha,1650.82148,1439.15344,-0.01695,-0.00027,0.00001
venus,2028-11-23,192,dec,-12.36009,-1.65782,0.01863,0.00058,0.00000
venus,2028-12-01,192,gha,1648.98393,1439.00692,-0.01944,-0.00013,0.00001
venus,2028-12-01,192,dec,-15.50457,-1.48080,0.02565,0.00059,0.00000
venus,2028-12-09,192,gha,1646.83991,1438.84888,-0.01965,0.00010,0.00001
venus,2028-12-09,192,dec,-18.23874,-1.24760,0.03256,0.00055,-0.00000
venus,2028-12-17,192,gha,1644.38683,1438.70005,-0.01725,0.00029,0.00001
venus,2028-12-17,192,dec,-20.45329,-0.96181,0.03874,0.00047,-0.00001
venus,2028-12-25,192,gha,1641.66213,1438.57907,-0.01268,0.00047,0.00001
venus,2028-12-25,192,dec,-22.05082,-0.63170,0.04356,0.00034,-0.00001
venus,2029-01-02,192,gha,1638.73863,1438.50295,-0.00606,0.00063,0.00001
venus,2029-01-02,192,dec,-22.95464,-0.26948,0.04671,0.00017,-0.00001
venus,2029-01-10,192,gha,1635.72154,1438.48682,0.00214,0.00070,-0.00000
venus,2029-01-10,192,dec,-23.11600,0.10876,0.04750,-0.00003,-0.00001
venus,2029-01-18,192,gha,1632.73765,1438.53573,0.00987,0.00057,-0.00001
venus,2029-01-18,192,dec,-22.52200,0.48395,0.04596,-0.00022,-0.00001
venus,2029-01-26,192,gha,1629.90755,1438.63893,0.01556,0.00037,-0.00001
venus,2029-01-26,192,dec,-21.19674,0.83834,0.04240,-0.00036,-0.00001
venus,2029-02-03,192,gha,1627.32150,1438.77774,0.01883,0.00018,-0.00001
venus,2029-02-03,192,dec,-19.19600,1.15814,0.03731,-0.00049,-0.00001
venus,2029-02-11,192,gha,1625.03219,1438.93376,0.01980,-0.00003,-0.00001
venus,2029-02-11,192,dec,-16.60058,1.43209,0.03109,-0.00054,-0.00000
venus,2029-02-19,192,gha,1623.05457,1439.08732,0.01825,-0.00022,-0.00001
venus,2029-02-19,192,dec,-13.50854,1.65442,0.02446,-0.00056,0.00000
venus,2029-02-27,192,gha,1621.36468,1439.21973,0.01460,-0.00037,-0.00000
venus,2029-02-27,192,dec,-10.02499,1.82366,0.01789,-0.00055,-0.00000
venus,2029-03-07,192,gha,1619.90653,1439.31828,0.00998,-0.00040,-0.00000
venus,2029-03-07,192,dec,-6.25566,1.94008,0.01120,-0.00056,0.00000
venus,2029-03-15,192,gha,1618.60704,1439.37796,0.00486,-0.00045,-0.00000
venus,2029-03-15,192,dec,-2.30690,2.00320,0.00461,-0.00054,0.00000
venus,2029-03-23,192,gha,1617.38457,1439.39497,-0.00068,-0.00048,-0.00000
venus,2029-03-23,192,dec,1.71584,2.01416,-0.00185,-0.00053,0.00000
venus,2029-03-31,192,gha,1616.15062,1439.36625,-0.00645,-0.00045,0.00001
venus,2029-03-31,192,dec,5.70953,1.97428,-0.00817,-0.00055,-0.00000
venus,2029-04-08,192,gha,1614.81531,1439.29432,-0.01139,-0.00037,0.00001
venus,2029-04-08,192,dec,9.57182,1.88251,-0.01478,-0.00055,-0.00000
venus,2029-04-16,192,gha,1613.29991,1439.18708,-0.01524,-0.00027,0.00001
venus,2029-04-16,192,dec,13.19756,1.73767,-0.02144,-0.00056,0.00000
venus,2029-04-24,192,gha,1611.54302,1439.05381,-0.01790,-0.00017,0.00001
venus,2029-04-24,192,dec,16.48041,1.53972,-0.02799,-0.00053,-0.00000
venus,2029-05-02,192,gha,1609.50362,1438.90620,-0.01860,0.00006,0.00002
venus,2029-05-02,192,dec,19.31568,1.29023,-0.03436,-0.00052,0.00000
venus,2029-05-10,192,gha,1607.17260,1438.76466,-0.01634,0.00032,0.00002
venus,2029-05-10,192,dec,21.60258,0.99190,-0.04008,-0.00043,0.00001
venus,2029-05-18,192,gha,1604.58586,1438.65285,-0.01127,0.00051,0.00001
venus,2029-05-18,192,dec,23.25068,0.65244,-0.04457,-0.00031,0.00001
venus,2029-05-26,192,gha,1601.82220,1438.58916,-0.00446,0.00063,0.00001
venus,2029-05-26,192,dec,24.18941,0.28408,-0.04725,-0.00015,0.00001
venus,2029-06-03,192,gha,1598.98978,1438.58511,0.00356,0.00069,0.00000
venus,2029-06-03,192,dec,24.37620,-0.09781,-0.04788,0.00005,0.00001
venus,2029-06-11,192,gha,1596.21436,1438.64618,0.01160,0.00063,-0.00001
venus,2029-06-11,192,dec,23.80168,-0.47527,-0.04616,0.00023,0.00001
venus,2029-06-19,192,gha,1593.62091,1438.76560,0.01785,0.00040,-0.00002
venus,2029-06-19,192,dec,22.49242,-0.83093,-0.04249,0.00038,0.00001
venus,2029-06-27,192,gha,1591.30706,1438.92331,0.02118,0.00017,-0.00001
venus,2029-06-27,192,dec,20.50587,-1.15146,-0.03750,0.00046,0.00001
venus,2029-07-05,192,gha,1589.32723,1439.09762,0.02208,-0.00001,-0.00001
venus,2029-07-05,192,dec,17.92128,-1.42818,-0.03155,0.00053,0.00000
venus,2029-07-13,192,gha,1587.69701,1439.27133,0.02108,-0.00016,-0.00001
venus,2029-07-13,192,dec,14.83283,-1.65489,-0.02511,0.00054,0.00000
venus,2029-07-21,192,gha,1586.39992,1439.42907,0.01807,-0.00033,-0.00001
venus,2029-07-21,192,dec,11.34258,-1.83002,-0.01872,0.00051,-0.00000
venus,2029-07-29,192,gha,1585.38911,1439.55643,0.01366,-0.00039,-0.00000
venus,2029-07-29,192,dec,7.55205,-1.95545,-0.01265,0.00051,0.00000
venus,2029-08-06,192,gha,1584.59616,1439.64666,0.00892,-0.00038,0.00000
venus,2029-08-06,192,dec,3.55929,-2.03222,-0.00654,0.00051,-0.00000
venus,2029-08-14,192,gha,1583.94640,1439.69978,0.00435,-0.00039,-0.00000
venus,2029-08-14,192,dec,-0.53828,-2.06032,-0.00051,0.00049,-0.00000
venus,2029-08-22,192,gha,1583.36534,1439.71506,-0.00056,-0.00041,0.00000
venus,2029-08-22,192,dec,-4.64467,-2.04130,0.00522,0.00047,0.00000
venus,2029-08-30,192,gha,1582.77599,1439.69175,-0.00516,-0.00035,0.00001
venus,2029-08-30,192,dec,-8.66752,-1.97679,0.01094,0.00049,0.00000
venus,2029-09-07,192,gha,1582.10690,1439.63648,-0.00836,-0.00018,0.00001
venus,2029-09-07,192,dec,-12.51475,-1.86547,0.01690,0.00050,0.00000
venus,2029-09-15,192,gha,1581.30758,1439.56293,-0.00987,-0.00008,0.00001
venus,2029-09-15,192,dec,-16.09159,-1.70643,0.02282,0.00048,-0.00000
venus,2029-09-23,192,gha,1580.35305,1439.48247,-0.00995,0.00009,0.00001
venus,2029-09-23,192,dec,-19.30427,-1.50167,0.02832,0.00044,-0.00000
venus,2029-10-01,192,gha,1579.24468,1439.41130,-0.00735,0.00038,0.00003
venus,2029-10-01,192,dec,-22.06467,-1.25448,0.03340,0.00039,-0.00001
venus,2029-10-09,192,gha,1578.02788,1439.37777,-0.00035,0.00075,0.00001
venus,2029-10-09,192,dec,-24.29274,-0.97019,0.03748,0.00028,-0.00001
venus,2029-10-17,192,gha,1576.81192,1439.41492,0.01003,0.00098,0.00001
venus,2029-10-17,192,dec,-25.92443,-0.65948,0.03989,0.00011,-0.00001
venus,2029-10-25,192,gha,1575.76212,1439.54628,0.02323,0.00122,0.00002
venus,2029-10-25,192,dec,-26.92216,-0.33803,0.04015,-0.00007,-0.00001
venus,2029-11-02,192,gha,1575.09073,1439.79623,0.03996,0.00162,0.00003
venus,2029-11-02,192,dec,-27.28219,-0.02380,0.03798,-0.00031,-0.00001
venus,2029-11-10,192,gha,1575.06868,1440.19957,0.06134,0.00190,0.00001
venus,2029-11-10,192,dec,-27.04000,0.26195,0.03312,-0.00050,-0.00001
venus,2029-11-18,192,gha,1576.03351,1440.78546,0.08559,0.00216,0.00002
venus,2029-11-18,192,dec,-26.27216,0.50006,0.02615,-0.00065,-0.00001
venus,2029-11-26,192,gha,1578.37536,1441.57978,0.11367,0.00255,0.00003
venus,2029-11-26,192,dec,-25.08858,0.67660,0.01784,-0.00074,-0.00001
venus,2029-12-04,192,gha,1582.54816,1442.62130,0.14750,0.00295,-0.00002
venus,2029-12-04,192,dec,-23.62188,0.78228,0.00849,-0.00078,0.00001
venus,2029-12-12,192,gha,1589.07178,1443.92642,0.17609,0.00139,-0.00019
venus,2029-12-12,192,dec,-22.01717,0.81543,0.00010,-0.00061,0.00001
venus,2029-12-20,192,gha,1598.33641,1445.33011,0.16591,-0.00369,-0.00042
venus,2029-12-20,192,dec,-20.40669,0.78971,-0.00635,-0.00052,-0.00001
venus,2029-12-28,192,gha,1610.10159,1446.36431,0.08127,-0.01007,-0.00029
venus,2029-12-28,192,dec,-18.90180,0.70810,-0.01489,-0.00098,-0.00003
venus,2030-01-05,192,gha,1623.06327,1446.48469,-0.05296,-0.01103,0.00021
venus,2030-01-05,192,dec,-17.64567,0.53700,-0.02798,-0.00102,0.00004
venus,2030-01-13,192,gha,1635.25083,1445.61955,-0.15247,-0.00497,0.00045
venus,2030-01-13,192,dec,-16.82375,0.27943,-0.03448,0.00006,0.00008
venus,2030-01-21,192,gha,1645.16048,1444.27250,-0.17397,0.00089,0.00025
venus,2030-01-21,192,dec,-16.52363,0.02721,-0.02676,0.00109,0.00004
venus,2030-01-29,192,gha,1652.38308,1442.97254,-0.14750,0.00293,0.00002
venus,2030-01-29,192,dec,-16.63742,-0.12841,-0.01173,0.00133,-0.00000
venus,2030-02-06,192,gha,1657.25940,1441.93272,-0.11285,0.00273,-0.00003
venus,2030-02-06,192,dec,-16.93883,-0.16032,0.00346,0.00117,-0.00002
venus,2030-02-14,192,gha,1660.31961,1441.15224,-0.08316,0.00223,-0.00003
venus,2030-02-14,192,dec,-17.19060,-0.08113,0.01585,0.00089,-0.00002
venus,2030-02-22,192,gha,1662.03951,1440.58832,-0.05837,0.00190,-0.00003
venus,2030-02-22,192,dec,-17.19686,0.08187,0.02425,0.00052,-0.00002
venus,2030-03-02,192,gha,1662.81558,1440.20430,-0.03852,0.00140,-0.00003
venus,2030-03-02,192,dec,-16.82243,0.29648,0.02896,0.00027,-0.00001
venus,2030-03-10,192,gha,1662.96393,1439.95592,-0.02427,0.00100,-0.00002
venus,2030-03-10,192,dec,-15.99010,0.53751,0.03095,0.00007,-0.00001
venus,2030-03-18,192,gha,1662.71561,1439.80421,-0.01410,0.00074,-0.00001
venus,2030-03-18,192,dec,-14.66683,0.78558,0.03072,-0.00013,-0.00002
venus,2030-03-26,192,gha,1662.23751,1439.72424,-0.00626,0.00053,-0.00002
venus,2030-03-26,192,dec,-12.85709,1.02199,0.02813,-0.00028,-0.00001
venus,2030-04-03,192,gha,1661.65263,1439.69474,-0.00163,0.00025,-0.00002
venus,2030-04-03,192,dec,-10.59965,1.23227,0.02431,-0.00035,-0.00000
venus,2030-04-11,192,gha,1661.03551,1439.68939,-0.00012,0.00001,-0.00001
venus,2030-04-11,192,dec,-7.95448,1.40919,0.01987,-0.00038,-0.00000
venus,2030-04-19,192,gha,1660.41228,1439.68698,-0.00059,-0.00006,-0.00000
venus,2030-04-19,192,dec,-4.99269,1.54833,0.01476,-0.00047,-0.00000
venus,2030-04-27,192,gha,1659.77803,1439.67768,-0.00192,-0.00017,-0.00001
venus,2030-04-27,192,dec,-1.79574,1.64392,0.00913,-0.00047,-0.00000
venus,2030-05-05,192,gha,1659.11043,1439.65252,-0.00455,-0.00027,-0.00001
venus,2030-05-05,192,dec,1.54715,1.69423,0.00345,-0.00047,0.00000
venus,2030-05-13,192,gha,1658.36768,1439.60161,-0.00829,-0.00033,0.00000
venus,2030-05-13,192,dec,4.94547,1.69942,-0.00216,-0.00048,-0.00001
venus,2030-05-21,192,gha,1657.49280,1439.52054,-0.01185,-0.00026,0.00000
venus,2030-05-21,192,dec,8.30806,1.65812,-0.00821,-0.00051,0.00000
venus,2030-05-29,192,gha,1656.42952,1439.41373,-0.01479,-0.00023,0.00000
venus,2030-05-29,192,dec,11.53922,1.56791,-0.01435,-0.00052,-0.00000
venus,2030-06-06,192,gha,1655.13057,1439.28527,-0.01725,-0.00018,0.00000
venus,2030-06-06,192,dec,14.54071,1.42846,-0.02049,-0.00050,0.00000
venus,2030-06-14,192,gha,1653.55716,1439.14000,-0.01882,-0.00004,0.00001
venus,2030-06-14,192,dec,17.21470,1.24049,-0.02653,-0.00051,0.00000
venus,2030-06-22,192,gha,1651.68752,1438.99099,-0.01807,0.00016,0.00001
venus,2030-06-22,192,dec,19.46458,1.00453,-0.03236,-0.00046,0.00000
venus,2030-06-30,192,gha,1649.53332,1438.85733,-0.01505,0.00033,0.00001
venus,2030-06-30,192,dec,21.19819,0.72486,-0.03742,-0.00038,0.00001
venus,2030-07-08,192,gha,1647.14162,1438.75485,-0.01039,0.00044,0.00001
venus,2030-07-08,192,dec,22.33563,0.40941,-0.04122,-0.00026,0.00001
venus,2030-07-16,192,gha,1644.58643,1438.69500,-0.00435,0.00057,0.00001
venus,2030-07-16,192,dec,22.81637,0.06941,-0.04351,-0.00011,0.00001
venus,2030-07-24,192,gha,1641.96374,1438.68817,0.00267,0.00058,-0.00000
venus,2030-07-24,192,dec,22.60508,-0.28090,-0.04376,0.00006,0.00001
venus,2030-08-01,192,gha,1639.38251,1438.73593,0.00905,0.00046,-0.00001
venus,2030-08-01,192,dec,21.69744,-0.62534,-0.04207,0.00022,0.00001
venus,2030-08-09,192,gha,1636.94166,1438.82678,0.01332,0.00026,-0.00001
venus,2030-08-09,192,dec,20.12002,-0.94929,-0.03873,0.00033,0.00001
venus,2030-08-17,192,gha,1634.70979,1438.94317,0.01550,0.00010,-0.00001
venus,2030-08-17,192,dec,17.92559,-1.24124,-0.03406,0.00044,0.00001
venus,2030-08-25,192,gha,1632.72204,1439.06928,0.01574,-0.00006,-0.00001
venus,2030-08-25,192,dec,15.18818,-1.49144,-0.02839,0.00050,0.00000
venus,2030-09-02,192,gha,1630.98197,1439.18910,0.01389,-0.00025,-0.00001
venus,2030-09-02,192,dec,11.99738,-1.69426,-0.02227,0.00052,-0.00000
venus,2030-09-10,192,gha,1629.46021,1439.28600,0.01014,-0.00036,-0.00000
venus,2030-09-10,192,dec,8.45027,-1.84770,-0.01608,0.00053,0.00000
venus,2030-09-18,192,gha,1628.09901,1439.34894,0.00552,-0.00041,-0.00000
venus,2030-09-18,192,dec,4.64654,-1.95066,-0.00963,0.00055,0.00000
venus,2030-09-26,192,gha,1626.82538,1439.37329,0.00054,-0.00043,-0.00000
venus,2030-09-26,192,dec,0.68899,-2.00142,-0.00306,0.00055,0.00000
venus,2030-10-04,192,gha,1625.55932,1439.35609,-0.00492,-0.00047,-0.00000
venus,2030-10-04,192,dec,-3.31736,-1.99943,0.00354,0.00054,0.00000
venus,2030-10-12,192,gha,1624.21429,1439.29424,-0.01048,-0.00044,0.00000
venus,2030-10-12,192,dec,-7.26696,-1.94461,0.01022,0.00057,0.00000
venus,2030-10-20,192,gha,1622.70327,1439.19081,-0.01521,-0.00034,0.00001
venus,2030-10-20,192,dec,-11.05238,-1.83496,0.01724,0.00059,-0.00000
venus,2030-10-28,192,gha,1620.95197,1439.05515,-0.01850,-0.00022,0.00001
venus,2030-10-28,192,dec,-14.56175,-1.66844,0.02441,0.00060,-0.00000
venus,2030-11-05,192,gha,1618.90730,1438.89861,-0.02037,-0.00007,0.00001
venus,2030-11-05,192,dec,-17.68095,-1.44492,0.03142,0.00057,-0.00000
venus,2030-11-13,192,gha,1616.54152,1438.73604,-0.01985,0.00017,0.00002
venus,2030-11-13,192,dec,-20.29800,-1.16656,0.03809,0.00053,-0.00000
venus,2030-11-21,192,gha,1613.86451,1438.59006,-0.01612,0.00046,0.00002
venus,2030-11-21,192,dec,-22.30745,-0.83813,0.04381,0.00042,-0.00001
venus,2030-11-29,192,gha,1610.93562,1438.48660,-0.00947,0.00063,0.00001
venus,2030-11-29,192,dec,-23.61908,-0.47007,0.04792,0.00025,-0.00001
venus,2030-12-07,192,gha,1607.85814,1438.44269,-0.00135,0.00071,0.00000
venus,2030-12-07,192,dec,-24.16851,-0.07778,0.04982,0.00006,-0.00001
venus,2030-12-15,192,gha,1604.75980,1438.46606,0.00715,0.00069,-0.00000
venus,2030-12-15,192,dec,-23.92562,0.32026,0.04933,-0.00015,-0.00001
venus,2030-12-23,192,gha,1601.77449,1438.55512,0.01491,0.00057,-0.00002
venus,2030-12-23,192,dec,-22.89869,0.70415,0.04632,-0.00033,-0.00001
venus,2030-12-31,192,gha,1599.02231,1438.69701,0.02008,0.00029,-0.00002
venus,2030-12-31,192,dec,-21.13428,1.05619,0.04145,-0.00047,-0.00001
venus,2031-01-08,192,gha,1596.58498,1438.86728,0.02204,0.00004,-0.00001
venus,2031-01-08,192,dec,-18.70904,1.36400,0.03538,-0.00054,-0.00000
venus,2031-01-16,192,gha,1594.49481,1439.04195,0.02133,-0.00013,-0.00001
venus,2031-01-16,192,dec,-15.71902,1.62038,0.02861,-0.00059,-0.00000
venus,2031-01-24,192,gha,1592.74275,1439.20399,0.01893,-0.00028,-0.00001
venus,2031-01-24,192,dec,-12.27202,1.82069,0.02149,-0.00059,0.00000
venus,2031-02-01,192,gha,1591.28992,1439.33973,0.01479,-0.00040,-0.00001
venus,2031-02-01,192,dec,-8.48093,1.96460,0.01453,-0.00057,0.00000
venus,2031-02-09,192,gha,1590.07147,1439.43742,0.00952,-0.00047,-0.00000
venus,2031-02-09,192,dec,-4.45668,2.05412,0.00789,-0.00055,-0.00000
venus,2031-02-17,192,gha,1589.00500,1439.49159,0.00410,-0.00043,0.00000
venus,2031-02-17,192,dec,-0.30635,2.09066,0.00123,-0.00055,0.00000
venus,2031-02-25,192,gha,1588.00499,1439.50421,-0.00094,-0.00042,0.00000
venus,2031-02-25,192,dec,3.86394,2.07416,-0.00533,-0.00054,0.00000
venus,2031-03-05,192,gha,1586.99018,1439.47688,-0.00587,-0.00040,0.00000
venus,2031-03-05,192,dec,7.94920,2.00576,-0.01174,-0.00052,0.00000
venus,2031-03-13,192,gha,1585.88243,1439.41170,-0.01027,-0.00031,0.00001
venus,2031-03-13,192,dec,11.84692,1.88672,-0.01805,-0.00054,-0.00000
venus,2031-03-21,192,gha,1584.61421,1439.31795,-0.01283,-0.00012,0.00001
venus,2031-03-21,192,dec,15.45563,1.71666,-0.02444,-0.00052,0.00000
venus,2031-03-29,192,gha,1583.14493,1439.21241,-0.01326,0.00005,0.00001
venus,2031-03-29,192,dec,18.67391,1.49654,-0.03053,-0.00049,0.00000
venus,2031-04-06,192,gha,1581.46750,1439.11149,-0.01168,0.00022,0.00001
venus,2031-04-06,192,dec,21.40514,1.23021,-0.03590,-0.00041,0.00000
venus,2031-04-14,192,gha,1579.60847,1439.03299,-0.00745,0.00050,0.00002
venus,2031-04-14,192,dec,23.56380,0.92479,-0.04027,-0.00031,0.00001
venus,2031-04-22,192,gha,1577.63746,1439.00242,0.00024,0.00075,0.00001
venus,2031-04-22,192,dec,25.08144,0.59058,-0.04301,-0.00015,0.00001
venus,2031-04-30,192,gha,1575.67455,1439.04285,0.01004,0.00085,-0.00000
venus,2031-04-30,192,dec,25.91503,0.24243,-0.04371,0.00004,0.00001
venus,2031-05-08,192,gha,1573.87257,1439.16351,0.02007,0.00083,0.00000
venus,2031-05-08,192,dec,26.05382,-0.10237,-0.04219,0.00021,0.00001
venus,2031-05-16,192,gha,1572.39227,1439.36474,0.03032,0.00088,0.00000
venus,2031-05-16,192,dec,25.52181,-0.42658,-0.03852,0.00040,0.00001
venus,2031-05-24,192,gha,1571.39746,1439.64911,0.04072,0.00085,-0.00000
venus,2031-05-24,192,dec,24.37739,-0.71314,-0.03289,0.00053,0.00001
venus,2031-06-01,192,gha,1571.05296,1440.01453,0.05048,0.00076,-0.00001
venus,2031-06-01,192,dec,22.70946,-0.94898,-0.02592,0.00062,0.00000
venus,2031-06-09,192,gha,1571.51461,1440.45484,0.05980,0.00087,0.00002
venus,2031-06-09,192,dec,20.62823,-1.12578,-0.01813,0.00070,0.00001
venus,2031-06-17,192,gha,1572.93973,1440.98072,0.07233,0.00124,0.00003
venus,2031-06-17,192,dec,18.25986,-1.23493,-0.00894,0.00083,0.00001
venus,2031-06-25,192,gha,1575.53257,1441.62687,0.09003,0.00171,0.00003
venus,2031-06-25,192,dec,15.75135,-1.26468,0.00175,0.00096,0.00001
venus,2031-07-03,192,gha,1579.57497,1442.43399,0.11214,0.00195,0.00002
venus,2031-07-03,192,dec,13.27422,-1.20216,0.01411,0.00110,0.00001
venus,2031-07-11,192,gha,1585.41644,1443.42774,0.13636,0.00195,-0.00004
venus,2031-07-11,192,dec,11.02801,-1.03161,0.02904,0.00138,0.00001
venus,2031-07-19,192,gha,1593.42306,1444.59181,0.15154,0.00015,-0.00021
venus,2031-07-19,192,dec,9.25114,-0.73097,0.04612,0.00138,-0.00002
venus,2031-07-27,192,gha,1603.77288,1445.73681,0.12569,-0.00497,-0.00041
venus,2031-07-27,192,dec,8.20273,-0.30731,0.05811,0.00041,-0.00011
venus,2031-08-04,192,gha,1615.99178,1446.40383,0.03234,-0.00986,-0.00013
venus,2031-08-04,192,dec,8.04647,0.14591,0.05195,-0.00142,-0.00010
venus,2031-08-12,192,gha,1628.68088,1446.18785,-0.08372,-0.00840,0.00029
venus,2031-08-12,192,dec,8.68368,0.47073,0.02744,-0.00244,-0.00001
venus,2031-08-20,192,gha,1640.13200,1445.20652,-0.15174,-0.00285,0.00033
venus,2031-08-20,192,dec,9.75385,0.57617,-0.00036,-0.00204,0.00005
venus,2031-08-28,192,gha,1649.27868,1443.93416,-0.15924,0.00122,0.00018
venus,2031-08-28,192,dec,10.83537,0.48896,-0.02003,-0.00123,0.00005
venus,2031-09-05,192,gha,1655.94629,1442.75600,-0.13251,0.00283,0.00003
venus,2031-09-05,192,dec,11.61584,0.28307,-0.03023,-0.00054,0.00003
venus,2031-09-13,192,gha,1660.50680,1441.83291,-0.09855,0.00268,-0.00003
venus,2031-09-13,192,dec,11.92431,0.02187,-0.03450,-0.00021,0.00001
venus,2031-09-21,192,gha,1663.47831,1441.16209,-0.07037,0.00200,-0.00004
venus,2031-09-21,192,dec,11.68656,-0.26076,-0.03587,-0.00004,0.00001
venus,2031-09-29,192,gha,1665.30897,1440.68598,-0.04944,0.00154,-0.00002
venus,2031-09-29,192,dec,10.87859,-0.54673,-0.03527,0.00016,0.00001
mars,2026-10-01,192,gha,1687.10133,1441.54450,0.01233,0.00010,-0.00000
mars,2026-10-01,192,dec,20.30180,-0.47657,-0.00533,0.00013,-0.00000
mars,2026-10-09,192,gha,1690.29242,1441.64743,0.01333,0.00006,-0.00000
mars,2026-10-09,192,dec,19.31107,-0.51283,-0.00372,0.00014,-0.00000
mars,2026-10-17,192,gha,1693.69617,1441.75687,0.01401,0.00005,-0.00000
mars,2026-10-17,192,dec,18.26069,-0.53624,-0.00216,0.00012,-0.00000
mars,2026-10-25,192,gha,1697.32426,1441.87192,0.01486,0.00011,0.00001
mars,2026-10-25,192,dec,17.17580,-0.54731,-0.00054,0.00016,0.00000
mars,2026-11-02,192,gha,1701.19209,1441.99732,0.01654,0.00014,-0.00000
mars,2026-11-02,192,dec,16.08300,-0.54388,0.00139,0.00016,0.00000
mars,2026-11-10,192,gha,1705.32438,1442.13635,0.01821,0.00014,0.00000
mars,2026-11-10,192,dec,15.01257,-0.52494,0.00333,0.00016,-0.00000
mars,2026-11-18,192,gha,1709.74830,1442.28907,0.02002,0.00017,0.00001
mars,2026-11-18,192,dec,13.99514,-0.49096,0.00517,0.00016,0.00000
mars,2026-11-26,192,gha,1714.49478,1442.45983,0.02292,0.00030,0.00000
mars,2026-11-26,192,dec,13.06154,-0.44069,0.00748,0.00021,-0.00000
mars,2026-12-04,192,gha,1719.60971,1442.65827,0.02672,0.00033,0.00000
mars,2026-12-04,192,dec,12.24785,-0.37093,0.00996,0.00021,-0.00000
mars,2026-12-12,192,gha,1725.15272,1442.88811,0.03078,0.00035,0.00000
mars,2026-12-12,192,dec,11.59333,-0.28163,0.01232,0.00019,-0.00000
mars,2026-12-20,192,gha,1731.18932,1443.15239,0.03549,0.00047,0.00001
mars,2026-12-20,192,dec,11.13588,-0.17383,0.01472,0.00023,0.00000
mars,2026-12-28,192,gha,1737.79709,1443.46050,0.04160,0.00051,-0.00000
mars,2026-12-28,192,dec,10.91450,-0.04539,0.01732,0.00019,-0.00000
mars,2027-01-05,192,gha,1745.06896,1443.81591,0.04703,0.00038,-0.00001
mars,2027-01-05,192,dec,10.96832,0.10061,0.01898,0.00007,-0.00001
mars,2027-01-13,192,gha,1753.08895,1444.20679,0.05029,0.00015,-0.00001
mars,2027-01-13,192,dec,11.32213,0.25311,0.01887,-0.00008,-0.00001
mars,2027-01-21,192,gha,1761.90816,1444.61284,0.05076,-0.00013,-0.00003
mars,2027-01-21,192,dec,11.97455,0.39775,0.01696,-0.00027,-0.00002
mars,2027-01-29,192,gha,1771.52717,1445.00152,0.04515,-0.00084,-0.00005
mars,2027-01-29,192,dec,12.89146,0.51481,0.01174,-0.00060,-0.00002
mars,2027-02-06,192,gha,1781.85023,1445.30931,0.03049,-0.00158,-0.00004
mars,2027-02-06,192,dec,13.98890,0.57531,0.00298,-0.00082,-0.00000
mars,2027-02-14,192,gha,1792.64751,1445.47018,0.00921,-0.00187,-0.00000
mars,2027-02-14,192,dec,15.13237,0.56014,-0.00660,-0.00073,0.00001
mars,2027-02-22,192,gha,1443.58995,1445.45335,-0.01346,-0.00188,0.00001
mars,2027-02-22,192,dec,16.17409,0.47515,-0.01432,-0.00054,0.00002
mars,2027-03-02,192,gha,1454.32102,1445.26054,-0.03401,-0.00147,0.00004
mars,2027-03-02,192,dec,16.99277,0.33956,-0.01907,-0.00025,0.00002
mars,2027-03-10,192,gha,1464.52273,1444.93012,-0.04724,-0.00070,0.00005
mars,2027-03-10,192,dec,17.51365,0.18041,-0.02016,0.00006,0.00002
mars,2027-03-18,192,gha,1473.98804,1444.53199,-0.05113,-0.00004,0.00002
mars,2027-03-18,192,dec,17.71793,0.02537,-0.01839,0.00019,0.00000
mars,2027-03-26,192,gha,1482.64518,1444.12628,-0.04979,0.00025,0.00002
mars,2027-03-26,192,dec,17.62880,-0.11260,-0.01612,0.00018,-0.00000
mars,2027-04-03,192,gha,1490.51140,1443.74348,-0.04556,0.00045,0.00001
mars,2027-04-03,192,dec,17.28119,-0.23335,-0.01411,0.00016,0.00000
mars,2027-04-11,192,gha,1497.65309,1443.40359,-0.03914,0.00059,0.00000
mars,2027-04-11,192,dec,16.70815,-0.33797,-0.01205,0.00016,-0.00000
mars,2027-04-19,192,gha,1504.16883,1443.11767,-0.03253,0.00049,-0.00001
mars,2027-04-19,192,dec,15.94118,-0.42770,-0.01048,0.00010,-0.00000
mars,2027-04-27,192,gha,1510.16132,1442.87923,-0.02723,0.00040,-0.00000
mars,2027-04-27,192,dec,15.00524,-0.50746,-0.00954,0.00006,-0.00000
mars,2027-05-05,192,gha,1515.71664,1442.67993,-0.02261,0.00039,0.00000
mars,2027-05-05,192,dec,13.91637,-0.58074,-0.00873,0.00009,0.00000
mars,2027-05-13,192,gha,1520.91017,1442.51730,-0.01818,0.00032,-0.00001
mars,2027-05-13,192,dec,12.68816,-0.64669,-0.00780,0.00007,-0.00000
mars,2027-05-21,192,gha,1525.81001,1442.38514,-0.01506,0.00021,-0.00000
mars,2027-05-21,192,dec,11.33461,-0.70631,-0.00714,0.00004,-0.00000
mars,2027-05-29,192,gha,1530.46703,1442.27367,-0.01291,0.00016,-0.00000
mars,2027-05-29,192,dec,9.86626,-0.76168,-0.00670,0.00004,0.00000
mars,2027-06-06,192,gha,1534.91738,1442.17838,-0.01088,0.00017,-0.00000
mars,2027-06-06,192,dec,8.29157,-0.81235,-0.00593,0.00007,-0.00000
mars,2027-06-14,192,gha,1539.19272,1442.09829,-0.00929,0.00009,-0.00000
mars,2027-06-14,192,dec,6.62183,-0.85676,-0.00519,0.00006,-0.00000
mars,2027-06-22,192,gha,1543.31777,1442.02738,-0.00854,0.00004,-0.00000
mars,2027-06-22,192,dec,4.86871,-0.89588,-0.00462,0.00004,-0.00000
mars,2027-06-30,192,gha,1547.30548,1441.96065,-0.00813,0.00005,0.00000
mars,2027-06-30,192,dec,3.04180,-0.93050,-0.00396,0.00008,0.00000
mars,2027-07-08,192,gha,1551.16366,1441.89803,-0.00755,0.00003,-0.00000
mars,2027-07-08,192,dec,1.15198,-0.95858,-0.00307,0.00007,0.00000
mars,2027-07-16,192,gha,1554.89991,1441.83827,-0.00748,-0.00002,-0.00000
mars,2027-07-16,192,dec,-0.78702,-0.97973,-0.00224,0.00006,-0.00000
mars,2027-07-24,192,gha,1558.51550,1441.77699,-0.00788,-0.00004,0.00000
mars,2027-07-24,192,dec,-2.76217,-0.99483,-0.00153,0.00007,0.00000
mars,2027-08-01,192,gha,1562.00529,1441.71256,-0.00816,-0.00001,0.00000
mars,2027-08-01,192,dec,-4.76094,-1.00308,-0.00050,0.00009,-0.00000
mars,2027-08-09,192,gha,1565.36467,1441.64663,-0.00839,-0.00004,-0.00000
mars,2027-08-09,192,dec,-6.76768,-1.00275,0.00059,0.00009,-0.00000
mars,2027-08-17,192,gha,1568.58898,1441.57714,-0.00904,-0.00007,-0.00000
mars,2027-08-17,192,dec,-8.76514,-0.99386,0.00161,0.00008,0.00000
mars,2027-08-25,192,gha,1571.66834,1441.50155,-0.00983,-0.00005,0.00000
mars,2027-08-25,192,dec,-10.73662,-0.97668,0.00275,0.00011,0.00000
mars,2027-09-02,192,gha,1574.59135,1441.42114,-0.01022,-0.00003,-0.00000
mars,2027-09-02,192,dec,-12.66371,-0.94927,0.00411,0.00012,0.00000
mars,2027-09-10,192,gha,1577.35055,1441.33767,-0.01069,-0.00005,-0.00000
mars,2027-09-10,192,dec,-14.52491,-0.91076,0.00552,0.00011,-0.00000
mars,2027-09-18,192,gha,1579.93831,1441.24953,-0.01135,-0.00005,0.00000
mars,2027-09-18,192,dec,-16.29804,-0.86125,0.00687,0.00012,0.00000
mars,2027-09-26,192,gha,1582.34504,1441.15691,-0.01170,0.00000,0.00000
mars,2027-09-26,192,dec,-17.96060,-0.79998,0.00846,0.00013,-0.00000
mars,2027-10-04,192,gha,1584.56582,1441.06403,-0.01150,0.00002,-0.00000
mars,2027-10-04,192,dec,-19.48775,-0.72581,0.01009,0.00014,-0.00000
mars,2027-10-12,192,gha,1586.60249,1440.97281,-0.01130,0.00002,0.00000
mars,2027-10-12,192,dec,-20.85356,-0.63869,0.01166,0.00012,-0.00000
mars,2027-10-20,192,gha,1588.45863,1440.88363,-0.01092,0.00006,0.00000
mars,2027-10-20,192,dec,-22.03288,-0.53934,0.01321,0.00014,-0.00000
mars,2027-10-28,192,gha,1590.14164,1440.80035,-0.00977,0.00013,0.00000
mars,2027-10-28,192,dec,-23.00102,-0.42758,0.01469,0.00012,0.00000
mars,2027-11-05,192,gha,1591.66914,1440.72847,-0.00819,0.00013,0.00000
mars,2027-11-05,192,dec,-23.73436,-0.30465,0.01601,0.00010,-0.00000
mars,2027-11-13,192,gha,1593.06566,1440.66939,-0.00657,0.00014,0.00000
mars,2027-11-13,192,dec,-24.21228,-0.17245,0.01701,0.00008,0.00000
mars,2027-11-21,192,gha,1594.35764,1440.62420,-0.00463,0.00019,0.00000
mars,2027-11-21,192,dec,-24.41829,-0.03288,0.01781,0.00004,-0.00000
mars,2027-11-29,192,gha,1595.57675,1440.59698,-0.00216,0.00021,-0.00000
mars,2027-11-29,192,dec,-24.34023,0.11123,0.01817,0.00002,-0.00000
mars,2027-12-07,192,gha,1596.76096,1440.58913,0.00014,0.00017,-0.00000
mars,2027-12-07,192,dec,-23.97222,0.25676,0.01814,-0.00002,-0.00000
mars,2027-12-15,192,gha,1597.94642,1440.59789,0.00202,0.00015,0.00000
mars,2027-12-15,192,dec,-23.31458,0.40059,0.01780,-0.00004,-0.00000
mars,2027-12-23,192,gha,1599.16425,1440.62152,0.00391,0.00016,-0.00000
mars,2027-12-23,192,dec,-22.37323,0.54008,0.01699,-0.00009,-0.00000
mars,2027-12-31,192,gha,1600.44411,1440.65971,0.00556,0.00011,-0.00000
mars,2027-12-31,192,dec,-21.16057,0.67163,0.01586,-0.00011,-0.00000
mars,2028-01-08,192,gha,1601.81149,1440.70846,0.00651,0.00005,-0.00000
mars,2028-01-08,192,dec,-19.69481,0.79295,0.01445,-0.00012,0.00000
mars,2028-01-16,192,gha,1603.28190,1440.76228,0.00692,0.00003,0.00000
mars,2028-01-16,192,dec,-17.99777,0.90285,0.01296,-0.00015,-0.00000
mars,2028-01-24,192,gha,1604.86296,1440.81906,0.00724,0.00001,-0.00000
mars,2028-01-24,192,dec,-16.09413,0.99929,0.01114,-0.00015,-0.00000
mars,2028-02-01,192,gha,1606.55900,1440.87691,0.00715,-0.00003,-0.00000
mars,2028-02-01,192,dec,-14.01228,1.08101,0.00927,-0.00016,-0.00000
mars,2028-02-09,192,gha,1608.36817,1440.93168,0.00646,-0.00007,0.00000
mars,2028-02-09,192,dec,-11.78189,1.14790,0.00750,-0.00014,-0.00000
mars,2028-02-17,192,gha,1610.28064,1440.98014,0.00568,-0.00006,-0.00000
mars,2028-02-17,192,dec,-9.43195,1.20046,0.00561,-0.00016,0.00000
mars,2028-02-25,192,gha,1612.28400,1441.02259,0.00492,-0.00007,-0.00000
mars,2028-02-25,192,dec,-6.99223,1.23767,0.00371,-0.00016,0.00000
mars,2028-03-04,192,gha,1614.36562,1441.05820,0.00393,-0.00010,-0.00000
mars,2028-03-04,192,dec,-4.49314,1.25989,0.00187,-0.00014,0.00000
mars,2028-03-12,192,gha,1616.50934,1441.08444,0.00265,-0.00009,0.00000
mars,2028-03-12,192,dec,-1.96347,1.26843,0.00024,-0.00015,-0.00000
mars,2028-03-20,192,gha,1618.69604,1441.10138,0.00160,-0.00008,0.00000
mars,2028-03-20,192,dec,0.56987,1.26348,-0.00148,-0.00015,0.00000
mars,2028-03-28,192,gha,1620.90878,1441.11062,0.00071,-0.00008,-0.00000
mars,2028-03-28,192,dec,3.07957,1.24484,-0.00316,-0.00014,0.00000
mars,2028-04-05,192,gha,1623.13248,1441.11216,-0.00038,-0.00010,0.00000
mars,2028-04-05,192,dec,5.53907,1.21344,-0.00463,-0.00011,-0.00000
mars,2028-04-13,192,gha,1625.35035,1441.10486,-0.00138,-0.00007,0.00000
mars,2028-04-13,192,dec,7.92445,1.17073,-0.00608,-0.00012,0.00000
mars,2028-04-21,192,gha,1627.54684,1441.09112,-0.00200,-0.00004,0.00000
mars,2028-04-21,192,dec,10.21270,1.11633,-0.00750,-0.00011,-0.00000
mars,2028-04-29,192,gha,1629.71170,1441.07337,-0.00245,-0.00005,-0.00000
mars,2028-04-29,192,dec,12.38100,1.05084,-0.00885,-0.00010,0.00000
mars,2028-05-07,192,gha,1631.83695,1441.05140,-0.00302,-0.00004,0.00000
mars,2028-05-07,192,dec,14.40840,0.97566,-0.00994,-0.00010,-0.00000
mars,2028-05-15,192,gha,1633.91476,1441.02628,-0.00318,0.00001,0.00000
mars,2028-05-15,192,dec,16.27648,0.89147,-0.01108,-0.00009,0.00000
mars,2028-05-23,192,gha,1635.94264,1441.00188,-0.00286,0.00004,-0.00000
mars,2028-05-23,192,dec,17.96757,0.79879,-0.01208,-0.00008,0.00000
mars,2028-05-31,192,gha,1637.92469,1440.98044,-0.00253,0.00002,0.00000
mars,2028-05-31,192,dec,19.46578,0.69876,-0.01287,-0.00005,-0.00000
mars,2028-06-08,192,gha,1639.86650,1440.96173,-0.00209,0.00006,0.00000
mars,2028-06-08,192,dec,20.75832,0.59323,-0.01352,-0.00005,0.00000
mars,2028-06-16,192,gha,1641.77594,1440.94849,-0.00115,0.00010,0.00000
mars,2028-06-16,192,dec,21.83491,0.48296,-0.01400,-0.00003,0.00000
mars,2028-06-24,192,gha,1643.66780,1440.94443,0.00011,0.00009,-0.00000
mars,2028-06-24,192,dec,22.68773,0.36961,-0.01431,-0.00001,0.00000
mars,2028-07-02,192,gha,1645.56075,1440.94936,0.00112,0.00009,0.00000
mars,2028-07-02,192,dec,23.31239,0.25505,-0.01432,-0.00000,-0.00000
mars,2028-07-10,192,gha,1647.47190,1440.96276,0.00228,0.00011,0.00000
mars,2028-07-10,192,dec,23.70806,0.14070,-0.01422,0.00002,0.00000
mars,2028-07-18,192,gha,1649.42017,1440.98677,0.00377,0.00013,-0.00000
mars,2028-07-18,192,dec,23.87678,0.02834,-0.01385,0.00003,-0.00000
mars,2028-07-26,192,gha,1651.42816,1441.02224,0.00500,0.00008,-0.00000
mars,2028-07-26,192,dec,23.82426,-0.08038,-0.01328,0.00006,-0.00000
mars,2028-08-03,192,gha,1653.51551,1441.06586,0.00589,0.00007,0.00000
mars,2028-08-03,192,dec,23.55931,-0.18402,-0.01262,0.00006,0.00000
mars,2028-08-11,192,gha,1655.69725,1441.11666,0.00683,0.00009,0.00000
mars,2028-08-11,192,dec,23.09282,-0.28174,-0.01176,0.00008,0.00000
mars,2028-08-19,192,gha,1657.98862,1441.17557,0.00784,0.00006,-0.00000
mars,2028-08-19,192,dec,22.43843,-0.37183,-0.01076,0.00009,0.00000
mars,2028-08-27,192,gha,1660.40403,1441.24019,0.00825,0.00002,-0.00000
mars,2028-08-27,192,dec,21.61209,-0.45363,-0.00970,0.00008,-0.00000
mars,2028-09-04,192,gha,1662.95116,1441.30712,0.00848,0.00002,0.00000
mars,2028-09-04,192,dec,20.63039,-0.52721,-0.00867,0.00010,0.00000
mars,2028-09-12,192,gha,1665.63431,1441.37636,0.00887,0.00004,-0.00000
mars,2028-09-12,192,dec,19.51050,-0.59165,-0.00744,0.00010,-0.00000
mars,2028-09-20,192,gha,1668.45909,1441.44860,0.00909,-0.00001,-0.00000
mars,2028-09-20,192,dec,18.27154,-0.64629,-0.00622,0.00010,-0.00000
mars,2028-09-28,192,gha,1671.42849,1441.52064,0.00891,-0.00002,0.00000
mars,2028-09-28,192,dec,16.93268,-0.69167,-0.00514,0.00009,0.00000
mars,2028-10-06,192,gha,1674.54055,1441.59135,0.00882,0.00001,0.00000
mars,2028-10-06,192,dec,15.51183,-0.72819,-0.00395,0.00011,0.00000
mars,2028-10-14,192,gha,1677.79458,1441.66290,0.00908,0.00002,-0.00000
mars,2028-10-14,192,dec,14.02787,-0.75472,-0.00269,0.00010,0.00000
mars,2028-10-22,192,gha,1681.19306,1441.73553,0.00903,-0.00001,0.00000
mars,2028-10-22,192,dec,12.50072,-0.77147,-0.00154,0.00008,-0.00000
mars,2028-10-30,192,gha,1684.73600,1441.80733,0.00895,0.00001,0.00000
mars,2028-10-30,192,dec,10.94873,-0.77965,-0.00048,0.00010,0.00000
mars,2028-11-07,192,gha,1688.42309,1441.88009,0.00934,0.00006,0.00000
mars,2028-11-07,192,dec,9.38951,-0.77851,0.00079,0.00011,-0.00000
mars,2028-11-15,192,gha,1692.26031,1441.95772,0.01003,0.00004,-0.00000
mars,2028-11-15,192,dec,7.84280,-0.76715,0.00205,0.00010,-0.00000
mars,2028-11-23,192,gha,1696.25760,1442.04000,0.01056,0.00005,0.00000
mars,2028-11-23,192,dec,6.32831,-0.74647,0.00311,0.00009,0.00000
mars,2028-12-01,192,gha,1700.42453,1442.12770,0.01148,0.00011,0.00001
mars,2028-12-01,192,dec,4.86384,-0.71698,0.00432,0.00012,0.00000
mars,2028-12-09,192,gha,1704.77708,1442.22638,0.01329,0.00017,-0.00000
mars,2028-12-09,192,dec,3.46893,-0.67675,0.00574,0.00012,0.00000
mars,2028-12-17,192,gha,1709.34254,1442.34073,0.01528,0.00017,0.00000
mars,2028-12-17,192,dec,2.16563,-0.62544,0.00705,0.00010,-0.00000
mars,2028-12-25,192,gha,1714.15309,1442.47169,0.01755,0.00022,0.00001
mars,2028-12-25,192,dec,0.97493,-0.56423,0.00829,0.00012,0.00000
mars,2029-01-02,192,gha,1719.24669,1442.62474,0.02094,0.00035,0.00001
mars,2029-01-02,192,dec,-0.08218,-0.49151,0.00993,0.00014,0.00000
mars,2029-01-10,192,gha,1724.67757,1442.80984,0.02537,0.00037,-0.00000
mars,2029-01-10,192,dec,-0.98019,-0.40505,0.01167,0.00014,-0.00000
mars,2029-01-18,192,gha,1730.51443,1443.03081,0.02992,0.00040,0.00000
mars,2029-01-18,192,dec,-1.69205,-0.30556,0.01319,0.00013,0.00000
mars,2029-01-26,192,gha,1736.83118,1443.29023,0.03509,0.00049,0.00001
mars,2029-01-26,192,dec,-2.19252,-0.19348,0.01491,0.00016,0.00000
mars,2029-02-03,192,gha,1743.71208,1443.59593,0.04137,0.00051,-0.00001
mars,2029-02-03,192,dec,-2.45414,-0.06658,0.01677,0.00014,-0.00000
mars,2029-02-11,192,gha,1751.25206,1443.94820,0.04634,0.00031,-0.00001
mars,2029-02-11,192,dec,-2.44897,0.07267,0.01786,0.00004,-0.00001
mars,2029-02-19,192,gha,1759.52776,1444.32925,0.04843,0.00003,-0.00002
mars,2029-02-19,192,dec,-2.16061,0.21555,0.01769,-0.00006,-0.00001
mars,2029-02-27,192,gha,1768.57122,1444.71299,0.04693,-0.00031,-0.00003
mars,2029-02-27,192,dec,-1.59194,0.35180,0.01609,-0.00023,-0.00002
mars,2029-03-07,192,gha,1778.35246,1445.06157,0.03890,-0.00105,-0.00005
mars,2029-03-07,192,dec,-0.77168,0.46474,0.01161,-0.00053,-0.00002
mars,2029-03-15,192,gha,1788.73862,1445.31073,0.02231,-0.00166,-0.00003
mars,2029-03-15,192,dec,0.22761,0.52806,0.00386,-0.00073,-0.00001
mars,2029-03-23,192,gha,1799.47223,1445.40512,0.00107,-0.00178,0.00001
mars,2029-03-23,192,dec,1.28647,0.52343,-0.00496,-0.00071,0.00001
mars,2029-03-31,192,gha,1450.22524,1445.33084,-0.01940,-0.00164,0.00001
mars,2029-03-31,192,dec,2.26802,0.45159,-0.01279,-0.00059,0.00001
mars,2029-04-08,192,gha,1460.67387,1445.10338,-0.03664,-0.00117,0.00004
mars,2029-04-08,192,dec,3.04883,0.32436,-0.01859,-0.00035,0.00002
mars,2029-04-16,192,gha,1470.55114,1444.76561,-0.04657,-0.00047,0.00004
mars,2029-04-16,192,dec,3.53928,0.16415,-0.02092,-0.00004,0.00002
mars,2029-04-24,192,gha,1479.69980,1444.38150,-0.04848,0.00008,0.00002
mars,2029-04-24,192,dec,3.70106,-0.00181,-0.02028,0.00012,0.00000
mars,2029-05-02,192,gha,1488.08007,1444.00041,-0.04651,0.00025,0.00001
mars,2029-05-02,192,dec,3.54020,-0.15770,-0.01866,0.00015,0.00000
mars,2029-05-10,192,gha,1495.72030,1443.64312,-0.04254,0.00041,0.00001
mars,2029-05-10,192,dec,3.08164,-0.29917,-0.01663,0.00019,0.00000
mars,2029-05-18,192,gha,1502.68312,1443.32435,-0.03697,0.00051,0.00000
mars,2029-05-18,192,dec,2.35808,-0.42230,-0.01413,0.00021,-0.00000
mars,2029-05-26,192,gha,1509.05459,1443.05180,-0.03138,0.00039,-0.00001
mars,2029-05-26,192,dec,1.40795,-0.52593,-0.01186,0.00016,-0.00000
mars,2029-06-03,192,gha,1514.92069,1442.81770,-0.02728,0.00031,-0.00000
mars,2029-06-03,192,dec,0.26662,-0.61402,-0.01020,0.00013,0.00000
mars,2029-06-11,192,gha,1520.34930,1442.61389,-0.02369,0.00030,0.00000
mars,2029-06-11,192,dec,-1.03774,-0.68892,-0.00850,0.00015,0.00000
mars,2029-06-19,192,gha,1525.39870,1442.43839,-0.02025,0.00025,-0.00001
mars,2029-06-19,192,dec,-2.47799,-0.74990,-0.00678,0.00014,-0.00000
mars,2029-06-27,192,gha,1530.12129,1442.28602,-0.01806,0.00013,-0.00000
mars,2029-06-27,192,dec,-4.02731,-0.79827,-0.00539,0.00010,-0.00000
mars,2029-07-05,192,gha,1534.55325,1442.14703,-0.01674,0.00010,-0.00000
mars,2029-07-05,192,dec,-5.66316,-0.83657,-0.00416,0.00011,0.00000
mars,2029-07-13,192,gha,1538.71736,1442.01817,-0.01543,0.00012,-0.00000
mars,2029-07-13,192,dec,-7.36496,-0.86400,-0.00269,0.00012,-0.00000
mars,2029-07-21,192,gha,1542.63412,1441.89948,-0.01438,0.00004,-0.00001
mars,2029-07-21,192,dec,-9.10980,-0.87963,-0.00123,0.00011,-0.00000
mars,2029-07-29,192,gha,1546.31892,1441.78545,-0.01421,-0.00000,-0.00000
mars,2029-07-29,192,dec,-10.87488,-0.88441,0.00003,0.00011,0.00000
mars,2029-08-06,192,gha,1549.77613,1441.67177,-0.01418,0.00002,0.00000
mars,2029-08-06,192,dec,-12.63908,-0.87858,0.00148,0.00013,0.00000
mars,2029-08-14,192,gha,1553.00740,1441.55986,-0.01377,0.00003,-0.00000
mars,2029-08-14,192,dec,-14.37936,-0.86038,0.00308,0.00014,0.00000
mars,2029-08-22,192,gha,1556.01743,1441.45017,-0.01375,-0.00002,-0.00000
mars,2029-08-22,192,dec,-16.07035,-0.82929,0.00466,0.00012,-0.00000
mars,2029-08-30,192,gha,1558.80690,1441.33909,-0.01401,-0.00002,0.00000
mars,2029-08-30,192,dec,-17.68677,-0.78581,0.00624,0.00014,0.00000
mars,2029-09-07,192,gha,1561.37305,1441.22719,-0.01384,0.00005,0.00000
mars,2029-09-07,192,dec,-19.20294,-0.72889,0.00799,0.00014,0.00000
mars,2029-09-15,192,gha,1563.71889,1441.11919,-0.01319,0.00004,-0.00000
mars,2029-09-15,192,dec,-20.59112,-0.65780,0.00978,0.00015,-0.00000
mars,2029-09-23,192,gha,1565.85314,1441.01543,-0.01274,0.00004,0.00000
mars,2029-09-23,192,dec,-21.82309,-0.57278,0.01145,0.00014,0.00000
mars,2029-10-01,192,gha,1567.78402,1440.91604,-0.01203,0.00009,0.00001
mars,2029-10-01,192,dec,-22.87173,-0.47445,0.01314,0.00014,-0.00000
mars,2029-10-09,192,gha,1569.52449,1440.82580,-0.01040,0.00016,-0.00000
mars,2029-10-09,192,dec,-23.71057,-0.36314,0.01466,0.00012,-0.00000
mars,2029-10-17,192,gha,1571.09874,1440.74996,-0.00858,0.00015,0.00000
mars,2029-10-17,192,dec,-24.31511,-0.24028,0.01600,0.00010,-0.00000
mars,2029-10-25,192,gha,1572.53571,1440.68854,-0.00675,0.00016,0.00000
mars,2029-10-25,192,dec,-24.66429,-0.10804,0.01703,0.00008,-0.00000
mars,2029-11-02,192,gha,1573.86537,1440.64295,-0.00454,0.00022,0.00001
mars,2029-11-02,192,dec,-24.74146,0.03149,0.01776,0.00003,-0.00000
mars,2029-11-10,192,gha,1575.12372,1440.61769,-0.00181,0.00021,-0.00000
mars,2029-11-10,192,dec,-24.53535,0.17486,0.01805,0.00001,-0.00000
mars,2029-11-18,192,gha,1576.35210,1440.61260,0.00048,0.00017,-0.00000
mars,2029-11-18,192,dec,-24.04138,0.31901,0.01793,-0.00003,-0.00000
mars,2029-11-26,192,gha,1577.58737,1440.62425,0.00239,0.00015,0.00000
mars,2029-11-26,192,dec,-23.26115,0.46087,0.01750,-0.00005,-0.00000
mars,2029-12-04,192,gha,1578.86106,1440.65108,0.00435,0.00017,-0.00000
mars,2029-12-04,192,dec,-22.20217,0.59730,0.01653,-0.00009,-0.00000
mars,2029-12-12,192,gha,1580.20352,1440.69267,0.00592,0.00010,-0.00000
mars,2029-12-12,192,dec,-20.87902,0.72482,0.01530,-0.00011,-0.00000
mars,2029-12-20,192,gha,1581.63915,1440.74363,0.00672,0.00004,-0.00000
mars,2029-12-20,192,dec,-19.31146,0.84154,0.01386,-0.00012,0.00000
mars,2029-12-28,192,gha,1583.18127,1440.79875,0.00704,0.00003,0.00000
mars,2029-12-28,192,dec,-17.52230,0.94629,0.01226,-0.00016,-0.00000
mars,2030-01-05,192,gha,1584.83623,1440.85647,0.00734,0.00000,-0.00000
mars,2030-01-05,192,dec,-15.53763,1.03681,0.01038,-0.00015,-0.00000
mars,2030-01-13,192,gha,1586.60745,1440.91454,0.00709,-0.00004,-0.00000
mars,2030-01-13,192,dec,-13.38688,1.11237,0.00851,-0.00016,0.00000
mars,2030-01-21,192,gha,1588.49105,1440.96840,0.00631,-0.00008,0.00000
mars,2030-01-21,192,dec,-11.09975,1.17329,0.00674,-0.00015,-0.00000
mars,2030-01-29,192,gha,1590.47563,1441.01552,0.00551,-0.00006,0.00000
mars,2030-01-29,192,dec,-8.70518,1.21966,0.00482,-0.00016,0.00000
mars,2030-02-06,192,gha,1592.54849,1441.05670,0.00474,-0.00008,-0.00000
mars,2030-02-06,192,dec,-6.23325,1.25072,0.00296,-0.00015,0.00000
mars,2030-02-14,192,gha,1594.69660,1441.09050,0.00365,-0.00011,-0.00000
mars,2030-02-14,192,dec,-3.71382,1.26725,0.00121,-0.00013,0.00000
mars,2030-02-22,192,gha,1596.90264,1441.11446,0.00236,-0.00009,0.00000
mars,2030-02-22,192,dec,-1.17461,1.27062,-0.00040,-0.00015,-0.00000
mars,2030-03-02,192,gha,1599.14727,1441.12937,0.00140,-0.00007,-0.00000
mars,2030-03-02,192,dec,1.35798,1.26055,-0.00209,-0.00013,0.00000
mars,2030-03-10,192,gha,1601.41435,1441.13694,0.00047,-0.00008,-0.00000
mars,2030-03-10,192,dec,3.85726,1.23741,-0.00368,-0.00013,0.00000
mars,2030-03-18,192,gha,1603.68857,1441.13633,-0.00066,-0.00010,0.00000
mars,2030-03-18,192,dec,6.29810,1.20228,-0.00506,-0.00011,-0.00000
mars,2030-03-26,192,gha,1605.95266,1441.12697,-0.00161,-0.00006,0.00000
mars,2030-03-26,192,dec,8.65775,1.15617,-0.00648,-0.00012,0.00000
mars,2030-04-03,192,gha,1608.19186,1441.11178,-0.00216,-0.00004,0.00000
mars,2030-04-03,192,dec,10.91391,1.09886,-0.00783,-0.00011,0.00000
mars,2030-04-11,192,gha,1610.39658,1441.09252,-0.00267,-0.00005,-0.00000
mars,2030-04-11,192,dec,13.04491,1.03109,-0.00908,-0.00009,0.00000
mars,2030-04-19,192,gha,1612.55830,1441.06871,-0.00325,-0.00003,0.00000
mars,2030-04-19,192,dec,15.03113,0.95423,-0.01015,-0.00010,0.00000
mars,2030-04-27,192,gha,1614.66918,1441.04212,-0.00332,0.00001,0.00000
mars,2030-04-27,192,dec,16.85486,0.86861,-0.01122,-0.00008,0.00000
mars,2030-05-05,192,gha,1616.72766,1441.01661,-0.00303,0.00003,-0.00000
mars,2030-05-05,192,dec,18.49925,0.77499,-0.01217,-0.00008,0.00000
mars,2030-05-13,192,gha,1618.73753,1440.99348,-0.00278,0.00002,0.00000
mars,2030-05-13,192,dec,19.94933,0.67448,-0.01291,-0.00005,-0.00000
mars,2030-05-21,192,gha,1620.70350,1440.97291,-0.00231,-0.00001,-0.00001
mars,2030-05-21,192,dec,21.19294,0.56852,-0.01365,-0.00006,0.00005
mars,2030-05-29,192,gha,1622.63343,1440.95789,-0.00134,0.00009,0.00000
mars,2030-05-29,192,dec,22.21984,0.45808,-0.01401,-0.00003,0.00000
mars,2030-06-06,192,gha,1624.54209,1440.95171,-0.00022,0.00008,-0.00000
mars,2030-06-06,192,dec,23.02279,0.34462,-0.01431,-0.00001,0.00000
mars,2030-06-14,192,gha,1626.44667,1440.95362,0.00069,0.00008,0.00000
mars,2030-06-14,192,dec,23.59731,0.22985,-0.01438,-0.00001,0.00000
mars,2030-06-22,192,gha,1628.36294,1440.96365,0.00187,0.00011,0.00000
mars,2030-06-22,192,dec,23.94209,0.11502,-0.01428,0.00002,0.00000
mars,2030-06-30,192,gha,1630.30961,1440.98418,0.00326,0.00011,-0.00000
mars,2030-06-30,192,dec,24.05886,0.00201,-0.01396,0.00003,0.00000
mars,2030-07-08,192,gha,1632.30781,1441.01492,0.00435,0.00007,-0.00000
mars,2030-07-08,192,dec,23.95258,-0.10788,-0.01347,0.00005,-0.00000
mars,2030-07-16,192,gha,1634.37493,1441.05285,0.00514,0.00007,0.00000
mars,2030-07-16,192,dec,23.63082,-0.21342,-0.01290,0.00006,0.00000
mars,2030-07-24,192,gha,1636.52466,1441.09765,0.00607,0.00008,-0.00000
mars,2030-07-24,192,dec,23.10329,-0.31344,-0.01209,0.00007,-0.00000
mars,2030-08-01,192,gha,1638.77127,1441.14962,0.00686,0.00004,-0.00000
mars,2030-08-01,192,dec,22.38243,-0.40670,-0.01122,0.00008,0.00000
mars,2030-08-09,192,gha,1641.12645,1441.20578,0.00712,0.00001,-0.00000
mars,2030-08-09,192,dec,21.48228,-0.49269,-0.01030,0.00007,0.00000
mars,2030-08-17,192,gha,1643.59527,1441.26315,0.00725,0.00002,0.00000
mars,2030-08-17,192,dec,20.41740,-0.57138,-0.00933,0.00009,0.00000
mars,2030-08-25,192,gha,1646.18030,1441.32206,0.00748,0.00001,-0.00000
mars,2030-08-25,192,dec,19.20340,-0.64173,-0.00826,0.00009,-0.00000
mars,2030-09-02,192,gha,1648.88429,1441.38187,0.00740,-0.00003,-0.00000
mars,2030-09-02,192,dec,17.85715,-0.70364,-0.00722,0.00008,-0.00000
mars,2030-09-10,192,gha,1651.70586,1441.43931,0.00695,-0.00004,0.00000
mars,2030-09-10,192,dec,16.39508,-0.75766,-0.00629,0.00008,0.00000
mars,2030-09-18,192,gha,1654.63901,1441.49359,0.00665,-0.00002,0.00000
mars,2030-09-18,192,dec,14.83276,-0.80376,-0.00522,0.00009,-0.00000
mars,2030-09-26,192,gha,1657.67881,1441.54605,0.00645,-0.00003,-0.00000
mars,2030-09-26,192,dec,13.18674,-0.84139,-0.00419,0.00009,0.00000
mars,2030-10-04,192,gha,1660.82096,1441.59562,0.00589,-0.00006,-0.00000
mars,2030-10-04,192,dec,11.47351,-0.87107,-0.00327,0.00007,0.00000
mars,2030-10-12,192,gha,1664.05733,1441.64025,0.00530,-0.00004,0.00000
mars,2030-10-12,192,dec,9.70794,-0.89375,-0.00237,0.00008,0.00000
mars,2030-10-20,192,gha,1667.37921,1441.68139,0.00502,-0.00001,0.00000
mars,2030-10-20,192,dec,7.90464,-0.90872,-0.00138,0.00008,-0.00000
mars,2030-10-28,192,gha,1670.78157,1441.72077,0.00476,-0.00004,-0.00000
mars,2030-10-28,192,dec,6.07919,-0.91594,-0.00044,0.00007,-0.00000
mars,2030-11-05,192,gha,1674.25951,1441.75672,0.00423,-0.00004,0.00000
mars,2030-11-05,192,dec,4.24618,-0.91644,0.00032,0.00007,0.00000
mars,2030-11-13,192,gha,1677.80579,1441.78934,0.00398,-0.00000,0.00000
mars,2030-11-13,192,dec,2.41858,-0.91041,0.00121,0.00008,-0.00000
mars,2030-11-21,192,gha,1681.41662,1441.82163,0.00414,0.00002,-0.00000
mars,2030-11-21,192,dec,0.61030,-0.89712,0.00211,0.00008,0.00000
mars,2030-11-29,192,gha,1685.09311,1441.85483,0.00411,-0.00001,0.00000
mars,2030-11-29,192,dec,-1.16441,-0.87696,0.00287,0.00005,0.00000
mars,2030-12-07,192,gha,1688.83550,1441.88758,0.00414,0.00002,0.00000
mars,2030-12-07,192,dec,-2.89316,-0.85119,0.00360,0.00007,0.00000
mars,2030-12-15,192,gha,1692.64522,1441.92261,0.00471,0.00008,0.00000
mars,2030-12-15,192,dec,-4.56418,-0.81915,0.00441,0.00007,-0.00000
mars,2030-12-23,192,gha,1696.53129,1441.96429,0.00568,0.00006,-0.00000
mars,2030-12-23,192,dec,-6.16463,-0.78064,0.00520,0.00005,-0.00000
mars,2030-12-31,192,gha,1700.50762,1442.01267,0.00645,0.00008,0.00000
mars,2030-12-31,192,dec,-7.68260,-0.73689,0.00573,0.00005,0.00000
mars,2031-01-08,192,gha,1704.58819,1442.06898,0.00774,0.00014,0.00001
mars,2031-01-08,192,dec,-9.10855,-0.68853,0.00637,0.00005,-0.00000
mars,2031-01-16,192,gha,1708.79457,1442.13925,0.00996,0.00021,-0.00000
mars,2031-01-16,192,dec,-10.43267,-0.63506,0.00700,0.00005,0.00000
mars,2031-01-24,192,gha,1713.16042,1442.22856,0.01231,0.00019,0.00000
mars,2031-01-24,192,dec,-11.64513,-0.57703,0.00744,0.00002,0.00000
mars,2031-02-01,192,gha,1717.72396,1442.33719,0.01497,0.00026,0.00001
mars,2031-02-01,192,dec,-12.73871,-0.51628,0.00777,0.00003,0.00000
mars,2031-02-09,192,gha,1722.52933,1442.47137,0.01880,0.00039,0.00001
mars,2031-02-09,192,dec,-13.70788,-0.45257,0.00815,0.00003,0.00000
mars,2031-02-17,192,gha,1727.63800,1442.64144,0.02375,0.00040,-0.00000
mars,2031-02-17,192,dec,-14.54659,-0.38584,0.00851,0.00002,-0.00000
mars,2031-02-25,192,gha,1733.12612,1442.85074,0.02864,0.00043,0.00001
mars,2031-02-25,192,dec,-15.24982,-0.31732,0.00862,0.00001,0.00000
mars,2031-03-05,192,gha,1739.07428,1443.10223,0.03442,0.00054,0.00001
mars,2031-03-05,192,dec,-15.81479,-0.24743,0.00888,0.00003,0.00000
mars,2031-03-13,192,gha,1745.57625,1443.40571,0.04156,0.00060,-0.00001
mars,2031-03-13,192,dec,-16.23736,-0.17477,0.00932,0.00005,0.00000
mars,2031-03-21,192,gha,1752.74083,1443.76392,0.04762,0.00040,-0.00001
mars,2031-03-21,192,dec,-16.51088,-0.09841,0.00973,0.00003,0.00000
mars,2031-03-29,192,gha,1760.66250,1444.16076,0.05122,0.00019,-0.00002
mars,2031-03-29,192,dec,-16.62858,-0.01893,0.01017,0.00004,-0.00000
mars,2031-04-06,192,gha,1769.39778,1444.57505,0.05182,-0.00012,-0.00003
mars,2031-04-06,192,dec,-16.58370,0.06414,0.01056,0.00002,-0.00000
mars,2031-04-14,192,gha,1778.94951,1444.97183,0.04595,-0.00092,-0.00006
mars,2031-04-14,192,dec,-16.37125,0.14802,0.01018,-0.00011,-0.00001
mars,2031-04-22,192,gha,1789.21590,1445.28136,0.03015,-0.00165,-0.00003
mars,2031-04-22,192,dec,-16.00010,0.22114,0.00780,-0.00028,-0.00001
mars,2031-04-30,192,gha,1799.95213,1445.43646,0.00813,-0.00193,0.00000
mars,2031-04-30,192,dec,-15.50824,0.26705,0.00340,-0.00044,-0.00001
mars,2031-05-08,192,gha,1450.81712,1445.40937,-0.01487,-0.00191,0.00000
mars,2031-05-08,192,dec,-14.96491,0.27140,-0.00245,-0.00053,-0.00001
mars,2031-05-16,192,gha,1461.44701,1445.20278,-0.03607,-0.00151,0.00004
mars,2031-05-16,192,dec,-14.46217,0.22599,-0.00884,-0.00049,0.00001
mars,2031-05-24,192,gha,1471.51600,1444.85508,-0.04943,-0.00070,0.00005
mars,2031-05-24,192,dec,-14.09722,0.13506,-0.01352,-0.00028,0.00001
mars,2031-06-01,192,gha,1480.81307,1444.43865,-0.05349,-0.00004,0.00002
mars,2031-06-01,192,dec,-13.94313,0.01736,-0.01552,-0.00006,0.00001
mars,2031-06-09,192,gha,1489.26330,1444.01212,-0.05285,0.00015,0.00002
mars,2031-06-09,192,dec,-14.03354,-0.10783,-0.01562,0.00004,0.00001
mars,2031-06-17,192,gha,1496.87323,1443.60048,-0.04965,0.00038,0.00001
mars,2031-06-17,192,dec,-14.37114,-0.22876,-0.01440,0.00016,0.00001
mars,2031-06-25,192,gha,1503.69326,1443.22408,-0.04422,0.00051,0.00000
mars,2031-06-25,192,dec,-14.93705,-0.33524,-0.01212,0.00022,0.00000
mars,2031-07-03,192,gha,1509.80659,1442.89405,-0.03852,0.00038,-0.00001
mars,2031-07-03,192,dec,-15.69593,-0.42137,-0.00941,0.00021,-0.00000
mars,2031-07-11,192,gha,1515.29938,1442.60196,-0.03463,0.00030,-0.00000
mars,2031-07-11,192,dec,-16.60621,-0.48688,-0.00696,0.00021,0.00000
mars,2031-07-19,192,gha,1520.23780,1442.33951,-0.03097,0.00031,0.00000
mars,2031-07-19,192,dec,-17.62751,-0.53224,-0.00436,0.00022,-0.00000
mars,2031-07-27,192,gha,1524.68094,1442.10676,-0.02723,0.00029,-0.00001
mars,2031-07-27,192,dec,-18.71854,-0.55659,-0.00172,0.00022,0.00000
mars,2031-08-04,192,gha,1528.68552,1441.89985,-0.02478,0.00014,-0.00000
mars,2031-08-04,192,dec,-19.83743,-0.56024,0.00074,0.00019,0.00000
mars,2031-08-12,192,gha,1532.29232,1441.70837,-0.02307,0.00015,0.00000
mars,2031-08-12,192,dec,-20.94472,-0.54511,0.00306,0.00020,0.00000
mars,2031-08-20,192,gha,1535.53082,1441.53187,-0.02096,0.00020,0.00000
mars,2031-08-20,192,dec,-22.00299,-0.51120,0.00540,0.00019,0.00000
mars,2031-08-28,192,gha,1538.43452,1441.37378,-0.01866,0.00015,-0.00001
mars,2031-08-28,192,dec,-22.97490,-0.45878,0.00770,0.00018,-0.00000
mars,2031-09-05,192,gha,1541.03761,1441.23053,-0.01718,0.00013,0.00000
mars,2031-09-05,192,dec,-23.82428,-0.38889,0.00975,0.00017,-0.00000
mars,2031-09-13,192,gha,1543.36667,1441.10006,-0.01534,0.00019,0.00001
mars,2031-09-13,192,dec,-24.51779,-0.30299,0.01170,0.00015,-0.00000
mars,2031-09-21,192,gha,1545.45215,1440.98767,-0.01265,0.00024,-0.00000
mars,2031-09-21,192,dec,-25.02472,-0.20254,0.01338,0.00014,-0.00000
mars,2031-09-29,192,gha,1547.33478,1440.89706,-0.01012,0.00018,-0.00000
mars,2031-09-29,192,dec,-25.31789,-0.08943,0.01483,0.00010,-0.00000
jupiter,2026-10-01,192,gha,1670.79500,1443.25789,0.00627,0.00008,0.00000
jupiter,2026-10-01,192,dec,15.29794,-0.20951,0.00154,0.00004,-0.00000
jupiter,2026-10-09,192,gha,1677.36379,1443.31163,0.00715,0.00007,-0.00000
jupiter,2026-10-09,192,dec,14.89248,-0.19560,0.00195,0.00004,0.00000
jupiter,2026-10-17,192,gha,1684.04681,1443.37207,0.00795,0.00006,-0.00000
jupiter,2026-10-17,192,dec,14.51834,-0.17818,0.00238,0.00003,-0.00000
jupiter,2026-10-25,192,gha,1690.85703,1443.43882,0.00876,0.00008,0.00000
jupiter,2026-10-25,192,dec,14.18214,-0.15768,0.00278,0.00005,0.00000
jupiter,2026-11-02,192,gha,1697.80783,1443.51281,0.00974,0.00008,-0.00000
jupiter,2026-11-02,192,dec,13.89062,-0.13347,0.00324,0.00003,0.00000
jupiter,2026-11-10,192,gha,1704.91416,1443.59423,0.01059,0.00006,-0.00000
jupiter,2026-11-10,192,dec,13.65098,-0.10580,0.00367,0.00003,-0.00000
jupiter,2026-11-18,192,gha,1712.18967,1443.68186,0.01129,0.00005,0.00000
jupiter,2026-11-18,192,dec,13.46974,-0.07522,0.00395,0.00002,0.00000
jupiter,2026-11-26,192,gha,1719.64586,1443.77494,0.01200,0.00006,-0.00000
jupiter,2026-11-26,192,dec,13.35202,-0.04219,0.00429,0.00002,-0.00000
jupiter,2026-12-04,192,gha,1727.29367,1443.87331,0.01253,0.00003,-0.00000
jupiter,2026-12-04,192,dec,13.30261,-0.00706,0.00448,0.00001,-0.00000
jupiter,2026-12-12,192,gha,1735.14112,1443.97424,0.01264,-0.00001,-0.00000
jupiter,2026-12-12,192,dec,13.32454,0.02899,0.00448,-0.00001,-0.00000
jupiter,2026-12-20,192,gha,1743.19004,1444.07445,0.01238,-0.00003,-0.00000
jupiter,2026-12-20,192,dec,13.41779,0.06414,0.00433,-0.00001,-0.00000
jupiter,2026-12-28,192,gha,1751.43658,1444.17164,0.01183,-0.00007,-0.00000
jupiter,2026-12-28,192,dec,13.57983,0.09761,0.00400,-0.00004,-0.00000
jupiter,2027-01-05,192,gha,1759.87100,1444.26174,0.01059,-0.00013,-0.00000
jupiter,2027-01-05,192,dec,13.80543,0.12753,0.00344,-0.00006,-0.00000
jupiter,2027-01-13,192,gha,1768.47353,1444.33921,0.00870,-0.00018,-0.00000
jupiter,2027-01-13,192,dec,14.08534,0.15165,0.00258,-0.00007,0.00000
jupiter,2027-01-21,192,gha,1777.21462,1444.40004,0.00648,-0.00020,-0.00000
jupiter,2027-01-21,192,dec,14.40659,0.16887,0.00169,-0.00009,-0.00000
jupiter,2027-01-29,192,gha,1786.05828,1444.44135,0.00376,-0.00025,-0.00000
jupiter,2027-01-29,192,dec,14.75461,0.17830,0.00066,-0.00009,-0.00000
jupiter,2027-02-06,192,gha,1794.96136,1444.45913,0.00065,-0.00027,-0.00000
jupiter,2027-02-06,192,dec,15.11298,0.17911,-0.00048,-0.00010,0.00000
jupiter,2027-02-14,192,gha,1443.87486,1444.45181,-0.00242,-0.00024,0.00000
jupiter,2027-02-14,192,dec,15.46412,0.17123,-0.00144,-0.00007,-0.00000
jupiter,2027-02-22,192,gha,1452.75030,1444.42132,-0.00519,-0.00023,0.00000
jupiter,2027-02-22,192,dec,15.79224,0.15618,-0.00229,-0.00006,0.00000
jupiter,2027-03-02,192,gha,1461.54301,1444.36923,-0.00778,-0.00020,0.00000
jupiter,2027-03-02,192,dec,16.08402,0.13503,-0.00299,-0.00006,0.00000
jupiter,2027-03-10,192,gha,1470.21218,1444.29818,-0.00988,-0.00014,0.00001
jupiter,2027-03-10,192,dec,16.32825,0.10876,-0.00352,-0.00002,0.00000
jupiter,2027-03-18,192,gha,1478.72490,1444.21346,-0.01119,-0.00009,0.00000
jupiter,2027-03-18,192,dec,16.51685,0.07963,-0.00377,-0.00002,0.00000
jupiter,2027-03-26,192,gha,1487.05924,1444.12014,-0.01208,-0.00006,0.00000
jupiter,2027-03-26,192,dec,16.64555,0.04897,-0.00388,-0.00001,-0.00000
jupiter,2027-04-03,192,gha,1495.20113,1444.02137,-0.01254,-0.00002,0.00000
jupiter,2027-04-03,192,dec,16.71215,0.01755,-0.00397,-0.00000,0.00000
jupiter,2027-04-11,192,gha,1503.14354,1443.92114,-0.01241,0.00004,0.00000
jupiter,2027-04-11,192,dec,16.71586,-0.01371,-0.00383,0.00001,-0.00000
jupiter,2027-04-19,192,gha,1510.88798,1443.82370,-0.01194,0.00004,0.00000
jupiter,2027-04-19,192,dec,16.65817,-0.04387,-0.00369,0.00002,-0.00000
jupiter,2027-04-27,192,gha,1518.44162,1443.73043,-0.01136,0.00005,0.00000
jupiter,2027-04-27,192,dec,16.54142,-0.07276,-0.00355,0.00001,-0.00000
jupiter,2027-05-05,192,gha,1525.81388,1443.64245,-0.01059,0.00008,0.00000
jupiter,2027-05-05,192,dec,16.36790,-0.10062,-0.00337,0.00003,-0.00000
jupiter,2027-05-13,192,gha,1533.01727,1443.56180,-0.00957,0.00008,-0.00000
jupiter,2027-05-13,192,dec,16.14044,-0.12667,-0.00316,0.00002,0.00000
jupiter,2027-05-21,192,gha,1540.06725,1443.48893,-0.00866,0.00007,-0.00000
jupiter,2027-05-21,192,dec,15.86251,-0.15108,-0.00295,0.00001,-0.00000
jupiter,2027-05-29,192,gha,1546.97859,1443.42314,-0.00779,0.00007,0.00000
jupiter,2027-05-29,192,dec,15.53715,-0.17419,-0.00282,0.00002,0.00000
jupiter,2027-06-06,192,gha,1553.76558,1443.36468,-0.00679,0.00009,-0.00000
jupiter,2027-06-06,192,dec,15.16703,-0.19571,-0.00257,0.00001,-0.00000
jupiter,2027-06-14,192,gha,1560.44362,1443.31412,-0.00588,0.00007,-0.00000
jupiter,2027-06-14,192,dec,14.75561,-0.21554,-0.00237,0.00002,-0.00000
jupiter,2027-06-22,192,gha,1567.02734,1443.27026,-0.00510,0.00006,-0.00000
jupiter,2027-06-22,192,dec,14.30615,-0.23379,-0.00222,0.00001,0.00000
jupiter,2027-06-30,192,gha,1573.52938,1443.23241,-0.00434,0.00007,0.00000
jupiter,2027-06-30,192,dec,13.82137,-0.25081,-0.00200,0.00003,-0.00000
jupiter,2027-07-08,192,gha,1579.96222,1443.20113,-0.00351,0.00006,-0.00000
jupiter,2027-07-08,192,dec,13.30446,-0.26594,-0.00179,0.00002,0.00000
jupiter,2027-07-16,192,gha,1586.33859,1443.17579,-0.00284,0.00005,-0.00000
jupiter,2027-07-16,192,dec,12.75900,-0.27933,-0.00157,0.00001,-0.00000
jupiter,2027-07-24,192,gha,1592.66929,1443.15539,-0.00226,0.00005,0.00000
jupiter,2027-07-24,192,dec,12.18821,-0.29133,-0.00141,0.00002,0.00000
jupiter,2027-08-01,192,gha,1598.96410,1443.14000,-0.00157,0.00006,-0.00000
jupiter,2027-08-01,192,dec,11.59518,-0.30147,-0.00114,0.00002,0.00000
jupiter,2027-08-09,192,gha,1605.23360,1443.13001,-0.00095,0.00005,-0.00000
jupiter,2027-08-09,192,dec,10.98389,-0.30961,-0.00088,0.00002,-0.00000
jupiter,2027-08-17,192,gha,1611.48767,1443.12448,-0.00044,0.00004,-0.00000
jupiter,2027-08-17,192,dec,10.35827,-0.31586,-0.00069,0.00001,0.00000
jupiter,2027-08-25,192,gha,1617.73479,1443.12312,0.00015,0.00007,-0.00000
jupiter,2027-08-25,192,dec,9.72185,-0.32030,-0.00039,0.00001,-0.00002
jupiter,2027-09-02,192,gha,1623.98406,1443.12666,0.00076,0.00005,-0.00000
jupiter,2027-09-02,192,dec,9.07882,-0.32246,-0.00011,0.00002,0.00000
jupiter,2027-09-10,192,gha,1630.24522,1443.13495,0.00130,0.00004,-0.00000
jupiter,2027-09-10,192,dec,8.43397,-0.32216,0.00017,0.00002,-0.00000
jupiter,2027-09-18,192,gha,1636.52716,1443.14742,0.00182,0.00005,0.00000
jupiter,2027-09-18,192,dec,7.79173,-0.31986,0.00043,0.00003,0.00000
jupiter,2027-09-26,192,gha,1642.83865,1443.16464,0.00250,0.00006,-0.00000
jupiter,2027-09-26,192,dec,7.15666,-0.31490,0.00079,0.00003,0.00000
jupiter,2027-10-04,192,gha,1649.19010,1443.18737,0.00316,0.00005,-0.00000
jupiter,2027-10-04,192,dec,6.53429,-0.30715,0.00115,0.00003,-0.00000
jupiter,2027-10-12,192,gha,1655.59208,1443.21512,0.00377,0.00005,0.00000
jupiter,2027-10-12,192,dec,5.93017,-0.29673,0.00144,0.00003,0.00000
jupiter,2027-10-20,192,gha,1662.05461,1443.24802,0.00449,0.00007,0.00000
jupiter,2027-10-20,192,dec,5.34949,-0.28360,0.00186,0.00003,-0.00000
jupiter,2027-10-28,192,gha,1668.58922,1443.28729,0.00532,0.00007,-0.00000
jupiter,2027-10-28,192,dec,4.79835,-0.26721,0.00225,0.00004,-0.00000
jupiter,2027-11-05,192,gha,1675.20886,1443.33298,0.00609,0.00006,-0.00000
jupiter,2027-11-05,192,dec,4.28326,-0.24755,0.00264,0.00003,-0.00000
jupiter,2027-11-13,192,gha,1681.92593,1443.38473,0.00686,0.00007,0.00000
jupiter,2027-11-13,192,dec,3.81031,-0.22508,0.00302,0.00004,0.00000
jupiter,2027-11-21,192,gha,1688.75326,1443.44339,0.00781,0.00008,-0.00000
jupiter,2027-11-21,192,dec,3.38574,-0.19914,0.00345,0.00003,0.00000
jupiter,2027-11-29,192,gha,1695.70546,1443.50956,0.00871,0.00007,-0.00000
jupiter,2027-11-29,192,dec,3.01644,-0.16979,0.00388,0.00003,-0.00000
jupiter,2027-12-07,192,gha,1702.79677,1443.58239,0.00949,0.00006,0.00000
jupiter,2027-12-07,192,dec,2.70887,-0.13753,0.00418,0.00003,0.00000
jupiter,2027-12-15,192,gha,1710.03996,1443.66147,0.01031,0.00007,-0.00000
jupiter,2027-12-15,192,dec,2.46850,-0.10251,0.00457,0.00003,-0.00000
jupiter,2027-12-23,192,gha,1717.44795,1443.74716,0.01108,0.00005,-0.00000
jupiter,2027-12-23,192,dec,2.30098,-0.06476,0.00487,0.00002,-0.00000
jupiter,2027-12-31,192,gha,1725.03254,1443.83781,0.01154,0.00003,-0.00000
jupiter,2027-12-31,192,dec,2.21105,-0.02505,0.00502,0.00000,-0.00000
jupiter,2028-01-08,192,gha,1732.80121,1443.93102,0.01174,0.00001,0.00000
jupiter,2028-01-08,192,dec,2.20119,0.01524,0.00508,0.00001,-0.00000
jupiter,2028-01-16,192,gha,1740.75747,1444.02529,0.01178,-0.00002,-0.00000
jupiter,2028-01-16,192,dec,2.27221,0.05572,0.00501,-0.00001,-0.00000
jupiter,2028-01-24,192,gha,1748.90110,1444.11794,0.01129,-0.00007,-0.00000
jupiter,2028-01-24,192,dec,2.42306,0.09490,0.00474,-0.00004,-0.00000
jupiter,2028-02-01,192,gha,1757.22425,1444.20433,0.01023,-0.00011,-0.00000
jupiter,2028-02-01,192,dec,2.64902,0.13057,0.00416,-0.00005,0.00000
jupiter,2028-02-09,192,gha,1765.71045,1444.28070,0.00883,-0.00013,-0.00000
jupiter,2028-02-09,192,dec,2.94149,0.16135,0.00349,-0.00007,-0.00000
jupiter,2028-02-17,192,gha,1774.33685,1444.34413,0.00694,-0.00018,-0.00000
jupiter,2028-02-17,192,dec,3.28936,0.18578,0.00259,-0.00008,-0.00000
jupiter,2028-02-25,192,gha,1783.07310,1444.39006,0.00448,-0.00022,-0.00000
jupiter,2028-02-25,192,dec,3.67811,0.20199,0.00142,-0.00010,0.00000
jupiter,2028-03-04,192,gha,1791.88055,1444.41516,0.00180,-0.00022,0.00000
jupiter,2028-03-04,192,dec,4.08972,0.20865,0.00026,-0.00009,-0.00000
jupiter,2028-03-12,192,gha,1800.71700,1444.41911,-0.00082,-0.00023,-0.00000
jupiter,2028-03-12,192,dec,4.50541,0.20606,-0.00090,-0.00009,0.00000
jupiter,2028-03-20,192,gha,1449.54000,1444.40163,-0.00354,-0.00022,0.00000
jupiter,2028-03-20,192,dec,4.90674,0.19431,-0.00205,-0.00010,0.00000
jupiter,2028-03-28,192,gha,1458.30681,1444.36310,-0.00603,-0.00019,0.00000
jupiter,2028-03-28,192,dec,5.27556,0.17366,-0.00306,-0.00007,0.00000
jupiter,2028-04-05,192,gha,1466.97834,1444.30685,-0.00794,-0.00014,0.00000
jupiter,2028-04-05,192,dec,5.59606,0.14623,-0.00379,-0.00006,0.00000
jupiter,2028-04-13,192,gha,1475.52361,1444.23716,-0.00945,-0.00011,0.00000
jupiter,2028-04-13,192,dec,5.85649,0.11376,-0.00431,-0.00004,0.00000
jupiter,2028-04-21,192,gha,1483.91847,1444.15675,-0.01058,-0.00007,0.00000
jupiter,2028-04-21,192,dec,6.04808,0.07748,-0.00473,-0.00002,0.00000
jupiter,2028-04-29,192,gha,1492.14516,1444.06948,-0.01113,-0.00002,0.00000
jupiter,2028-04-29,192,dec,6.16473,0.03911,-0.00483,-0.00000,-0.00000
jupiter,2028-05-07,192,gha,1500.19469,1443.97999,-0.01121,0.00000,0.00000
jupiter,2028-05-07,192,dec,6.20430,0.00048,-0.00480,0.00001,-0.00000
jupiter,2028-05-15,192,gha,1508.06522,1443.89061,-0.01111,0.00002,0.00000
jupiter,2028-05-15,192,dec,6.16715,-0.03756,-0.00472,0.00001,0.00000
jupiter,2028-05-23,192,gha,1515.75850,1443.80297,-0.01075,0.00005,0.00000
jupiter,2028-05-23,192,dec,6.05472,-0.07469,-0.00451,0.00003,-0.00000
jupiter,2028-05-31,192,gha,1523.28054,1443.71965,-0.01006,0.00006,-0.00000
jupiter,2028-05-31,192,dec,5.87017,-0.10963,-0.00423,0.00003,0.00000
jupiter,2028-06-08,192,gha,1530.64162,1443.64201,-0.00937,0.00006,-0.00000
jupiter,2028-06-08,192,dec,5.61813,-0.14215,-0.00392,0.00002,-0.00000
jupiter,2028-06-16,192,gha,1537.85285,1443.56978,-0.00868,0.00006,0.00000
jupiter,2028-06-16,192,dec,5.30324,-0.17254,-0.00367,0.00003,0.00000
jupiter,2028-06-24,192,gha,1544.92545,1443.50352,-0.00785,0.00008,-0.00000
jupiter,2028-06-24,192,dec,4.93006,-0.20033,-0.00329,0.00002,-0.00000
jupiter,2028-07-02,192,gha,1551.87243,1443.44416,-0.00701,0.00006,-0.00000
jupiter,2028-07-02,192,dec,4.50409,-0.22534,-0.00295,0.00003,-0.00000
jupiter,2028-07-10,192,gha,1558.70690,1443.39089,-0.00632,0.00006,-0.00000
jupiter,2028-07-10,192,dec,4.03073,-0.24780,-0.00268,0.00002,0.00000
jupiter,2028-07-18,192,gha,1565.44031,1443.34310,-0.00562,0.00006,0.00000
jupiter,2028-07-18,192,dec,3.51461,-0.26804,-0.00235,0.00003,-0.00000
jupiter,2028-07-26,192,gha,1572.08411,1443.30136,-0.00483,0.00006,-0.00000
jupiter,2028-07-26,192,dec,2.96078,-0.28553,-0.00203,0.00003,0.00000
jupiter,2028-08-03,192,gha,1578.65034,1443.26539,-0.00419,0.00005,-0.00000
jupiter,2028-08-03,192,dec,2.37454,-0.30045,-0.00172,0.00002,-0.00000
jupiter,2028-08-11,192,gha,1585.14942,1443.23415,-0.00362,0.00005,0.00000
jupiter,2028-08-11,192,dec,1.76058,-0.31331,-0.00147,0.00003,0.00000
jupiter,2028-08-19,192,gha,1591.59073,1443.20770,-0.00297,0.00006,-0.00000
jupiter,2028-08-19,192,dec,1.12330,-0.32369,-0.00114,0.00002,0.00000
jupiter,2028-08-27,192,gha,1597.98445,1443.18654,-0.00235,0.00005,-0.00000
jupiter,2028-08-27,192,dec,0.46776,-0.33158,-0.00082,0.00002,-0.00000
jupiter,2028-09-04,192,gha,1604.34039,1443.16982,-0.00184,0.00004,0.00000
jupiter,2028-09-04,192,dec,-0.20120,-0.33719,-0.00059,0.00002,0.00000
jupiter,2028-09-12,192,gha,1610.66694,1443.15718,-0.00130,0.00005,0.00000
jupiter,2028-09-12,192,dec,-0.87938,-0.34071,-0.00027,0.00003,-0.00000
jupiter,2028-09-20,192,gha,1616.97294,1443.14936,-0.00066,0.00005,-0.00000
jupiter,2028-09-20,192,dec,-1.56203,-0.34169,0.00004,0.00003,0.00000
jupiter,2028-09-28,192,gha,1623.26826,1443.14643,-0.00012,0.00003,0.00001
jupiter,2028-09-28,192,dec,-2.24412,-0.34019,0.00029,0.00003,0.00001
jupiter,2028-10-06,192,gha,1629.56180,1443.14757,0.00042,0.00005,0.00000
jupiter,2028-10-06,192,dec,-2.92123,-0.33668,0.00058,0.00003,0.00000
jupiter,2028-10-14,192,gha,1635.86230,1443.15348,0.00109,0.00006,0.00000
jupiter,2028-10-14,192,dec,-3.58884,-0.33065,0.00090,0.00002,0.00000
jupiter,2028-10-22,192,gha,1642.18021,1443.16499,0.00177,0.00005,-0.00000
jupiter,2028-10-22,192,dec,-4.24185,-0.32208,0.00124,0.00002,-0.00000
jupiter,2028-10-30,192,gha,1648.52629,1443.18161,0.00239,0.00005,0.00000
jupiter,2028-10-30,192,dec,-4.87532,-0.31120,0.00148,0.00002,0.00000
jupiter,2028-11-07,192,gha,1654.91077,1443.20346,0.00310,0.00007,0.00000
jupiter,2028-11-07,192,dec,-5.48484,-0.29803,0.00182,0.00003,-0.00000
jupiter,2028-11-15,192,gha,1661.34521,1443.23171,0.00397,0.00007,-0.00000
jupiter,2028-11-15,192,dec,-6.06538,-0.28225,0.00214,0.00003,-0.00000
jupiter,2028-11-23,192,gha,1667.84289,1443.26662,0.00475,0.00006,0.00000
jupiter,2028-11-23,192,dec,-6.61175,-0.26388,0.00243,0.00002,-0.00000
jupiter,2028-12-01,192,gha,1674.41666,1443.30781,0.00556,0.00007,0.00000
jupiter,2028-12-01,192,dec,-7.11929,-0.24342,0.00272,0.00003,-0.00000
jupiter,2028-12-09,192,gha,1681.07973,1443.35607,0.00654,0.00009,-0.00000
jupiter,2028-12-09,192,dec,-7.58334,-0.22037,0.00303,0.00003,0.00000
jupiter,2028-12-17,192,gha,1687.84735,1443.41235,0.00751,0.00007,-0.00000
jupiter,2028-12-17,192,dec,-7.99879,-0.19480,0.00335,0.00002,-0.00000
jupiter,2028-12-25,192,gha,1694.73488,1443.47591,0.00838,0.00007,0.00000
jupiter,2028-12-25,192,dec,-8.36087,-0.16711,0.00357,0.00002,0.00000
jupiter,2029-01-02,192,gha,1701.75657,1443.54655,0.00930,0.00008,0.00000
jupiter,2029-01-02,192,dec,-8.66554,-0.13731,0.00387,0.00002,-0.00000
jupiter,2029-01-10,192,gha,1708.92726,1443.62496,0.01028,0.00007,-0.00000
jupiter,2029-01-10,192,dec,-8.90843,-0.10537,0.00413,0.00002,-0.00000
jupiter,2029-01-18,192,gha,1716.26179,1443.71016,0.01099,0.00005,-0.00000
jupiter,2029-01-18,192,dec,-9.08552,-0.07160,0.00428,0.00001,-0.00000
jupiter,2029-01-26,192,gha,1723.77177,1443.80025,0.01151,0.00004,0.00000
jupiter,2029-01-26,192,dec,-9.19410,-0.03685,0.00442,0.00001,-0.00000
jupiter,2029-02-03,192,gha,1731.46590,1443.89427,0.01197,0.00003,-0.00000
jupiter,2029-02-03,192,dec,-9.23211,-0.00112,0.00449,0.00001,0.00000
jupiter,2029-02-11,192,gha,1739.35071,1443.99057,0.01202,-0.00002,-0.00000
jupiter,2029-02-11,192,dec,-9.19834,0.03487,0.00447,-0.00002,-0.00000
jupiter,2029-02-19,192,gha,1747.42678,1444.08512,0.01156,-0.00006,-0.00000
jupiter,2029-02-19,192,dec,-9.09358,0.06968,0.00423,-0.00002,0.00000
jupiter,2029-02-27,192,gha,1755.68706,1444.17450,0.01076,-0.00008,-0.00000
jupiter,2029-02-27,192,dec,-8.92120,0.10246,0.00393,-0.00004,-0.00000
jupiter,2029-03-07,192,gha,1764.11866,1444.25609,0.00953,-0.00013,-0.00000
jupiter,2029-03-07,192,dec,-8.68630,0.13205,0.00345,-0.00005,-0.00000
jupiter,2029-03-15,192,gha,1772.70143,1444.32510,0.00764,-0.00018,-0.00000
jupiter,2029-03-15,192,dec,-8.39684,0.15678,0.00269,-0.00007,-0.00000
jupiter,2029-03-23,192,gha,1781.40563,1444.37718,0.00535,-0.00020,0.00000
jupiter,2029-03-23,192,dec,-8.06440,0.17496,0.00185,-0.00007,-0.00000
jupiter,2029-03-31,192,gha,1790.19527,1444.41047,0.00295,-0.00021,-0.00000
jupiter,2029-03-31,192,dec,-7.70272,0.18591,0.00088,-0.00008,-0.00000
jupiter,2029-04-08,192,gha,1799.03129,1444.42326,0.00021,-0.00024,-0.00000
jupiter,2029-04-08,192,dec,-7.32712,0.18880,-0.00020,-0.00010,-0.00000
jupiter,2029-04-16,192,gha,1447.87066,1444.41382,-0.00255,-0.00022,0.00000
jupiter,2029-04-16,192,dec,-6.95469,0.18272,-0.00129,-0.00008,0.00000
jupiter,2029-04-24,192,gha,1456.67007,1444.38360,-0.00493,-0.00018,0.00000
jupiter,2029-04-24,192,dec,-6.60263,0.16854,-0.00225,-0.00008,0.00000
jupiter,2029-05-02,192,gha,1465.39125,1444.33585,-0.00700,-0.00017,0.00000
jupiter,2029-05-02,192,dec,-6.28620,0.14722,-0.00307,-0.00007,-0.00000
jupiter,2029-05-10,192,gha,1474.00103,1444.27243,-0.00879,-0.00013,0.00000
jupiter,2029-05-10,192,dec,-6.01877,0.11958,-0.00381,-0.00005,0.00000
jupiter,2029-05-18,192,gha,1482.47128,1444.19679,-0.01002,-0.00007,0.00000
jupiter,2029-05-18,192,dec,-5.81160,0.08722,-0.00425,-0.00003,-0.00000
jupiter,2029-05-26,192,gha,1490.78241,1444.11381,-0.01067,-0.00005,0.00000
jupiter,2029-05-26,192,dec,-5.67210,0.05207,-0.00450,-0.00001,-0.00000
jupiter,2029-06-03,192,gha,1498.92311,1444.02653,-0.01111,-0.00002,0.00000
jupiter,2029-06-03,192,dec,-5.60439,0.01550,-0.00465,-0.00001,0.00000
jupiter,2029-06-11,192,gha,1506.88676,1443.93704,-0.01120,0.00001,0.00000
jupiter,2029-06-11,192,dec,-5.61063,-0.02170,-0.00460,0.00001,0.00000
jupiter,2029-06-19,192,gha,1514.67210,1443.84859,-0.01086,0.00004,0.00000
jupiter,2029-06-19,192,dec,-5.69034,-0.05787,-0.00443,0.00002,0.00000
jupiter,2029-06-27,192,gha,1522.28383,1443.76351,-0.01042,0.00003,0.00000
jupiter,2029-06-27,192,dec,-5.84067,-0.09223,-0.00417,0.00002,-0.00000
jupiter,2029-07-05,192,gha,1529.72891,1443.68197,-0.00994,0.00005,0.00000
jupiter,2029-07-05,192,dec,-6.05782,-0.12471,-0.00392,0.00003,0.00000
jupiter,2029-07-13,192,gha,1537.01531,1443.60499,-0.00927,0.00007,0.00000
jupiter,2029-07-13,192,dec,-6.33742,-0.15458,-0.00355,0.00003,-0.00000
jupiter,2029-07-21,192,gha,1544.15367,1443.53402,-0.00850,0.00006,-0.00000
jupiter,2029-07-21,192,dec,-6.67382,-0.18148,-0.00316,0.00003,-0.00000
jupiter,2029-07-29,192,gha,1551.15577,1443.46861,-0.00786,0.00005,0.00000
jupiter,2029-07-29,192,dec,-7.06101,-0.20545,-0.00284,0.00003,0.00000
jupiter,2029-08-06,192,gha,1558.03214,1443.40831,-0.00720,0.00006,0.00000
jupiter,2029-08-06,192,dec,-7.49349,-0.22670,-0.00245,0.00003,-0.00000
jupiter,2029-08-14,192,gha,1564.79361,1443.35382,-0.00642,0.00006,-0.00000
jupiter,2029-08-14,192,dec,-7.96530,-0.24481,-0.00208,0.00004,0.00000
jupiter,2029-08-22,192,gha,1571.45209,1443.30520,-0.00577,0.00005,-0.00000
jupiter,2029-08-22,192,dec,-8.47026,-0.25985,-0.00171,0.00002,-0.00000
jupiter,2029-08-30,192,gha,1578.01819,1443.26138,-0.00519,0.00005,0.00000
jupiter,2029-08-30,192,dec,-9.00271,-0.27234,-0.00139,0.00003,0.00000
jupiter,2029-09-07,192,gha,1584.50145,1443.22243,-0.00452,0.00006,0.00000
jupiter,2029-09-07,192,dec,-9.55732,-0.28197,-0.00103,0.00002,0.00000
jupiter,2029-09-15,192,gha,1590.91237,1443.18906,-0.00385,0.00005,-0.00000
jupiter,2029-09-15,192,dec,-10.12840,-0.28880,-0.00067,0.00003,-0.00000
jupiter,2029-09-23,192,gha,1597.26141,1443.16043,-0.00331,0.00004,0.00000
jupiter,2029-09-23,192,dec,-10.71049,-0.29308,-0.00041,0.00002,0.00000
jupiter,2029-10-01,192,gha,1603.55751,1443.13614,-0.00274,0.00005,0.00000
jupiter,2029-10-01,192,dec,-11.29888,-0.29502,-0.00007,0.00003,-0.00000
jupiter,2029-10-09,192,gha,1609.81004,1443.11699,-0.00204,0.00006,-0.00000
jupiter,2029-10-09,192,dec,-11.88858,-0.29444,0.00023,0.00003,-0.00000
jupiter,2029-10-17,192,gha,1616.02964,1443.10309,-0.00145,0.00005,0.00000
jupiter,2029-10-17,192,dec,-12.47463,-0.29139,0.00050,0.00002,0.00000
jupiter,2029-10-25,192,gha,1622.22602,1443.09379,-0.00084,0.00006,-0.00001
jupiter,2029-10-25,192,dec,-13.05262,-0.28637,0.00076,0.00000,-0.00001
jupiter,2029-11-02,192,gha,1628.40869,1443.08944,-0.00017,0.00007,0.00000
jupiter,2029-11-02,192,dec,-13.61850,-0.27925,0.00102,0.00002,0.00000
jupiter,2029-11-10,192,gha,1634.58870,1443.09120,0.00058,0.00006,-0.00000
jupiter,2029-11-10,192,dec,-14.16797,-0.26998,0.00129,0.00002,-0.00000
jupiter,2029-11-18,192,gha,1640.77784,1443.09849,0.00125,0.00006,0.00000
jupiter,2029-11-18,192,dec,-14.69703,-0.25894,0.00147,0.00002,0.00000
jupiter,2029-11-26,192,gha,1646.98706,1443.11135,0.00199,0.00007,0.00000
jupiter,2029-11-26,192,dec,-15.20242,-0.24625,0.00170,0.00001,-0.00000
jupiter,2029-12-04,192,gha,1653.22860,1443.13097,0.00292,0.00007,-0.00000
jupiter,2029-12-04,192,dec,-15.68077,-0.23194,0.00190,0.00002,-0.00000
jupiter,2029-12-12,192,gha,1659.51659,1443.15771,0.00375,0.00007,0.00000
jupiter,2029-12-12,192,dec,-16.12887,-0.21605,0.00205,0.00001,0.00000
jupiter,2029-12-20,192,gha,1665.86470,1443.19110,0.00461,0.00007,0.00000
jupiter,2029-12-20,192,dec,-16.54418,-0.19913,0.00220,0.00002,-0.00000
jupiter,2029-12-28,192,gha,1672.28681,1443.23186,0.00562,0.00010,0.00000
jupiter,2029-12-28,192,dec,-16.92441,-0.18100,0.00232,0.00001,0.00000
jupiter,2030-01-05,192,gha,1678.79898,1443.28118,0.00667,0.00008,-0.00000
jupiter,2030-01-05,192,dec,-17.26736,-0.16182,0.00246,0.00000,-0.00000
jupiter,2030-01-13,192,gha,1685.41771,1443.33834,0.00762,0.00008,0.00000
jupiter,2030-01-13,192,dec,-17.57117,-0.14195,0.00251,0.00001,0.00000
jupiter,2030-01-21,192,gha,1692.15846,1443.40325,0.00863,0.00009,0.00000
jupiter,2030-01-21,192,dec,-17.83461,-0.12140,0.00261,0.00000,-0.00000
jupiter,2030-01-29,192,gha,1699.03761,1443.47686,0.00976,0.00009,-0.00000
jupiter,2030-01-29,192,dec,-18.05636,-0.10029,0.00269,0.00001,-0.00000
jupiter,2030-02-06,192,gha,1706.07245,1443.55873,0.01067,0.00007,-0.00000
jupiter,2030-02-06,192,dec,-18.23530,-0.07863,0.00271,-0.00000,0.00000
jupiter,2030-02-14,192,gha,1713.27784,1443.64732,0.01146,0.00006,0.00000
jupiter,2030-02-14,192,dec,-18.37080,-0.05683,0.00276,0.00001,-0.00000
jupiter,2030-02-22,192,gha,1720.66671,1443.74223,0.01227,0.00006,-0.00000
jupiter,2030-02-22,192,dec,-18.46235,-0.03472,0.00277,0.00001,0.00000
jupiter,2030-03-02,192,gha,1728.25126,1443.84275,0.01278,0.00002,-0.00000
jupiter,2030-03-02,192,dec,-18.50948,-0.01238,0.00279,-0.00001,-0.00000
jupiter,2030-03-10,192,gha,1736.03951,1443.94557,0.01287,-0.00001,-0.00000
jupiter,2030-03-10,192,dec,-18.51212,0.00970,0.00274,-0.00000,0.00000
jupiter,2030-03-18,192,gha,1744.03309,1444.04784,0.01267,-0.00002,-0.00000
jupiter,2030-03-18,192,dec,-18.47089,0.03149,0.00268,-0.00001,0.00000
jupiter,2030-03-26,192,gha,1752.22886,1444.14750,0.01214,-0.00008,-0.00000
jupiter,2030-03-26,192,dec,-18.38679,0.05255,0.00259,-0.00001,-0.00000
jupiter,2030-04-03,192,gha,1760.61739,1444.23998,0.01089,-0.00013,-0.00000
jupiter,2030-04-03,192,dec,-18.26168,0.07235,0.00234,-0.00002,0.00000
jupiter,2030-04-11,192,gha,1769.17912,1444.32027,0.00912,-0.00016,-0.00000
jupiter,2030-04-11,192,dec,-18.09913,0.08996,0.00206,-0.00003,-0.00000
jupiter,2030-04-19,192,gha,1777.88637,1444.38531,0.00710,-0.00019,-0.00000
jupiter,2030-04-19,192,dec,-17.90410,0.10471,0.00163,-0.00003,-0.00000
jupiter,2030-04-27,192,gha,1786.70587,1444.43202,0.00450,-0.00024,-0.00000
jupiter,2030-04-27,192,dec,-17.68316,0.11578,0.00109,-0.00006,-0.00000
jupiter,2030-05-05,192,gha,1795.59669,1444.45637,0.00157,-0.00025,0.00000
jupiter,2030-05-05,192,dec,-17.44498,0.12185,0.00044,-0.00005,-0.00000
jupiter,2030-05-13,192,gha,1444.51284,1444.45743,-0.00125,-0.00022,0.00000
jupiter,2030-05-13,192,dec,-17.19994,0.12259,-0.00028,-0.00006,0.00000
jupiter,2030-05-21,192,gha,1453.40930,1444.43680,-0.00393,-0.00023,0.00000
jupiter,2030-05-21,192,dec,-16.95912,0.11767,-0.00096,-0.00006,-0.00000
jupiter,2030-05-29,192,gha,1462.24309,1444.39483,-0.00651,-0.00020,0.00000
jupiter,2030-05-29,192,dec,-16.73390,0.10693,-0.00171,-0.00005,0.00000
jupiter,2030-06-06,192,gha,1470.97363,1444.33397,-0.00861,-0.00015,0.00000
jupiter,2030-06-06,192,dec,-16.53559,0.09089,-0.00229,-0.00005,-0.00000
jupiter,2030-06-14,192,gha,1479.56787,1444.25910,-0.01004,-0.00011,-0.00000
jupiter,2030-06-14,192,dec,-16.37380,0.07050,-0.00276,-0.00003,-0.00000
jupiter,2030-06-22,192,gha,1488.00184,1444.17388,-0.01121,-0.00008,0.00000
jupiter,2030-06-22,192,dec,-16.25606,0.04691,-0.00314,-0.00003,0.00000
jupiter,2030-06-30,192,gha,1496.25731,1444.08099,-0.01193,-0.00004,0.00000
jupiter,2030-06-30,192,dec,-16.18810,0.02090,-0.00333,-0.00001,0.00000
jupiter,2030-07-08,192,gha,1504.32300,1443.98458,-0.01208,0.00001,0.00000
jupiter,2030-07-08,192,dec,-16.17318,-0.00604,-0.00339,0.00000,0.00000
jupiter,2030-07-16,192,gha,1512.19584,1443.88834,-0.01199,0.00001,0.00000
jupiter,2030-07-16,192,dec,-16.21208,-0.03278,-0.00330,0.00000,0.00000
jupiter,2030-07-24,192,gha,1519.87720,1443.79320,-0.01176,0.00003,0.00000
jupiter,2030-07-24,192,dec,-16.30378,-0.05882,-0.00318,0.00002,0.00000
jupiter,2030-08-01,192,gha,1527.37088,1443.70090,-0.01126,0.00006,0.00000
jupiter,2030-08-01,192,dec,-16.44600,-0.08319,-0.00292,0.00002,0.00000
jupiter,2030-08-09,192,gha,1534.68490,1443.61373,-0.01054,0.00005,-0.00000
jupiter,2030-08-09,192,dec,-16.63484,-0.10538,-0.00260,0.00003,-0.00000
jupiter,2030-08-17,192,gha,1541.82996,1443.53183,-0.00994,0.00005,0.00000
jupiter,2030-08-17,192,dec,-16.86544,-0.12500,-0.00231,0.00003,0.00000
jupiter,2030-08-25,192,gha,1548.81617,1443.45494,-0.00927,0.00006,0.00000
jupiter,2030-08-25,192,dec,-17.13280,-0.14204,-0.00194,0.00003,-0.00000
jupiter,2030-09-02,192,gha,1555.65451,1443.38411,-0.00842,0.00007,-0.00000
jupiter,2030-09-02,192,dec,-17.43129,-0.15616,-0.00158,0.00004,0.00000
jupiter,2030-09-10,192,gha,1562.35782,1443.31980,-0.00769,0.00005,-0.00000
jupiter,2030-09-10,192,dec,-17.75500,-0.16723,-0.00121,0.00002,0.00000
jupiter,2030-09-18,192,gha,1568.93798,1443.26091,-0.00703,0.00006,0.00000
jupiter,2030-09-18,192,dec,-18.09814,-0.17562,-0.00087,0.00003,0.00000
jupiter,2030-09-26,192,gha,1575.40583,1443.20757,-0.00627,0.00007,0.00000
jupiter,2030-09-26,192,dec,-18.45516,-0.18112,-0.00053,0.00002,0.00000
jupiter,2030-10-04,192,gha,1581.77344,1443.16071,-0.00547,0.00006,-0.00000
jupiter,2030-10-04,192,dec,-18.82047,-0.18389,-0.00016,0.00003,-0.00000
jupiter,2030-10-12,192,gha,1588.05311,1443.11949,-0.00483,0.00005,0.00000
jupiter,2030-10-12,192,dec,-19.18867,-0.18409,0.00011,0.00002,0.00000
jupiter,2030-10-20,192,gha,1594.25551,1443.08346,-0.00417,0.00006,0.00000
jupiter,2030-10-20,192,dec,-19.55498,-0.18195,0.00042,0.00002,-0.00000
jupiter,2030-10-28,192,gha,1600.39166,1443.05339,-0.00334,0.00007,-0.00000
jupiter,2030-10-28,192,dec,-19.91473,-0.17760,0.00068,0.00003,-0.00000
jupiter,2030-11-05,192,gha,1606.47403,1443.02956,-0.00264,0.00005,0.00000
jupiter,2030-11-05,192,dec,-20.26362,-0.17110,0.00092,0.00001,0.00000
jupiter,2030-11-13,192,gha,1612.51411,1443.01108,-0.00197,0.00006,0.00000
jupiter,2030-11-13,192,dec,-20.59786,-0.16297,0.00113,0.00002,-0.00000
jupiter,2030-11-21,192,gha,1618.52283,1442.99829,-0.00119,0.00007,-0.00000
jupiter,2030-11-21,192,dec,-20.91417,-0.15320,0.00129,0.00001,0.00000
jupiter,2030-11-29,192,gha,1624.51285,1442.99243,-0.00039,0.00007,0.00002
jupiter,2030-11-29,192,dec,-21.20966,-0.14220,0.00145,0.00005,-0.00003
jupiter,2030-12-07,192,gha,1630.49722,1442.99259,0.00040,0.00006,0.00000
jupiter,2030-12-07,192,dec,-21.48204,-0.13012,0.00155,0.00001,0.00000
jupiter,2030-12-15,192,gha,1636.48799,1442.99883,0.00118,0.00007,0.00000
jupiter,2030-12-15,192,dec,-21.72956,-0.11731,0.00164,0.00000,-0.00000
jupiter,2030-12-23,192,gha,1642.49810,1443.01211,0.00216,0.00008,-0.00000
jupiter,2030-12-23,192,dec,-21.95102,-0.10413,0.00167,0.00001,-0.00000
jupiter,2030-12-31,192,gha,1648.54233,1443.03282,0.00301,0.00007,0.00000
jupiter,2030-12-31,192,dec,-22.14583,-0.09070,0.00166,-0.00000,0.00000
jupiter,2031-01-08,192,gha,1654.63469,1443.06024,0.00385,0.00007,0.00000
jupiter,2031-01-08,192,dec,-22.31404,-0.07752,0.00164,-0.00000,-0.00000
jupiter,2031-01-16,192,gha,1660.78898,1443.09487,0.00484,0.00009,0.00000
jupiter,2031-01-16,192,dec,-22.45620,-0.06473,0.00154,-0.00001,0.00000
jupiter,2031-01-24,192,gha,1667.02092,1443.13793,0.00588,0.00008,-0.00000
jupiter,2031-01-24,192,dec,-22.57353,-0.05266,0.00146,-0.00001,-0.00000
jupiter,2031-02-01,192,gha,1673.34674,1443.18866,0.00680,0.00008,0.00000
jupiter,2031-02-01,192,dec,-22.66769,-0.04162,0.00131,-0.00001,0.00000
jupiter,2031-02-09,192,gha,1679.78146,1443.24686,0.00777,0.00009,0.00000
jupiter,2031-02-09,192,dec,-22.74084,-0.03165,0.00116,-0.00002,-0.00000
jupiter,2031-02-17,192,gha,1686.34094,1443.31358,0.00891,0.00009,-0.00000
jupiter,2031-02-17,192,dec,-22.79552,-0.02317,0.00098,-0.00001,-0.00000
jupiter,2031-02-25,192,gha,1693.04253,1443.38880,0.00987,0.00008,-0.00000
jupiter,2031-02-25,192,dec,-22.83459,-0.01608,0.00078,-0.00002,0.00000
jupiter,2031-03-05,192,gha,1699.90191,1443.47132,0.01075,0.00007,0.00000
jupiter,2031-03-05,192,dec,-22.86107,-0.01052,0.00062,-0.00001,-0.00000
jupiter,2031-03-13,192,gha,1706.93357,1443.56116,0.01173,0.00009,-0.00000
jupiter,2031-03-13,192,dec,-22.87785,-0.00644,0.00040,-0.00001,0.00000
jupiter,2031-03-21,192,gha,1714.15268,1443.65865,0.01258,0.00005,-0.00000
jupiter,2031-03-21,192,dec,-22.88790,-0.00372,0.00027,-0.00002,0.00000
jupiter,2031-03-29,192,gha,1721.57240,1443.76151,0.01311,0.00003,-0.00000
jupiter,2031-03-29,192,dec,-22.89370,-0.00218,0.00014,-0.00000,0.00000
jupiter,2031-04-06,192,gha,1729.20146,1443.86785,0.01347,0.00003,0.00000
jupiter,2031-04-06,192,dec,-22.89713,-0.00132,0.00005,-0.00001,0.00000
jupiter,2031-04-14,192,gha,1737.04591,1443.97679,0.01369,-0.00001,-0.00000
jupiter,2031-04-14,192,dec,-22.89952,-0.00107,0.00004,0.00000,-0.00000
jupiter,2031-04-22,192,gha,1745.10808,1444.08505,0.01329,-0.00006,-0.00000
jupiter,2031-04-22,192,dec,-22.90137,-0.00078,0.00004,0.00000,0.00000
jupiter,2031-04-30,192,gha,1753.38196,1444.18809,0.01240,-0.00009,-0.00000
jupiter,2031-04-30,192,dec,-22.90230,-0.00006,0.00014,0.00001,-0.00000
jupiter,2031-05-08,192,gha,1761.85372,1444.28269,0.01121,-0.00012,-0.00000
jupiter,2031-05-08,192,dec,-22.90115,0.00125,0.00021,0.00001,0.00000
jupiter,2031-05-16,192,gha,1770.50331,1444.36533,0.00933,-0.00019,-0.00000
jupiter,2031-05-16,192,dec,-22.89655,0.00345,0.00032,0.00000,0.00000
jupiter,2031-05-24,192,gha,1779.30097,1444.43023,0.00682,-0.00023,-0.00000
jupiter,2031-05-24,192,dec,-22.88681,0.00637,0.00042,0.00001,-0.00000
jupiter,2031-06-01,192,gha,1788.20724,1444.47372,0.00405,-0.00023,0.00000
jupiter,2031-06-01,192,dec,-22.87063,0.00982,0.00041,-0.00001,0.00000
jupiter,2031-06-09,192,gha,1797.17809,1444.49469,0.00112,-0.00027,-0.00000
jupiter,2031-06-09,192,dec,-22.84771,0.01310,0.00040,-0.00001,-0.00000
jupiter,2031-06-17,192,gha,1446.16623,1444.49075,-0.00211,-0.00027,0.00000
jupiter,2031-06-17,192,dec,-22.81878,0.01570,0.00025,-0.00001,0.00000
jupiter,2031-06-25,192,gha,1455.12104,1444.46153,-0.00514,-0.00023,0.00000
jupiter,2031-06-25,192,dec,-22.78585,0.01708,0.00007,-0.00002,-0.00000
jupiter,2031-07-03,192,gha,1463.99489,1444.41028,-0.00760,-0.00019,-0.00000
jupiter,2031-07-03,192,dec,-22.75201,0.01654,-0.00018,-0.00001,-0.00000
jupiter,2031-07-11,192,gha,1472.74736,1444.34031,-0.00985,-0.00017,0.00000
jupiter,2031-07-11,192,dec,-22.72112,0.01412,-0.00044,-0.00002,0.00000
jupiter,2031-07-19,192,gha,1481.34329,1444.25416,-0.01160,-0.00012,0.00000
jupiter,2031-07-19,192,dec,-22.69714,0.00969,-0.00065,-0.00002,-0.00000
jupiter,2031-07-27,192,gha,1489.75503,1444.15673,-0.01263,-0.00005,0.00000
jupiter,2031-07-27,192,dec,-22.68363,0.00363,-0.00086,-0.00001,0.00000
jupiter,2031-08-04,192,gha,1497.96562,1444.05338,-0.01320,-0.00004,0.00000
jupiter,2031-08-04,192,dec,-22.68349,-0.00354,-0.00094,-0.00001,0.00000
jupiter,2031-08-12,192,gha,1505.96563,1443.94637,-0.01350,-0.00001,0.00000
jupiter,2031-08-12,192,dec,-22.69831,-0.01131,-0.00098,0.00000,0.00000
jupiter,2031-08-20,192,gha,1513.75056,1443.83868,-0.01335,0.00003,0.00000
jupiter,2031-08-20,192,dec,-22.72856,-0.01890,-0.00093,0.00000,0.00000
jupiter,2031-08-28,192,gha,1521.32280,1443.73403,-0.01279,0.00005,-0.00000
jupiter,2031-08-28,192,dec,-22.77350,-0.02593,-0.00079,0.00002,-0.00000
jupiter,2031-09-05,192,gha,1528.69020,1443.63381,-0.01226,0.00005,0.00000
jupiter,2031-09-05,192,dec,-22.83126,-0.03171,-0.00065,0.00002,0.00000
jupiter,2031-09-13,192,gha,1535.86180,1443.53836,-0.01158,0.00007,0.00000
jupiter,2031-09-13,192,dec,-22.89912,-0.03595,-0.00041,0.00002,-0.00000
jupiter,2031-09-21,192,gha,1542.84871,1443.44933,-0.01064,0.00009,-0.00000
jupiter,2031-09-21,192,dec,-22.97365,-0.03842,-0.00020,0.00003,0.00000
jupiter,2031-09-29,192,gha,1549.66522,1443.36792,-0.00975,0.00007,0.00000
jupiter,2031-09-29,192,dec,-23.05111,-0.03881,0.00007,0.00002,0.00000
saturn,2026-10-01,192,gha,1442.26945,1444.23142,0.00011,-0.00011,-0.00000
saturn,2026-10-01,192,dec,1.95841,-0.12342,0.00033,0.00004,0.00000
saturn,2026-10-09,192,gha,1450.72897,1444.22700,-0.00121,-0.00011,0.00000
saturn,2026-10-09,192,dec,1.71610,-0.11839,0.00093,0.00005,-0.00000
saturn,2026-10-17,192,gha,1459.16927,1444.21228,-0.00244,-0.00010,0.00000
saturn,2026-10-17,192,dec,1.48830,-0.10902,0.00140,0.00004,0.00000
saturn,2026-10-25,192,gha,1467.57085,1444.18841,-0.00351,-0.00009,-0.00000
saturn,2026-10-25,192,dec,1.28297,-0.09594,0.00185,0.00003,-0.00000
saturn,2026-11-02,192,gha,1475.91637,1444.15626,-0.00453,-0.00008,0.00000
saturn,2026-11-02,192,dec,1.10704,-0.07967,0.00224,0.00004,-0.00000
saturn,2026-11-10,192,gha,1484.18983,1444.11649,-0.00538,-0.00006,0.00000
saturn,2026-11-10,192,dec,0.96678,-0.06033,0.00255,0.00002,-0.00000
saturn,2026-11-18,192,gha,1492.37775,1444.07095,-0.00596,-0.00004,0.00000
saturn,2026-11-18,192,dec,0.86719,-0.03909,0.00276,0.00002,-0.00000
saturn,2026-11-26,192,gha,1500.47062,1444.02158,-0.00637,-0.00003,0.00000
saturn,2026-11-26,192,dec,0.81145,-0.01659,0.00285,0.00001,0.00000
saturn,2026-12-04,192,gha,1508.46174,1443.96930,-0.00667,-0.00001,0.00000
saturn,2026-12-04,192,dec,0.80149,0.00673,0.00295,-0.00000,-0.00000
saturn,2026-12-12,192,gha,1516.34669,1443.91561,-0.00672,0.00001,0.00000
saturn,2026-12-12,192,dec,0.83840,0.03012,0.00289,-0.00000,0.00000
saturn,2026-12-20,192,gha,1524.12452,1443.86235,-0.00658,0.00001,-0.00000
saturn,2026-12-20,192,dec,0.92155,0.05295,0.00279,-0.00002,0.00000
saturn,2026-12-28,192,gha,1531.79715,1443.81042,-0.00640,0.00002,0.00000
saturn,2026-12-28,192,dec,1.04929,0.07470,0.00268,-0.00001,-0.00000
saturn,2027-01-05,192,gha,1539.36768,1443.76036,-0.00609,0.00003,0.00000
saturn,2027-01-05,192,dec,1.21955,0.09538,0.00247,-0.00002,0.00000
saturn,2027-01-13,192,gha,1546.84103,1443.71337,-0.00564,0.00004,0.00000
saturn,2027-01-13,192,dec,1.42940,0.11430,0.00226,-0.00002,-0.00000
saturn,2027-01-21,192,gha,1554.22422,1443.67021,-0.00516,0.00004,0.00000
saturn,2027-01-21,192,dec,1.67519,0.13125,0.00199,-0.00001,0.00000
saturn,2027-01-29,192,gha,1561.52476,1443.63072,-0.00470,0.00004,0.00000
saturn,2027-01-29,192,dec,1.95304,0.14643,0.00178,-0.00003,-0.00000
saturn,2027-02-06,192,gha,1568.75037,1443.59535,-0.00413,0.00005,0.00000
saturn,2027-02-06,192,dec,2.25918,0.15946,0.00149,-0.00002,0.00000
saturn,2027-02-14,192,gha,1575.90991,1443.56470,-0.00353,0.00005,-0.00000
saturn,2027-02-14,192,dec,2.58920,0.17032,0.00120,-0.00003,0.00000
saturn,2027-02-22,192,gha,1583.01271,1443.53852,-0.00302,0.00004,0.00000
saturn,2027-02-22,192,dec,2.93868,0.17898,0.00098,-0.00002,-0.00000
saturn,2027-03-02,192,gha,1590.06735,1443.51659,-0.00246,0.00005,0.00000
saturn,2027-03-02,192,dec,3.30361,0.18570,0.00069,-0.00002,0.00000
saturn,2027-03-10,192,gha,1597.08276,1443.49933,-0.00185,0.00005,-0.00000
saturn,2027-03-10,192,dec,3.67974,0.19023,0.00044,-0.00002,-0.00000
saturn,2027-03-18,192,gha,1604.06844,1443.48680,-0.00130,0.00004,-0.00000
saturn,2027-03-18,192,dec,4.06278,0.19257,0.00017,-0.00001,0.00000
saturn,2027-03-26,192,gha,1611.03322,1443.47840,-0.00079,0.00004,0.00000
saturn,2027-03-26,192,dec,4.44873,0.19320,-0.00005,-0.00002,-0.00000
saturn,2027-04-03,192,gha,1617.98549,1443.47436,-0.00021,0.00004,-0.00000
saturn,2027-04-03,192,dec,4.83390,0.19177,-0.00028,-0.00001,-0.00000
saturn,2027-04-11,192,gha,1624.93428,1443.47491,0.00035,0.00004,-0.00000
saturn,2027-04-11,192,dec,5.21443,0.18851,-0.00055,-0.00002,0.00000
saturn,2027-04-19,192,gha,1631.88847,1443.47968,0.00084,0.00004,0.00000
saturn,2027-04-19,192,dec,5.58654,0.18347,-0.00071,-0.00002,-0.00000
saturn,2027-04-27,192,gha,1638.85616,1443.48845,0.00136,0.00005,0.00000
saturn,2027-04-27,192,dec,5.94703,0.17683,-0.00095,-0.00002,0.00000
saturn,2027-05-05,192,gha,1645.84577,1443.50165,0.00194,0.00005,-0.00000
saturn,2027-05-05,192,dec,6.29253,0.16852,-0.00114,-0.00002,-0.00000
saturn,2027-05-13,192,gha,1652.86626,1443.51926,0.00244,0.00004,0.00000
saturn,2027-05-13,192,dec,6.61969,0.15849,-0.00133,-0.00001,-0.00000
saturn,2027-05-21,192,gha,1659.92586,1443.54074,0.00293,0.00004,0.00000
saturn,2027-05-21,192,dec,6.92560,0.14726,-0.00150,-0.00002,0.00000
saturn,2027-05-29,192,gha,1667.03251,1443.56636,0.00348,0.00005,0.00000
saturn,2027-05-29,192,dec,7.20750,0.13450,-0.00167,-0.00001,-0.00000
saturn,2027-06-06,192,gha,1674.19489,1443.59647,0.00402,0.00004,-0.00000
saturn,2027-06-06,192,dec,7.46252,0.12034,-0.00187,-0.00001,0.00000
saturn,2027-06-14,192,gha,1681.42142,1443.63043,0.00447,0.00004,0.00000
saturn,2027-06-14,192,dec,7.68800,0.10506,-0.00196,-0.00001,-0.00000
saturn,2027-06-22,192,gha,1688.71953,1443.66808,0.00495,0.00004,0.00000
saturn,2027-06-22,192,dec,7.88185,0.08865,-0.00213,-0.00001,0.00000
saturn,2027-06-30,192,gha,1696.09686,1443.70968,0.00545,0.00004,-0.00000
saturn,2027-06-30,192,dec,8.04182,0.07121,-0.00225,-0.00002,0.00000
saturn,2027-07-08,192,gha,1703.56106,1443.75481,0.00581,0.00003,-0.00000
saturn,2027-07-08,192,dec,8.16585,0.05277,-0.00232,-0.00000,-0.00000
saturn,2027-07-16,192,gha,1711.11817,1443.80256,0.00612,0.00003,-0.00000
saturn,2027-07-16,192,dec,8.25260,0.03390,-0.00241,-0.00001,0.00000
saturn,2027-07-24,192,gha,1718.77320,1443.85272,0.00642,0.00002,-0.00000
saturn,2027-07-24,192,dec,8.30098,0.01446,-0.00244,-0.00000,-0.00000
saturn,2027-08-01,192,gha,1726.53066,1443.90488,0.00658,0.00000,-0.00000
saturn,2027-08-01,192,dec,8.31021,-0.00527,-0.00247,0.00001,0.00000
saturn,2027-08-09,192,gha,1734.39300,1443.95743,0.00654,-0.00001,-0.00000
saturn,2027-08-09,192,dec,8.28025,-0.02461,-0.00238,0.00000,-0.00000
saturn,2027-08-17,192,gha,1742.35985,1444.00932,0.00642,-0.00001,-0.00000
saturn,2027-08-17,192,dec,8.21212,-0.04345,-0.00230,0.00001,0.00000
saturn,2027-08-25,192,gha,1750.42916,1444.05978,0.00616,-0.00003,-0.00000
saturn,2027-08-25,192,dec,8.10728,-0.06127,-0.00217,0.00001,0.00000
saturn,2027-09-02,192,gha,1758.59639,1444.10697,0.00560,-0.00005,-0.00000
saturn,2027-09-02,192,dec,7.96818,-0.07757,-0.00188,0.00002,-0.00000
saturn,2027-09-10,192,gha,1766.85292,1444.14895,0.00488,-0.00007,-0.00000
saturn,2027-09-10,192,dec,7.79883,-0.09156,-0.00161,0.00003,0.00000
saturn,2027-09-18,192,gha,1775.18727,1444.18470,0.00404,-0.00008,-0.00000
saturn,2027-09-18,192,dec,7.60401,-0.10294,-0.00123,0.00003,-0.00000
saturn,2027-09-26,192,gha,1783.58577,1444.21290,0.00296,-0.00010,-0.00000
saturn,2027-09-26,192,dec,7.38946,-0.11127,-0.00081,0.00005,0.00000
saturn,2027-10-04,192,gha,1792.03132,1444.23160,0.00171,-0.00011,-0.00000
saturn,2027-10-04,192,dec,7.16215,-0.11563,-0.00031,0.00004,0.00000
saturn,2027-10-12,192,gha,1800.50418,1444.24020,0.00045,-0.00010,0.00000
saturn,2027-10-12,192,dec,6.92995,-0.11615,0.00020,0.00005,-0.00000
saturn,2027-10-20,192,gha,1448.98419,1444.23874,-0.00083,-0.00011,-0.00000
saturn,2027-10-20,192,dec,6.70077,-0.11263,0.00067,0.00004,0.00000
saturn,2027-10-28,192,gha,1457.45067,1444.22661,-0.00219,-0.00011,0.00000
saturn,2027-10-28,192,dec,6.48272,-0.10494,0.00124,0.00004,-0.00000
saturn,2027-11-05,192,gha,1465.88243,1444.20414,-0.00340,-0.00009,0.00000
saturn,2027-11-05,192,dec,6.28406,-0.09337,0.00166,0.00004,0.00000
saturn,2027-11-13,192,gha,1474.26027,1444.17286,-0.00440,-0.00008,-0.00000
saturn,2027-11-13,192,dec,6.11193,-0.07844,0.00205,0.00002,-0.00000
saturn,2027-11-21,192,gha,1482.56781,1444.13390,-0.00533,-0.00007,0.00000
saturn,2027-11-21,192,dec,5.97242,-0.06079,0.00239,0.00003,-0.00000
saturn,2027-11-29,192,gha,1490.79049,1444.08818,-0.00606,-0.00005,0.00000
saturn,2027-11-29,192,dec,5.87080,-0.04066,0.00261,0.00001,0.00000
saturn,2027-12-07,192,gha,1498.91682,1444.03778,-0.00650,-0.00003,0.00000
saturn,2027-12-07,192,dec,5.81084,-0.01917,0.00276,0.00001,-0.00000
saturn,2027-12-15,192,gha,1506.93950,1443.98468,-0.00677,-0.00002,0.00000
saturn,2027-12-15,192,dec,5.79467,0.00301,0.00279,0.00001,0.00000
saturn,2027-12-23,192,gha,1514.85406,1443.92975,-0.00693,-0.00000,0.00000
saturn,2027-12-23,192,dec,5.82321,0.02556,0.00281,-0.00001,-0.00000
saturn,2027-12-31,192,gha,1522.65823,1443.87449,-0.00685,0.00002,0.00000
saturn,2027-12-31,192,dec,5.89649,0.04762,0.00271,-0.00001,0.00000
saturn,2028-01-08,192,gha,1530.35315,1443.82064,-0.00660,0.00002,-0.00000
saturn,2028-01-08,192,dec,6.01298,0.06875,0.00254,-0.00002,0.00000
saturn,2028-01-16,192,gha,1537.94247,1443.76889,-0.00633,0.00003,0.00000
saturn,2028-01-16,192,dec,6.17032,0.08849,0.00241,-0.00001,-0.00000
saturn,2028-01-24,192,gha,1545.43071,1443.71967,-0.00595,0.00004,0.00000
saturn,2028-01-24,192,dec,6.36583,0.10680,0.00216,-0.00002,0.00000
saturn,2028-02-01,192,gha,1552.82401,1443.67406,-0.00544,0.00005,0.00000
saturn,2028-02-01,192,dec,6.59600,0.12318,0.00193,-0.00002,-0.00000
saturn,2028-02-09,192,gha,1560.13032,1443.63267,-0.00493,0.00004,0.00000
saturn,2028-02-09,192,dec,6.85684,0.13743,0.00166,-0.00001,0.00000
saturn,2028-02-17,192,gha,1567.35775,1443.59518,-0.00443,0.00005,0.00000
saturn,2028-02-17,192,dec,7.14432,0.14985,0.00141,-0.00003,0.00000
saturn,2028-02-25,192,gha,1574.51445,1443.56200,-0.00385,0.00005,0.00000
saturn,2028-02-25,192,dec,7.45440,0.16001,0.00114,-0.00002,-0.00000
saturn,2028-03-04,192,gha,1581.60962,1443.53368,-0.00324,0.00005,-0.00000
saturn,2028-03-04,192,dec,7.78272,0.16806,0.00085,-0.00003,0.00000
saturn,2028-03-12,192,gha,1588.65271,1443.50984,-0.00272,0.00004,0.00000
saturn,2028-03-12,192,dec,8.12494,0.17401,0.00065,-0.00002,-0.00000
saturn,2028-03-20,192,gha,1595.65234,1443.49026,-0.00216,0.00005,0.00000
saturn,2028-03-20,192,dec,8.47721,0.17802,0.00036,-0.00002,0.00000
saturn,2028-03-28,192,gha,1602.61750,1443.47540,-0.00155,0.00005,-0.00000
saturn,2028-03-28,192,dec,8.83546,0.18004,0.00013,-0.00002,-0.00000
saturn,2028-04-05,192,gha,1609.55771,1443.46526,-0.00101,0.00004,0.00000
saturn,2028-04-05,192,dec,9.19572,0.18003,-0.00010,-0.00001,-0.00000
saturn,2028-04-13,192,gha,1616.48176,1443.45923,-0.00048,0.00005,0.00000
saturn,2028-04-13,192,dec,9.55443,0.17847,-0.00032,-0.00002,0.00000
saturn,2028-04-21,192,gha,1623.39812,1443.45758,0.00008,0.00005,-0.00000
saturn,2028-04-21,192,dec,9.90822,0.17516,-0.00052,-0.00001,0.00000
saturn,2028-04-29,192,gha,1630.31584,1443.46064,0.00067,0.00004,-0.00000
saturn,2028-04-29,192,dec,10.25371,0.17014,-0.00074,-0.00002,0.00000
saturn,2028-05-07,192,gha,1637.24402,1443.46794,0.00116,0.00004,0.00000
saturn,2028-05-07,192,dec,10.58766,0.16371,-0.00087,-0.00002,-0.00000
saturn,2028-05-15,192,gha,1644.19086,1443.47935,0.00170,0.00005,0.00000
saturn,2028-05-15,192,dec,10.90740,0.15586,-0.00107,-0.00001,0.00000
saturn,2028-05-23,192,gha,1651.16508,1443.49538,0.00231,0.00005,-0.00000
saturn,2028-05-23,192,dec,11.21009,0.14669,-0.00124,-0.00002,-0.00000
saturn,2028-05-31,192,gha,1658.17598,1443.51595,0.00282,0.00004,0.00000
saturn,2028-05-31,192,dec,11.49300,0.13613,-0.00137,-0.00000,-0.00000
saturn,2028-06-08,192,gha,1665.23205,1443.54055,0.00334,0.00005,0.00000
saturn,2028-06-08,192,dec,11.75390,0.12463,-0.00153,-0.00001,0.00000
saturn,2028-06-16,192,gha,1672.34164,1443.56952,0.00392,0.00005,0.00000
saturn,2028-06-16,192,dec,11.99057,0.11194,-0.00164,-0.00001,-0.00000
saturn,2028-06-24,192,gha,1679.51389,1443.60319,0.00447,0.00004,-0.00000
saturn,2028-06-24,192,dec,12.20082,0.09818,-0.00179,-0.00000,0.00000
saturn,2028-07-02,192,gha,1686.75756,1443.64086,0.00494,0.00004,0.00000
saturn,2028-07-02,192,dec,12.38272,0.08367,-0.00186,-0.00001,-0.00000
saturn,2028-07-10,192,gha,1694.08036,1443.68236,0.00544,0.00004,0.00000
saturn,2028-07-10,192,dec,12.53475,0.06827,-0.00197,-0.00000,0.00000
saturn,2028-07-18,192,gha,1701.49025,1443.72796,0.00595,0.00004,-0.00000
saturn,2028-07-18,192,dec,12.65532,0.05222,-0.00207,-0.00001,0.00000
saturn,2028-07-26,192,gha,1708.99498,1443.77705,0.00630,0.00003,-0.00000
saturn,2028-07-26,192,dec,12.74305,0.03552,-0.00208,-0.00000,-0.00000
saturn,2028-08-03,192,gha,1716.60042,1443.82863,0.00659,0.00002,-0.00000
saturn,2028-08-03,192,dec,12.79723,0.01860,-0.00215,-0.00000,0.00000
saturn,2028-08-11,192,gha,1724.31125,1443.88241,0.00685,0.00002,-0.00000
saturn,2028-08-11,192,dec,12.81726,0.00144,-0.00214,-0.00000,-0.00000
saturn,2028-08-19,192,gha,1732.13136,1443.93777,0.00694,-0.00001,-0.00000
saturn,2028-08-19,192,dec,12.80294,-0.01576,-0.00213,0.00001,0.00000
saturn,2028-08-27,192,gha,1740.06206,1443.99283,0.00681,-0.00002,-0.00000
saturn,2028-08-27,192,dec,12.75477,-0.03234,-0.00204,0.00000,0.00000
saturn,2028-09-04,192,gha,1748.10148,1444.04640,0.00657,-0.00002,-0.00000
saturn,2028-09-04,192,dec,12.67405,-0.04828,-0.00192,0.00002,0.00000
saturn,2028-09-12,192,gha,1756.24572,1444.09751,0.00617,-0.00005,-0.00000
saturn,2028-09-12,192,dec,12.56263,-0.06303,-0.00178,0.00001,0.00000
saturn,2028-09-20,192,gha,1764.48791,1444.14406,0.00543,-0.00007,-0.00000
saturn,2028-09-20,192,dec,12.42323,-0.07611,-0.00148,0.00002,-0.00000
saturn,2028-09-28,192,gha,1772.81670,1444.18399,0.00453,-0.00008,-0.00000
saturn,2028-09-28,192,dec,12.25992,-0.08697,-0.00121,0.00003,0.00000
saturn,2028-10-06,192,gha,1781.21782,1444.21629,0.00352,-0.00009,-0.00000
saturn,2028-10-06,192,dec,12.07744,-0.09520,-0.00085,0.00003,-0.00000
saturn,2028-10-14,192,gha,1789.67478,1444.23961,0.00226,-0.00012,-0.00000
saturn,2028-10-14,192,dec,11.88141,-0.10048,-0.00043,0.00005,-0.00000
saturn,2028-10-22,192,gha,1798.16768,1444.25212,0.00086,-0.00012,0.00000
saturn,2028-10-22,192,dec,11.67851,-0.10206,0.00001,0.00004,0.00000
saturn,2028-10-30,192,gha,1446.67451,1444.25358,-0.00049,-0.00011,0.00000
saturn,2028-10-30,192,dec,11.47597,-0.10009,0.00049,0.00004,-0.00000
saturn,2028-11-07,192,gha,1455.17352,1444.24431,-0.00184,-0.00012,-0.00000
saturn,2028-11-07,192,dec,11.28104,-0.09449,0.00091,0.00004,0.00000
saturn,2028-11-15,192,gha,1463.64301,1444.22403,-0.00321,-0.00011,0.00000
saturn,2028-11-15,192,dec,11.10099,-0.08516,0.00139,0.00003,-0.00000
saturn,2028-11-23,192,gha,1472.06155,1444.19354,-0.00437,-0.00009,0.00000
saturn,2028-11-23,192,dec,10.94293,-0.07260,0.00175,0.00003,-0.00000
saturn,2028-12-01,192,gha,1480.41062,1444.15477,-0.00529,-0.00007,0.00000
saturn,2028-12-01,192,dec,10.81284,-0.05724,0.00206,0.00002,-0.00000
saturn,2028-12-09,192,gha,1488.67512,1444.10903,-0.00612,-0.00006,0.00000
saturn,2028-12-09,192,dec,10.71560,-0.03976,0.00233,0.00002,-0.00000
saturn,2028-12-17,192,gha,1496.84216,1444.05751,-0.00671,-0.00004,0.00000
saturn,2028-12-17,192,dec,10.65525,-0.02050,0.00246,0.00001,0.00000
saturn,2028-12-25,192,gha,1504.90237,1444.00246,-0.00701,-0.00001,0.00000
saturn,2028-12-25,192,dec,10.63426,-0.00042,0.00255,0.00000,-0.00000
saturn,2029-01-02,192,gha,1512.85076,1443.94582,-0.00715,-0.00001,0.00000
saturn,2029-01-02,192,dec,10.65369,0.01982,0.00252,0.00001,0.00000
saturn,2029-01-10,192,gha,1520.68500,1443.88839,-0.00718,0.00001,0.00000
saturn,2029-01-10,192,dec,10.71353,0.03999,0.00248,-0.00001,-0.00000
saturn,2029-01-18,192,gha,1528.40488,1443.83166,-0.00698,0.00003,0.00000
saturn,2029-01-18,192,dec,10.81287,0.05924,0.00234,-0.00001,-0.00000
saturn,2029-01-26,192,gha,1536.01347,1443.77723,-0.00662,0.00003,-0.00000
saturn,2029-01-26,192,dec,10.94957,0.07729,0.00214,-0.00002,0.00000
saturn,2029-02-03,192,gha,1543.51598,1443.72556,-0.00628,0.00003,0.00000
saturn,2029-02-03,192,dec,11.12079,0.09381,0.00199,-0.00002,-0.00000
saturn,2029-02-11,192,gha,1550.91817,1443.67700,-0.00583,0.00004,0.00000
saturn,2029-02-11,192,dec,11.32350,0.10867,0.00173,-0.00002,0.00000
saturn,2029-02-19,192,gha,1558.22726,1443.63256,-0.00527,0.00005,-0.00000
saturn,2029-02-19,192,dec,11.55396,0.12160,0.00149,-0.00002,-0.00000
saturn,2029-02-27,192,gha,1565.45202,1443.59265,-0.00473,0.00004,0.00000
saturn,2029-02-27,192,dec,11.80820,0.13241,0.00124,-0.00001,-0.00000
saturn,2029-03-07,192,gha,1572.60109,1443.55685,-0.00421,0.00005,0.00000
saturn,2029-03-07,192,dec,12.08227,0.14144,0.00099,-0.00002,0.00000
saturn,2029-03-15,192,gha,1579.68302,1443.52558,-0.00360,0.00005,0.00000
saturn,2029-03-15,192,dec,12.37225,0.14834,0.00075,-0.00002,-0.00000
saturn,2029-03-23,192,gha,1586.70738,1443.49930,-0.00298,0.00005,-0.00000
saturn,2029-03-23,192,dec,12.67409,0.15327,0.00047,-0.00002,0.00000
saturn,2029-03-31,192,gha,1593.68380,1443.47755,-0.00246,0.00004,0.00000
saturn,2029-03-31,192,dec,12.98386,0.15637,0.00029,-0.00002,-0.00000
saturn,2029-04-08,192,gha,1600.62102,1443.46014,-0.00189,0.00005,0.00000
saturn,2029-04-08,192,dec,13.29809,0.15766,0.00005,-0.00002,0.00000
saturn,2029-04-16,192,gha,1607.52820,1443.44756,-0.00126,0.00005,-0.00000
saturn,2029-04-16,192,dec,13.61321,0.15728,-0.00016,-0.00002,-0.00000
saturn,2029-04-24,192,gha,1614.41506,1443.43974,-0.00072,0.00004,0.00000
saturn,2029-04-24,192,dec,13.92582,0.15518,-0.00033,-0.00001,-0.00000
saturn,2029-05-02,192,gha,1621.29050,1443.43615,-0.00019,0.00004,0.00000
saturn,2029-05-02,192,dec,14.23297,0.15182,-0.00051,-0.00002,-0.00000
saturn,2029-05-10,192,gha,1628.16313,1443.43699,0.00042,0.00005,0.00000
saturn,2029-05-10,192,dec,14.53191,0.14699,-0.00068,-0.00001,-0.00000
saturn,2029-05-18,192,gha,1635.04237,1443.44275,0.00101,0.00004,-0.00000
saturn,2029-05-18,192,dec,14.81990,0.14084,-0.00086,-0.00001,0.00000
saturn,2029-05-26,192,gha,1641.93755,1443.45286,0.00152,0.00004,0.00000
saturn,2029-05-26,192,dec,15.09449,0.13367,-0.00096,-0.00002,-0.00000
saturn,2029-06-03,192,gha,1648.85720,1443.46726,0.00209,0.00005,0.00000
saturn,2029-06-03,192,dec,15.35366,0.12539,-0.00109,-0.00001,0.00000
saturn,2029-06-11,192,gha,1655.81047,1443.48654,0.00272,0.00005,-0.00000
saturn,2029-06-11,192,dec,15.59535,0.11620,-0.00122,-0.00001,0.00000
saturn,2029-06-19,192,gha,1662.80711,1443.51055,0.00327,0.00004,0.00000
saturn,2029-06-19,192,dec,15.81768,0.10607,-0.00129,-0.00000,-0.00000
saturn,2029-06-27,192,gha,1669.85601,1443.53881,0.00381,0.00005,0.00000
saturn,2029-06-27,192,dec,16.01919,0.09532,-0.00141,-0.00001,0.00000
saturn,2029-07-05,192,gha,1676.96601,1443.57171,0.00443,0.00005,-0.00000
saturn,2029-07-05,192,dec,16.19840,0.08385,-0.00146,-0.00001,-0.00000
saturn,2029-07-13,192,gha,1684.14676,1443.60953,0.00500,0.00004,-0.00000
saturn,2029-07-13,192,dec,16.35402,0.07169,-0.00156,0.00000,0.00000
saturn,2029-07-21,192,gha,1691.40737,1443.65149,0.00549,0.00004,0.00000
saturn,2029-07-21,192,dec,16.48494,0.05920,-0.00160,-0.00001,0.00000
saturn,2029-07-29,192,gha,1698.75585,1443.69742,0.00600,0.00005,0.00000
saturn,2029-07-29,192,dec,16.59036,0.04618,-0.00164,-0.00000,-0.00000
saturn,2029-08-06,192,gha,1706.20040,1443.74756,0.00652,0.00004,-0.00000
saturn,2029-08-06,192,dec,16.66947,0.03288,-0.00170,-0.00001,0.00000
saturn,2029-08-14,192,gha,1713.74877,1443.80108,0.00684,0.00002,-0.00000
saturn,2029-08-14,192,dec,16.72165,0.01934,-0.00167,-0.00000,-0.00000
saturn,2029-08-22,192,gha,1721.40649,1443.85685,0.00709,0.00002,-0.00000
saturn,2029-08-22,192,dec,16.74679,0.00577,-0.00171,0.00000,0.00000
saturn,2029-08-30,192,gha,1729.17768,1443.91452,0.00731,0.00001,-0.00000
saturn,2029-08-30,192,dec,16.74480,-0.00772,-0.00167,-0.00000,-0.00000
saturn,2029-09-07,192,gha,1737.06535,1443.97314,0.00730,-0.00001,-0.00000
saturn,2029-09-07,192,dec,16.71598,-0.02107,-0.00163,0.00001,-0.00000
saturn,2029-09-15,192,gha,1745.06931,1444.03062,0.00705,-0.00003,-0.00000
saturn,2029-09-15,192,dec,16.66113,-0.03371,-0.00155,0.00000,0.00000
saturn,2029-09-23,192,gha,1753.18582,1444.08558,0.00668,-0.00004,-0.00000
saturn,2029-09-23,192,dec,16.58163,-0.04567,-0.00142,0.00001,-0.00000
saturn,2029-10-01,192,gha,1761.40877,1444.13688,0.00610,-0.00006,-0.00000
saturn,2029-10-01,192,dec,16.47935,-0.05651,-0.00129,0.00001,0.00000
saturn,2029-10-09,192,gha,1769.72853,1444.18211,0.00517,-0.00009,-0.00000
saturn,2029-10-09,192,dec,16.35684,-0.06577,-0.00103,0.00001,-0.00000
saturn,2029-10-17,192,gha,1778.13073,1444.21918,0.00408,-0.00009,-0.00000
saturn,2029-10-17,192,dec,16.21771,-0.07316,-0.00079,0.00003,0.00000
saturn,2029-10-25,192,gha,1786.59807,1444.24717,0.00289,-0.00011,-0.00000
saturn,2029-10-25,192,dec,16.06609,-0.07821,-0.00048,0.00002,-0.00000
saturn,2029-11-02,192,gha,1795.11114,1444.26470,0.00145,-0.00013,-0.00000
saturn,2029-11-02,192,dec,15.90684,-0.08073,-0.00011,0.00004,-0.00000
saturn,2029-11-10,192,gha,1443.64731,1444.27019,-0.00007,-0.00012,0.00000
saturn,2029-11-10,192,dec,15.74567,-0.08017,0.00024,0.00003,0.00000
saturn,2029-11-18,192,gha,1452.18250,1444.26381,-0.00150,-0.00012,0.00000
saturn,2029-11-18,192,dec,15.58853,-0.07664,0.00064,0.00003,-0.00000
saturn,2029-11-26,192,gha,1460.69372,1444.24624,-0.00290,-0.00012,-0.00000
saturn,2029-11-26,192,dec,15.44145,-0.07016,0.00098,0.00003,0.00000
saturn,2029-12-04,192,gha,1469.15863,1444.21754,-0.00425,-0.00010,0.00000
saturn,2029-12-04,192,dec,15.31030,-0.06067,0.00135,0.00002,0.00000
saturn,2029-12-12,192,gha,1477.55605,1444.17898,-0.00534,-0.00008,0.00000
saturn,2029-12-12,192,dec,15.20064,-0.04875,0.00164,0.00002,-0.00000
saturn,2029-12-20,192,gha,1485.86857,1444.13286,-0.00616,-0.00006,0.00000
saturn,2029-12-20,192,dec,15.11700,-0.03473,0.00184,0.00001,0.00000
saturn,2029-12-28,192,gha,1494.08267,1444.08064,-0.00687,-0.00005,0.00000
saturn,2029-12-28,192,dec,15.06287,-0.01922,0.00204,0.00001,-0.00000
saturn,2030-01-05,192,gha,1502.18737,1444.02369,-0.00732,-0.00002,0.00000
saturn,2030-01-05,192,dec,15.04097,-0.00265,0.00209,0.00001,0.00000
saturn,2030-01-13,192,gha,1510.17558,1443.96440,-0.00746,-0.00000,0.00000
saturn,2030-01-13,192,dec,15.05258,0.01428,0.00212,-0.00001,-0.00000
saturn,2030-01-21,192,gha,1518.04460,1443.90460,-0.00748,0.00000,0.00000
saturn,2030-01-21,192,dec,15.09785,0.03094,0.00206,0.00000,0.00000
saturn,2030-01-29,192,gha,1525.79415,1443.84502,-0.00739,0.00002,0.00000
saturn,2030-01-29,192,dec,15.17605,0.04718,0.00196,-0.00002,0.00000
saturn,2030-02-06,192,gha,1533.42597,1443.78707,-0.00707,0.00003,0.00000
saturn,2030-02-06,192,dec,15.28563,0.06229,0.00182,-0.00001,-0.00000
saturn,2030-02-14,192,gha,1540.94491,1443.73224,-0.00664,0.00003,-0.00000
saturn,2030-02-14,192,dec,15.42417,0.07607,0.00161,-0.00002,0.00000
saturn,2030-02-22,192,gha,1548.35758,1443.68076,-0.00623,0.00004,0.00000
saturn,2030-02-22,192,dec,15.58871,0.08834,0.00145,-0.00002,-0.00000
saturn,2030-03-02,192,gha,1555.67084,1443.63292,-0.00572,0.00005,0.00000
saturn,2030-03-02,192,dec,15.77617,0.09891,0.00121,-0.00002,0.00000
saturn,2030-03-10,192,gha,1562.89289,1443.58966,-0.00510,0.00005,-0.00000
saturn,2030-03-10,192,dec,15.98300,0.10774,0.00098,-0.00002,-0.00000
saturn,2030-03-18,192,gha,1570.03328,1443.55120,-0.00454,0.00004,0.00000
saturn,2030-03-18,192,dec,16.20554,0.11463,0.00077,-0.00001,-0.00000
saturn,2030-03-26,192,gha,1577.10110,1443.51708,-0.00398,0.00005,0.00000
saturn,2030-03-26,192,dec,16.44028,0.11991,0.00053,-0.00002,0.00000
saturn,2030-04-03,192,gha,1584.10535,1443.48770,-0.00335,0.00006,-0.00000
saturn,2030-04-03,192,dec,16.68371,0.12336,0.00034,-0.00002,-0.00000
saturn,2030-04-11,192,gha,1591.05603,1443.46350,-0.00272,0.00005,-0.00000
saturn,2030-04-11,192,dec,16.93241,0.12514,0.00011,-0.00001,0.00000
saturn,2030-04-19,192,gha,1597.96300,1443.44391,-0.00218,0.00005,0.00000
saturn,2030-04-19,192,dec,17.18311,0.12545,-0.00005,-0.00002,-0.00000
saturn,2030-04-27,192,gha,1604.83521,1443.42879,-0.00159,0.00005,0.00000
saturn,2030-04-27,192,dec,17.43297,0.12425,-0.00023,-0.00001,-0.00000
saturn,2030-05-05,192,gha,1611.68212,1443.41867,-0.00094,0.00005,-0.00000
saturn,2030-05-05,192,dec,17.67916,0.12180,-0.00040,-0.00002,-0.00000
saturn,2030-05-13,192,gha,1618.51374,1443.41342,-0.00037,0.00005,-0.00000
saturn,2030-05-13,192,dec,17.91911,0.11804,-0.00051,0.00000,0.00000
saturn,2030-05-21,192,gha,1625.33918,1443.41244,0.00016,0.00005,-0.00000
saturn,2030-05-21,192,dec,18.15071,0.11340,-0.00067,-0.00001,0.00000
saturn,2030-05-29,192,gha,1632.16729,1443.41620,0.00079,0.00005,-0.00000
saturn,2030-05-29,192,dec,18.37191,0.10774,-0.00075,-0.00001,-0.00000
saturn,2030-06-06,192,gha,1639.00801,1443.42502,0.00140,0.00005,-0.00000
saturn,2030-06-06,192,dec,18.58095,0.10120,-0.00087,-0.00000,0.00000
saturn,2030-06-14,192,gha,1645.87091,1443.43834,0.00194,0.00005,0.00000
saturn,2030-06-14,192,dec,18.77631,0.09411,-0.00093,-0.00001,0.00000
saturn,2030-06-22,192,gha,1652.76492,1443.45617,0.00254,0.00006,0.00000
saturn,2030-06-22,192,dec,18.95680,0.08633,-0.00099,-0.00000,-0.00000
saturn,2030-06-30,192,gha,1659.69967,1443.47914,0.00320,0.00005,-0.00000
saturn,2030-06-30,192,dec,19.12135,0.07816,-0.00106,-0.00001,0.00000
saturn,2030-07-08,192,gha,1666.68536,1443.50701,0.00376,0.00005,0.00000
saturn,2030-07-08,192,dec,19.26907,0.06956,-0.00107,-0.00000,-0.00000
saturn,2030-07-16,192,gha,1673.73124,1443.53934,0.00433,0.00005,0.00000
saturn,2030-07-16,192,dec,19.39943,0.06074,-0.00113,0.00000,0.00000
saturn,2030-07-24,192,gha,1680.84661,1443.57657,0.00498,0.00005,-0.00000
saturn,2030-07-24,192,dec,19.51191,0.05174,-0.00113,-0.00000,-0.00000
saturn,2030-08-01,192,gha,1688.04155,1443.61886,0.00557,0.00004,-0.00000
saturn,2030-08-01,192,dec,19.60621,0.04253,-0.00115,0.00001,0.00000
saturn,2030-08-09,192,gha,1695.32539,1443.66539,0.00606,0.00004,0.00000
saturn,2030-08-09,192,dec,19.68217,0.03342,-0.00116,-0.00001,0.00000
saturn,2030-08-17,192,gha,1702.70626,1443.71593,0.00659,0.00005,-0.00000
saturn,2030-08-17,192,dec,19.73979,0.02422,-0.00113,0.00000,-0.00000
saturn,2030-08-25,192,gha,1710.19246,1443.77068,0.00708,0.00003,-0.00000
saturn,2030-08-25,192,dec,19.77914,0.01512,-0.00115,-0.00000,0.00000
saturn,2030-09-02,192,gha,1717.79144,1443.82855,0.00737,0.00002,-0.00000
saturn,2030-09-02,192,dec,19.80034,0.00614,-0.00109,-0.00000,-0.00000
saturn,2030-09-10,192,gha,1725.50814,1443.88831,0.00757,0.00002,0.00000
saturn,2030-09-10,192,dec,19.80378,-0.00270,-0.00109,0.00001,0.00000
saturn,2030-09-18,192,gha,1733.34582,1443.94949,0.00771,0.00000,-0.00000
saturn,2030-09-18,192,dec,19.78983,-0.01122,-0.00105,-0.00000,-0.00000
saturn,2030-09-26,192,gha,1741.30622,1444.01081,0.00757,-0.00002,-0.00000
saturn,2030-09-26,192,dec,19.75905,-0.01952,-0.00100,0.00001,-0.00000
saturn,2030-10-04,192,gha,1749.38732,1444.06996,0.00718,-0.00004,-0.00000
saturn,2030-10-04,192,dec,19.71225,-0.02724,-0.00095,0.00000,0.00000
saturn,2030-10-12,192,gha,1757.58313,1444.12542,0.00666,-0.00005,-0.00000
saturn,2030-10-12,192,dec,19.65050,-0.03442,-0.00084,0.00001,-0.00000
saturn,2030-10-20,192,gha,1765.88502,1444.17583,0.00589,-0.00008,-0.00000
saturn,2030-10-20,192,dec,19.57521,-0.04080,-0.00075,0.00001,0.00000
saturn,2030-10-28,192,gha,1774.28038,1444.21859,0.00476,-0.00010,-0.00000
saturn,2030-10-28,192,dec,19.48822,-0.04604,-0.00058,0.00001,-0.00000
saturn,2030-11-05,192,gha,1782.75166,1444.25163,0.00349,-0.00011,-0.00000
saturn,2030-11-05,192,dec,19.39199,-0.05004,-0.00040,0.00002,-0.00000
saturn,2030-11-13,192,gha,1791.27862,1444.27419,0.00212,-0.00012,-0.00000
saturn,2030-11-13,192,dec,19.28944,-0.05235,-0.00019,0.00002,0.00000
saturn,2030-11-21,192,gha,1799.83908,1444.28494,0.00054,-0.00014,-0.00000
saturn,2030-11-21,192,dec,19.18396,-0.05289,0.00008,0.00003,-0.00000
saturn,2030-11-29,192,gha,1448.40804,1444.28266,-0.00109,-0.00013,0.00000
saturn,2030-11-29,192,dec,19.07958,-0.05130,0.00032,0.00002,0.00000
saturn,2030-12-07,192,gha,1456.95992,1444.26799,-0.00256,-0.00012,0.00000
saturn,2030-12-07,192,dec,18.98046,-0.04757,0.00060,0.00002,-0.00000
saturn,2030-12-15,192,gha,1465.47101,1444.24194,-0.00396,-0.00012,0.00000
saturn,2030-12-15,192,dec,18.89087,-0.04182,0.00084,0.00003,0.00000
saturn,2030-12-23,192,gha,1473.91900,1444.20497,-0.00526,-0.00010,0.00000
saturn,2030-12-23,192,dec,18.81487,-0.03397,0.00108,0.00001,0.00000
saturn,2030-12-31,192,gha,1482.28354,1444.15876,-0.00624,-0.00007,0.00000
saturn,2030-12-31,192,dec,18.75621,-0.02452,0.00129,0.00002,-0.00000
saturn,2031-01-08,192,gha,1490.54882,1444.10593,-0.00695,-0.00005,0.00000
saturn,2031-01-08,192,dec,18.71788,-0.01372,0.00140,0.00001,0.00000
saturn,2031-01-16,192,gha,1498.70320,1444.04798,-0.00751,-0.00004,0.00000
saturn,2031-01-16,192,dec,18.70202,-0.00204,0.00152,0.00000,-0.00000
saturn,2031-01-24,192,gha,1506.73787,1443.98643,-0.00782,-0.00001,0.00000
saturn,2031-01-24,192,dec,18.71009,0.01009,0.00152,0.00000,-0.00000
saturn,2031-02-01,192,gha,1514.64806,1443.92376,-0.00782,0.00001,0.00000
saturn,2031-02-01,192,dec,18.74245,0.02226,0.00150,-0.00001,-0.00000
saturn,2031-02-09,192,gha,1522.43334,1443.86160,-0.00772,0.00001,0.00000
saturn,2031-02-09,192,dec,18.79866,0.03389,0.00142,-0.00000,-0.00000
saturn,2031-02-17,192,gha,1530.09537,1443.80060,-0.00751,0.00002,0.00000
saturn,2031-02-17,192,dec,18.87757,0.04491,0.00130,-0.00001,0.00000
saturn,2031-02-25,192,gha,1537.63771,1443.74210,-0.00709,0.00004,0.00000
saturn,2031-02-25,192,dec,18.97738,0.05481,0.00118,-0.00001,-0.00000
saturn,2031-03-05,192,gha,1545.06683,1443.68744,-0.00658,0.00004,-0.00000
saturn,2031-03-05,192,dec,19.09580,0.06344,0.00098,-0.00001,0.00000
saturn,2031-03-13,192,gha,1552.39054,1443.63666,-0.00611,0.00004,0.00000
saturn,2031-03-13,192,dec,19.23010,0.07075,0.00083,-0.00002,-0.00000
saturn,2031-03-21,192,gha,1559.61672,1443.58998,-0.00554,0.00005,0.00000
saturn,2031-03-21,192,dec,19.37755,0.07653,0.00063,-0.00001,-0.00000
saturn,2031-03-29,192,gha,1566.75445,1443.54831,-0.00488,0.00005,-0.00000
saturn,2031-03-29,192,dec,19.53513,0.08090,0.00044,-0.00002,0.00000
saturn,2031-04-06,192,gha,1573.81395,1443.51168,-0.00429,0.00005,0.00000
saturn,2031-04-06,192,dec,19.69985,0.08369,0.00028,-0.00001,-0.00000
saturn,2031-04-14,192,gha,1580.80477,1443.47962,-0.00372,0.00005,0.00000
saturn,2031-04-14,192,dec,19.86889,0.08518,0.00008,-0.00001,0.00000
saturn,2031-04-22,192,gha,1587.73634,1443.45252,-0.00305,0.00006,-0.00000
saturn,2031-04-22,192,dec,20.03949,0.08531,-0.00005,-0.00001,-0.00000
saturn,2031-04-30,192,gha,1594.61908,1443.43075,-0.00241,0.00005,-0.00000
saturn,2031-04-30,192,dec,20.20912,0.08418,-0.00022,-0.00001,0.00000
saturn,2031-05-08,192,gha,1601.46308,1443.41371,-0.00185,0.00005,0.00000
saturn,2031-05-08,192,dec,20.37543,0.08204,-0.00033,-0.00002,0.00000
saturn,2031-05-16,192,gha,1608.27754,1443.40127,-0.00124,0.00006,0.00000
saturn,2031-05-16,192,dec,20.53638,0.07883,-0.00044,-0.00001,-0.00000
saturn,2031-05-24,192,gha,1615.07227,1443.39400,-0.00058,0.00005,-0.00000
saturn,2031-05-24,192,dec,20.69017,0.07487,-0.00056,-0.00001,-0.00000
saturn,2031-06-01,192,gha,1621.85754,1443.39173,-0.00003,0.00004,0.00001
saturn,2031-06-01,192,dec,20.83522,0.07018,-0.00059,-0.00002,0.00000
saturn,2031-06-09,192,gha,1628.64260,1443.39381,0.00055,0.00005,0.00000
saturn,2031-06-09,192,dec,20.97040,0.06492,-0.00070,-0.00000,0.00000
saturn,2031-06-17,192,gha,1635.43670,1443.40083,0.00121,0.00006,-0.00000
saturn,2031-06-17,192,dec,21.09462,0.05929,-0.00072,-0.00001,-0.00000
saturn,2031-06-25,192,gha,1642.25007,1443.41305,0.00183,0.00005,-0.00000
saturn,2031-06-25,192,dec,21.20724,0.05329,-0.00076,0.00000,0.00000
saturn,2031-07-03,192,gha,1649.09255,1443.42990,0.00238,0.00005,0.00000
saturn,2031-07-03,192,dec,21.30779,0.04725,-0.00078,-0.00001,0.00000
saturn,2031-07-11,192,gha,1655.97333,1443.45142,0.00302,0.00006,0.00000
saturn,2031-07-11,192,dec,21.39607,0.04107,-0.00075,0.00000,-0.00000
saturn,2031-07-19,192,gha,1662.90247,1443.47828,0.00369,0.00005,-0.00000
saturn,2031-07-19,192,dec,21.47218,0.03503,-0.00076,-0.00000,0.00000
saturn,2031-07-27,192,gha,1669.89039,1443.51013,0.00427,0.00005,-0.00000
saturn,2031-07-27,192,dec,21.53630,0.02914,-0.00070,0.00000,-0.00000
saturn,2031-08-04,192,gha,1676.94661,1443.54656,0.00485,0.00005,0.00000
saturn,2031-08-04,192,dec,21.58893,0.02349,-0.00069,0.00001,0.00000
saturn,2031-08-12,192,gha,1684.08064,1443.58804,0.00552,0.00005,-0.00000
saturn,2031-08-12,192,dec,21.63064,0.01826,-0.00063,0.00000,-0.00000
saturn,2031-08-20,192,gha,1691.30279,1443.63459,0.00610,0.00004,-0.00000
saturn,2031-08-20,192,dec,21.66217,0.01331,-0.00058,0.00001,0.00000
saturn,2031-08-28,192,gha,1698.62231,1443.68534,0.00658,0.00004,0.00000
saturn,2031-08-28,192,dec,21.68434,0.00888,-0.00055,0.00000,0.00000
saturn,2031-09-05,192,gha,1706.04724,1443.74002,0.00710,0.00004,-0.00000
saturn,2031-09-05,192,dec,21.69795,0.00481,-0.00047,0.00000,-0.00000
saturn,2031-09-13,192,gha,1713.58560,1443.79872,0.00754,0.00003,-0.00000
saturn,2031-09-13,192,dec,21.70392,0.00118,-0.00044,0.00000,0.00000
saturn,2031-09-21,192,gha,1721.24424,1443.86013,0.00778,0.00001,-0.00000
saturn,2031-09-21,192,dec,21.70298,-0.00205,-0.00037,-0.00000,-0.00000
saturn,2031-09-29,192,gha,1729.02716,1443.92288,0.00790,0.00001,-0.00000
saturn,2031-09-29,192,dec,21.69588,-0.00503,-0.00035,0.00001,-0.00000
