# C47 items (commands, functions, characters, menus) parsed from the firmware source by tools/c47ref.py
# source: gitlab.com/rpncalculators/c43 master, commit b8707a818 (2026-10-03 09:16:58 +0000), docs-00.109.04.00a3.Internal.pre05-296-gb8707a818
# rejig columns: rejig trunk branch [e9cad9b647] --ops=r47, joined by item number (blank: this rejig cannot write the item)
# data parsed from GPL-3.0-only source (src/c47/items.c, items.h, fonts.h); spare slots left out
# catalog_name / softmenu_name: as the firmware stores them (its own code points: x² is xⅢ);
#   rejig_name: the Unicode name the .txt programs use; programmable: PTP_DISABLED = not in programs
opcode	itm	catalog_name	softmenu_name	function	param	tam_max	tam_value	category	programmable	stack_lift	rejig_name	rejig_bytes	rejig_aliases
0	ITM_NULL		0000	itemToBeCoded	NOPARAM	0	0	CAT_NONE	PTP_NONE	SLS_UNCHANGED			
1	ITM_LBL	LBL	LBL	fnNop	TM_LABEL	0	99	CAT_FNCT	PTP_DECLARE_LABEL	SLS_ENABLED	LBL	1	
2	ITM_GTO	GTO	GTO	fnGoto	TM_LABEL	0	99	CAT_FNCT	PTP_LABEL	SLS_ENABLED	GTO	2	
3	ITM_XEQ	XEQ	XEQ	fnExecute	TM_LABEL	0	99	CAT_FNCT	PTP_LABEL	SLS_ENABLED	XEQ	3	
4	ITM_RTN	RTN	RTN	fnReturn	0	0	0	CAT_FNCT	PTP_NONE	SLS_UNCHANGED	RTN	4	
5	ITM_ISE	ISE	ISE	fnIse	TM_REGISTER	0	99	CAT_FNCT	PTP_REGISTER	SLS_ENABLED	ISE	5	
6	ITM_ISG	ISG	ISG	fnIsg	TM_REGISTER	0	99	CAT_FNCT	PTP_REGISTER	SLS_ENABLED	ISG	6	
7	ITM_ISZ	ISZ	ISZ	fnIsz	TM_REGISTER	0	99	CAT_FNCT	PTP_REGISTER	SLS_ENABLED	ISZ	7	
8	ITM_DSE	DSE	DSE	fnDse	TM_REGISTER	0	99	CAT_FNCT	PTP_REGISTER	SLS_ENABLED	DSE	8	
9	ITM_DSL	DSL	DSL	fnDsl	TM_REGISTER	0	99	CAT_FNCT	PTP_REGISTER	SLS_ENABLED	DSL	9	
10	ITM_DSZ	DSZ	DSZ	fnDsz	TM_REGISTER	0	99	CAT_FNCT	PTP_REGISTER	SLS_ENABLED	DSZ	10	
11	ITM_XEQU	x= ?	x= ?	fnXEqualsTo	TM_CMP	0	99	CAT_FNCT	PTP_COMPARE	SLS_ENABLED	𝑥=?	11	x=?
12	ITM_XNE	x≠ ?	x≠ ?	fnXNotEqual	TM_CMP	0	99	CAT_FNCT	PTP_COMPARE	SLS_ENABLED	𝑥≠?	12	X#? x!=? xu2260? x≠?
13	ITM_XEQUP0	x=+0?	x=+0?	fnCheckPlusZero	NOPARAM	0	0	CAT_FNCT	PTP_NONE	SLS_ENABLED	𝑥=+0?	13	x=+0?
14	ITM_XEQUM0	x=-0?	x=-0?	fnCheckMinusZero	NOPARAM	0	0	CAT_FNCT	PTP_NONE	SLS_ENABLED	𝑥=-0?	14	x=-0?
15	ITM_XAEQU	x≈ ?	x≈ ?	fnXAlmostEqual	TM_CMP	0	99	CAT_FNCT	PTP_COMPARE	SLS_ENABLED	𝑥≈?	15	xapprox? xu2248? x~~?
16	ITM_XLT	x< ?	x< ?	fnXLessThan	TM_CMP	0	99	CAT_FNCT	PTP_COMPARE	SLS_ENABLED	𝑥<?	16	x<?
17	ITM_XLE	x≤ ?	x≤ ?	fnXLessEqual	TM_CMP	0	99	CAT_FNCT	PTP_COMPARE	SLS_ENABLED	𝑥≤?	17	x<=? xu2264? x≤?
18	ITM_XGE	x≥ ?	x≥ ?	fnXGreaterEqual	TM_CMP	0	99	CAT_FNCT	PTP_COMPARE	SLS_ENABLED	𝑥≥?	18	x>=? xu2265? x≥?
19	ITM_XGT	x> ?	x> ?	fnXGreaterThan	TM_CMP	0	99	CAT_FNCT	PTP_COMPARE	SLS_ENABLED	𝑥>?	19	x>?
20	ITM_FC	FC?	FC?	fnIsFlagClear	TM_FLAGR	0	99	CAT_FNCT	PTP_FLAG	SLS_ENABLED	FC?	20	
21	ITM_FS	FS?	FS?	fnIsFlagSet	TM_FLAGR	0	99	CAT_FNCT	PTP_FLAG	SLS_ENABLED	FS?	21	
22	ITM_EVEN	EVEN?	EVEN?	fnCheckInteger	CHECK_INTEGER_EVEN	0	0	CAT_FNCT	PTP_NONE	SLS_ENABLED	EVEN?	22	
23	ITM_ODD	ODD?	ODD?	fnCheckInteger	CHECK_INTEGER_ODD	0	0	CAT_FNCT	PTP_NONE	SLS_ENABLED	ODD?	23	
24	ITM_FPQ	FP?	FP?	fnCheckInteger	CHECK_INTEGER_FP	0	0	CAT_FNCT	PTP_NONE	SLS_ENABLED	FP?	24	
25	ITM_INTQ	INT?	INT?	fnCheckInteger	CHECK_INTEGER	0	0	CAT_FNCT	PTP_NONE	SLS_ENABLED	INT?	25	
26	ITM_CPXQ	ℂ?	ℂ?	fnCheckType	dtComplex34	0	0	CAT_FNCT	PTP_NONE	SLS_ENABLED	ℂ?	26	CPX?
27	ITM_MATRIXQ	MATR?	MATR?	fnCheckMatrix	NOPARAM	0	0	CAT_FNCT	PTP_NONE	SLS_ENABLED	MATR?	27	
28	ITM_NANQ	NaN?	NaN?	fnCheckNaN	NOPARAM	0	0	CAT_FNCT	PTP_NONE	SLS_ENABLED	NaN?	28	
29	ITM_REALQ	ℝ?	ℝ?	fnCheckType	dtReal34	0	0	CAT_FNCT	PTP_NONE	SLS_ENABLED	ℝ?	29	R? REAL?
30	ITM_SPECQ	SPEC?	SPEC?	fnCheckSpecial	NOPARAM	0	0	CAT_FNCT	PTP_NONE	SLS_ENABLED	SPEC?	30	
31	ITM_STRINGQ	STRI?	STRI?	fnCheckType	dtString	0	0	CAT_FNCT	PTP_NONE	SLS_ENABLED	STRING?	31	STR? STRI?
32	ITM_INFQ	±∞?	±∞?	fnCheckInfinite	NOPARAM	0	0	CAT_FNCT	PTP_NONE	SLS_ENABLED	±∞?	32	+-INF? ±INF?
33	ITM_PRIME	PRIME?	PRIME?	fnIsPrime	NOPARAM	0	0	CAT_FNCT	PTP_NONE	SLS_ENABLED	PRIME?	33	
34	ITM_TOP	TOP?	TOP?	fnIsTopRoutine	NOPARAM	0	0	CAT_FNCT	PTP_NONE	SLS_UNCHANGED	TOP?	34	
35	ITM_ENTER	ENTER	ENTER	fnKeyEnter	NOPARAM	0	0	CAT_FNCT	PTP_NONE	SLS_UNCHANGED	ENTER	35	
36	ITM_XexY	x⇄y	x⇄y	fnSwapXY	NOPARAM	0	0	CAT_FNCT	PTP_NONE	SLS_ENABLED	𝑥⇄𝑦	36	X<>Y x<>y x⇄y x⇋y
37	ITM_DROP	DROPx	DROPx	fnDrop	NOPARAM	0	0	CAT_FNCT	PTP_NONE	SLS_ENABLED	DROP𝑥	37	DROP DROPx
38	ITM_PAUSE	PAUSE	PAUSE	fnPause	TM_VALUE	0	99	CAT_FNCT	PTP_NUMBER_8	SLS_UNCHANGED	PAUSE	38	PSE
39	ITM_Rup	R↑	R↑	fnRollUp	NOPARAM	0	0	CAT_FNCT	PTP_NONE	SLS_ENABLED	R↑	39	R\up; R^
40	ITM_Rdown	R↓	R↓	fnRollDown	NOPARAM	0	0	CAT_FNCT	PTP_NONE	SLS_ENABLED	R↓	40	R\down; Rv
41	ITM_CLX	CLX	CLX	fnClX	NOPARAM	0	0	CAT_FNCT	PTP_NONE	SLS_DISABLED	CL𝑥	41	CLx
42	ITM_FILL	FILL	FILL	fnFillStack	NOPARAM	0	0	CAT_FNCT	PTP_NONE	SLS_ENABLED	FILL	42	
43	ITM_INPUT	INPUT	INPUT	fnInput	TM_REGISTER	0	99	CAT_FNCT	PTP_REGISTER	SLS_ENABLED	INPUT	43	
44	ITM_STO	STO	STO	fnStore	TM_STORCL	0	99	CAT_FNCT	PTP_REGISTER	SLS_ENABLED	STO	44	
45	ITM_STOADD	STO+	STO+	fnStoreAdd	TM_REGISTER	0	99	CAT_FNCT	PTP_REGISTER	SLS_ENABLED	STO+	45	
46	ITM_STOSUB	STO-	STO-	fnStoreSub	TM_REGISTER	0	99	CAT_FNCT	PTP_REGISTER	SLS_ENABLED	STO-	46	
47	ITM_STOMULT	STO×	STO×	fnStoreMult	TM_REGISTER	0	99	CAT_FNCT	PTP_REGISTER	SLS_ENABLED	STO×	47	STO* STO\mul;
48	ITM_STODIV	STO÷	STO÷	fnStoreDiv	TM_REGISTER	0	99	CAT_FNCT	PTP_REGISTER	SLS_ENABLED	STO÷	48	STO/ STO\div;
49	ITM_COMB	COMB	C⒴⒳	fnCyx	NOPARAM	0	0	CAT_FNCT	PTP_NONE	SLS_ENABLED	COMB	49	Cn,r C⒴⒳
50	ITM_PERM	PERM	P⒴⒳	fnPyx	NOPARAM	0	0	CAT_FNCT	PTP_NONE	SLS_ENABLED	PERM	50	Pn,r P⒴⒳
51	ITM_RCL	RCL	RCL	fnRecall	TM_STORCL	0	99	CAT_FNCT	PTP_REGISTER	SLS_ENABLED	RCL	51	
52	ITM_RCLADD	RCL+	RCL+	fnRecallAdd	TM_REGISTER	0	99	CAT_FNCT	PTP_REGISTER	SLS_ENABLED	RCL+	52	
53	ITM_RCLSUB	RCL-	RCL-	fnRecallSub	TM_REGISTER	0	99	CAT_FNCT	PTP_REGISTER	SLS_ENABLED	RCL-	53	
54	ITM_RCLMULT	RCL×	RCL×	fnRecallMult	TM_REGISTER	0	99	CAT_FNCT	PTP_REGISTER	SLS_ENABLED	RCL×	54	RCL* RCL\mul;
55	ITM_RCLDIV	RCL÷	RCL÷	fnRecallDiv	TM_REGISTER	0	99	CAT_FNCT	PTP_REGISTER	SLS_ENABLED	RCL÷	55	RCL/ RCL\div;
56	ITM_CONVG	CONVG?	CONVG?	fnIsConverged	TM_VALUE	0	7	CAT_FNCT	PTP_REGISTER	SLS_ENABLED	CONVERGED?	56	CONVG?
57	ITM_ENTRY	ENTRY?	ENTRY?	fnEntryQ	NOPARAM	0	0	CAT_FNCT	PTP_NONE	SLS_UNCHANGED	ENTRY?	57	
58	ITM_SQUARE	xⅢ	xⅢ	fnSquare	NOPARAM	0	0	CAT_FNCT	PTP_NONE	SLS_ENABLED	𝑥²	58	X^2 X² X↑2 x\sqr; x²
59	ITM_CUBE	xⅣ	xⅣ	fnCube	NOPARAM	0	0	CAT_FNCT	PTP_NONE	SLS_ENABLED	𝑥³	59	X↑3 x^3
60	ITM_YX	yˣ	yˣ	fnPower	NOPARAM	0	0	CAT_FNCT	PTP_NONE	SLS_ENABLED	𝑦ˣ	60	Y^X Y↑X y\powx; y^x yu02E3 yˣ
61	ITM_SQUAREROOTX	√Ϳ	√Ϳ	fnSquareRoot	NOPARAM	0	0	CAT_FNCT	PTP_NONE	SLS_ENABLED	√𝑥	61	SQRT sqrt(x) u221Ax
62	ITM_CUBEROOT	∛Ϳ	∛Ϳ	fnCubeRoot	NOPARAM	0	0	CAT_FNCT	PTP_NONE	SLS_ENABLED	∛𝑥	62	CUBRT root(3)(x) ∛;x
63	ITM_XTHROOT	∜Ȳ	∜Ȳ	fnXthRoot	NOPARAM	0	0	CAT_FNCT	PTP_NONE	SLS_ENABLED	root(𝑥)(𝑦)	63	XRTY XthRtY \powx;\sqrt;y root(x)(y) ˣ√y
64	ITM_2X	2ˣ	2ˣ	fn2Pow	NOPARAM	0	0	CAT_FNCT	PTP_NONE	SLS_ENABLED	2ˣ	64	2^x 2↑X
65	ITM_EXP	ⅇˣ	ⅇˣ	fnExp	NOPARAM	0	0	CAT_FNCT	PTP_NONE	SLS_ENABLED	𝑒ˣ	65	E^X E↑X e\powx; e^x eˣ ⅇˣ
66	ITM_SINT	SINT	SINT	fnSint	NOPARAM	0	0	CAT_FNCT	PTP_NONE	SLS_ENABLED	ShortInt	66	SINT
67	ITM_10x	10ˣ	10ˣ	fn10Pow	NOPARAM	0	0	CAT_FNCT	PTP_NONE	SLS_ENABLED	10ˣ	67	10\powx; 10^X 10↑X
68	ITM_LOG2	LB	LB	fnLog2	NOPARAM	0	0	CAT_FNCT	PTP_NONE	SLS_ENABLED	log₂(𝑥)	68	LB LOG2 lb(x) log2(x)
69	ITM_LN	LN	LN	fnLn	NOPARAM	0	0	CAT_FNCT	PTP_NONE	SLS_ENABLED	ln(𝑥)	69	LN ln(x)
70	ITM_STOP	STOP	R/S	fnStopProgram	NOPARAM	0	0	CAT_FNCT	PTP_NONE	SLS_UNCHANGED	STOP	70	
71	ITM_LOG10	LOG	LOG	fnLog10	NOPARAM	0	0	CAT_FNCT	PTP_NONE	SLS_ENABLED	log₁₀(𝑥)	71	LOG LOG10 lg(x) log(x) log10(x)
72	ITM_LOGXY	LOG⒳y	LOG⒳y	fnLogXY	NOPARAM	0	0	CAT_FNCT	PTP_NONE	SLS_ENABLED	logₓ(𝑦)	72	LOGXY
73	ITM_1ONX	1/x	1/x	fnInvert	NOPARAM	0	0	CAT_FNCT	PTP_NONE	SLS_ENABLED	1/𝑥	73	1/X 1/x
74	ITM_cos	COS	COS	fnCos	NOPARAM	0	0	CAT_FNCT	PTP_NONE	SLS_ENABLED	cos(𝑥)	74	COS cos(x)
75	ITM_cosh	cosh	cosh	fnCosh	NOPARAM	0	0	CAT_FNCT	PTP_NONE	SLS_ENABLED	cosh(𝑥)	75	COSH cosh(x)
76	ITM_sin	SIN	SIN	fnSin	NOPARAM	0	0	CAT_FNCT	PTP_NONE	SLS_ENABLED	sin(𝑥)	76	SIN sin(x)
77	ITM_KEYQ	KEY?	KEY?	fnKey	TM_REGISTER	0	99	CAT_FNCT	PTP_REGISTER	SLS_UNCHANGED	KEY?	77	
78	ITM_sinh	sinh	sinh	fnSinh	NOPARAM	0	0	CAT_FNCT	PTP_NONE	SLS_ENABLED	sinh(𝑥)	78	SINH sinh(x)
79	ITM_tan	TAN	TAN	fnTan	NOPARAM	0	0	CAT_FNCT	PTP_NONE	SLS_ENABLED	tan(𝑥)	79	TAN tan(x)
80	ITM_tanh	tanh	tanh	fnTanh	NOPARAM	0	0	CAT_FNCT	PTP_NONE	SLS_ENABLED	tanh(𝑥)	80	TANH tanh(x)
81	ITM_arccos	ARCCOS	ACOS	fnArccos	NOPARAM	0	0	CAT_FNCT	PTP_NONE	SLS_ENABLED	cos⁻¹(𝑥)	81	ACOS ARCCOS acos(x) arccos(x)
82	ITM_arcosh	arcosh	arcosh	fnArccosh	NOPARAM	0	0	CAT_FNCT	PTP_NONE	SLS_ENABLED	cosh⁻¹(𝑥)	82	ACOSH ARCCOSH ARCOSH acosh(x) arccosh(x)
83	ITM_arcsin	ARCSIN	ASIN	fnArcsin	NOPARAM	0	0	CAT_FNCT	PTP_NONE	SLS_ENABLED	sin⁻¹(𝑥)	83	ARCSIN ASIN arcsin(x) asin(x)
84	ITM_arsinh	arsinh	arsinh	fnArcsinh	NOPARAM	0	0	CAT_FNCT	PTP_NONE	SLS_ENABLED	sinh⁻¹(𝑥)	84	ARCSINH ARSINH ASINH arcsinh(x) asinh(x)
85	ITM_arctan	ARCTAN	ATAN	fnArctan	NOPARAM	0	0	CAT_FNCT	PTP_NONE	SLS_ENABLED	tan⁻¹(𝑥)	85	ARCTAN ATAN arctan(x) atan(x)
86	ITM_artanh	artanh	artanh	fnArctanh	NOPARAM	0	0	CAT_FNCT	PTP_NONE	SLS_ENABLED	tanh⁻¹(𝑥)	86	ARCTANH ARTANH ATANH arctanh(x) atanh(x)
87	ITM_CEIL	ceil	ceil	fnCeil	NOPARAM	0	0	CAT_FNCT	PTP_NONE	SLS_ENABLED	⌈𝑥⌉	87	CEIL ceil(x) ⌈;x⌉;
88	ITM_FLOOR	floor	floor	fnFloor	NOPARAM	0	0	CAT_FNCT	PTP_NONE	SLS_ENABLED	⌊𝑥⌋	88	FLOOR INTG floor(x) ⌊;x⌋;
89	ITM_GCD	GCD	GCD	fnGcd	NOPARAM	0	0	CAT_FNCT	PTP_NONE	SLS_ENABLED	GCD	89	
90	ITM_LCM	LCM	LCM	fnLcm	NOPARAM	0	0	CAT_FNCT	PTP_NONE	SLS_ENABLED	LCM	90	
91	ITM_DECR	DECR	DECR	fnDec	TM_REGISTER	0	99	CAT_FNCT	PTP_REGISTER	SLS_ENABLED	DECR	91	
92	ITM_INC	INCR	INCR	fnInc	TM_REGISTER	0	99	CAT_FNCT	PTP_REGISTER	SLS_ENABLED	INCR	92	INC
93	ITM_IP	IP	IP	fnIp	NOPARAM	0	0	CAT_FNCT	PTP_NONE	SLS_ENABLED	IP	93	
94	ITM_FP	FP	FP	fnFp	NOPARAM	0	0	CAT_FNCT	PTP_NONE	SLS_ENABLED	FP	94	
95	ITM_ADD	+	+	fnAdd	ITM_ADD	0	0	CAT_FNCT	PTP_NONE	SLS_ENABLED	+	95	
96	ITM_SUB	-	-	fnSubtract	ITM_SUB	0	0	CAT_FNCT	PTP_NONE	SLS_ENABLED	-	96	
97	ITM_CHS	CHS	CHS	fnChangeSign	ITM_CHS	0	0	CAT_FNCT	PTP_NONE	SLS_ENABLED	CHS	97	+/-
98	ITM_MULT	×	×	fnMultiply	ITM_MULT	0	0	CAT_FNCT	PTP_NONE	SLS_ENABLED	×	98	\mul;
99	ITM_DIV	÷	÷	fnDivide	ITM_DIV	0	0	CAT_FNCT	PTP_NONE	SLS_ENABLED	÷	99	\div;
100	ITM_IDIV	IDIV	IDIV	fnIDiv	NOPARAM	0	0	CAT_FNCT	PTP_NONE	SLS_ENABLED	IDIV	100	BASE÷ INT/ INT÷ INT÷;
101	ITM_VIEW	VIEW	VIEW	fnView	TM_REGISTER	0	99	CAT_FNCT	PTP_REGISTER	SLS_UNCHANGED	VIEW	101	
102	ITM_MOD	MOD	MOD	fnMod	NOPARAM	0	0	CAT_FNCT	PTP_NONE	SLS_ENABLED	MOD	102	
103	ITM_MAX	MAX	MAX	fnMax	NOPARAM	0	0	CAT_FNCT	PTP_NONE	SLS_ENABLED	MAX	103	
104	ITM_MIN	MIN	MIN	fnMin	NOPARAM	0	0	CAT_FNCT	PTP_NONE	SLS_ENABLED	MIN	104	
105	ITM_MAGNITUDE	|x|	|x|	fnMagnitude	NOPARAM	0	0	CAT_FNCT	PTP_NONE	SLS_ENABLED	|𝑥|	105	ABS abs(x) |x|
106	ITM_NEIGHB	NEIGHB	NEIGHB	fnNeighb	NOPARAM	0	0	CAT_FNCT	PTP_NONE	SLS_ENABLED	NEIGHB	106	
107	ITM_NEXTP	NEXTP	NEXTP	fnNextPrime	NOPARAM	0	0	CAT_FNCT	PTP_NONE	SLS_ENABLED	NEXTP	107	
108	ITM_XFACT	x!	x!	fnFactorial	NOPARAM	0	0	CAT_FNCT	PTP_NONE	SLS_ENABLED	𝑥!	108	N! fact(x) x!
109	ITM_CONSTpi	π	π	fnPi	NOPARAM	0	0	CAT_NONE	PTP_NONE	SLS_ENABLED	𝜋	109	PI pi π π;
110	ITM_CF	CF	CF	fnClearFlag	TM_FLAGW	0	99	CAT_FNCT	PTP_FLAG	SLS_ENABLED	CF	110	
111	ITM_SF	SF	SF	fnSetFlag	TM_FLAGW	0	99	CAT_FNCT	PTP_FLAG	SLS_ENABLED	SF	111	
112	ITM_FF	FF	FF	fnFlipFlag	TM_FLAGW	0	99	CAT_FNCT	PTP_FLAG	SLS_ENABLED	FF	112	
113	ITM_M_SQRQ	M.SQR?	M.SQR?	fnCheckMatrixSquare	NOPARAM	0	0	CAT_FNCT	PTP_NONE	SLS_ENABLED	M[square]?	113	M.SQR?
114	ITM_LITERAL	LITE	LITE	itemToBeCoded	NOPARAM	0	0	CAT_NONE	PTP_LITERAL	SLS_ENABLED	Literal	114	
115	ITM_DEG2	⇒DEG	⇒DEG	fnAngularModeJM	amDegree	0	0	CAT_FNCT	PTP_NONE	SLS_ENABLED	⇒DEG	115	->DEG =>DEG >>DEG \rarr;DEG →DEG
116	ITM_DMS2	⇒D.MS	⇒D.MS	fnAngularModeJM	amDMS	0	0	CAT_FNCT	PTP_NONE	SLS_ENABLED	⇒D.MS	116	->D.MS =>D.MS >>D.MS
117	ITM_GRAD2	⇒GRAD	⇒GRAD	fnAngularModeJM	amGrad	0	0	CAT_FNCT	PTP_NONE	SLS_ENABLED	⇒GRAD	117	->GRAD =>GRAD >>GRAD →GRAD
118	ITM_MULPI2	⇒MULπ	⇒MULπ	fnAngularModeJM	amMultPi	0	0	CAT_FNCT	PTP_NONE	SLS_ENABLED	⇒MULπ	118	->MULpi ->MULπ; =>MULpi =>MULπ; >>MULpi
119	ITM_RAD2	⇒RAD	⇒RAD	fnAngularModeJM	amRadian	0	0	CAT_FNCT	PTP_NONE	SLS_ENABLED	⇒RAD	119	->RAD =>RAD >>RAD →RAD
120	ITM_LINT	LINT	LINT	fnLint	NOPARAM	0	0	CAT_FNCT	PTP_NONE	SLS_ENABLED	LongInt	120	LINT
121	ITM_RMODE	>RMODE<	>RMODE<	fnSetRoundingMode	TM_VALUE	0	6	CAT_NONE	PTP_NUMBER_8	SLS_ENABLED			
122	ITM_RMD	RMD	RMD	fnRmd	NOPARAM	0	0	CAT_FNCT	PTP_NONE	SLS_ENABLED	RMD	122	RMDR
123	ITM_LOGICALNOT	NOT	NOT	fnLogicalNot	NOPARAM	0	0	CAT_FNCT	PTP_NONE	SLS_ENABLED	NOT	123	
124	ITM_LOGICALAND	AND	AND	fnLogicalAnd	NOPARAM	0	0	CAT_FNCT	PTP_NONE	SLS_ENABLED	AND	124	
125	ITM_LOGICALOR	OR	OR	fnLogicalOr	NOPARAM	0	0	CAT_FNCT	PTP_NONE	SLS_ENABLED	OR	125	
126	ITM_LOGICALXOR	XOR	XOR	fnLogicalXor	NOPARAM	0	0	CAT_FNCT	PTP_NONE	SLS_ENABLED	XOR	126	
127	ITM_Xex	x⇄	x⇄	fnSwapX	TM_REGISTER	0	99	CAT_FNCT	PTP_REGISTER	SLS_ENABLED	𝑥⇄	127	X<> x<>
128		a⒢	yr.gregor	fnConstant	0	0	0	CAT_CNST	PTP_NONE	SLS_ENABLED	a_g	128 128	yr.gregor
129		rⓑ⒪⒣⒭	rad.bohr	fnConstant	1	0	0	CAT_CNST	PTP_NONE	SLS_ENABLED	r_(Bohr)	128 129	rad.bohr
130		aⓜ⒪⒪⒩	orb.moon	fnConstant	2	0	0	CAT_CNST	PTP_NONE	SLS_ENABLED	a_(Moon)	128 130	orb.moon
131		a⊕	orb.earth	fnConstant	3	0	0	CAT_CNST	PTP_NONE	SLS_ENABLED	a_⊕	128 131	orb.earth
132		c	lightspeed	fnConstant	4	0	0	CAT_CNST	PTP_NONE	SLS_ENABLED	c	128 132	lightspeed
133		c₁	c.radiatn1	fnConstant	5	0	0	CAT_CNST	PTP_NONE	SLS_ENABLED	c₁	128 133	c.radiatn1
134		c₂	c.radiatn2	fnConstant	6	0	0	CAT_CNST	PTP_NONE	SLS_ENABLED	c₂	128 134	c.radiatn2
135		e	charge.elem	fnConstant	7	0	0	CAT_CNST	PTP_NONE	SLS_ENABLED	eCharge	128 135	charge.elem
136		ⅇ	ⅇ.euler	fnConstant	8	0	0	CAT_CNST	PTP_NONE	SLS_ENABLED	𝑒	128 136	e e.euler ⅇ.euler
137		F	c.faraday	fnConstant	9	0	0	CAT_CNST	PTP_NONE	SLS_ENABLED	ℱ	128 137	c.faraday ᵃD;
138		F⊖	α.feigenbm	fnConstant	10	0	0	CAT_CNST	PTP_NONE	SLS_ENABLED	F_α	128 138	alpha.feigenbm α.feigenbm
139		F⊗	δ.feigenbm	fnConstant	11	0	0	CAT_CNST	PTP_NONE	SLS_ENABLED	F_δ	128 139	delta.feigenbm δ.feigenbm
140		G	c.grav.nwt	fnConstant	12	0	0	CAT_CNST	PTP_NONE	SLS_ENABLED	G	128 140	c.grav.nwt
141		G₀	cond.quant	fnConstant	13	0	0	CAT_CNST	PTP_NONE	SLS_ENABLED	G₀	128 141	cond.quant
142		Gⓒ	c.catalan	fnConstant	14	0	0	CAT_CNST	PTP_NONE	SLS_ENABLED	G_C	128 142	c.catalan
143		g⒠	gfact.elec	fnConstant	15	0	0	CAT_CNST	PTP_NONE	SLS_ENABLED	g_e	128 143	gfact.elec
144		GM⊕	c.grav.geo	fnConstant	16	0	0	CAT_CNST	PTP_NONE	SLS_ENABLED	GM_⊕	128 144	c.grav.geo
145		g⊕	acc.earth	fnConstant	17	0	0	CAT_CNST	PTP_NONE	SLS_ENABLED	g_⊕	128 145	acc.earth
146		ℎ	c.planck	fnConstant	18	0	0	CAT_CNST	PTP_NONE	SLS_ENABLED	ℎ	128 146	c.planck h ℎ;
147		ℏ	red.planck	fnConstant	19	0	0	CAT_CNST	PTP_NONE	SLS_ENABLED	ℏ	128 147	h_bar red.planck ℏ;
148		kⓑ	c.boltzmn	fnConstant	20	0	0	CAT_CNST	PTP_NONE	SLS_ENABLED	k_B	128 148	c.boltzmn
149		Kⓙ	c.josephsn	fnConstant	21	0	0	CAT_CNST	PTP_NONE	SLS_ENABLED	K_J	128 149	c.josephsn
150		lⓟⓛ	len.planck	fnConstant	22	0	0	CAT_CNST	PTP_NONE	SLS_ENABLED	l_(PL)	128 150	len.planck
151		m⒠	mass.elec	fnConstant	23	0	0	CAT_CNST	PTP_NONE	SLS_ENABLED	m_e	128 151	mass.elec
152		Mⓜ⒪⒪⒩	mass.moon	fnConstant	24	0	0	CAT_CNST	PTP_NONE	SLS_ENABLED	M_(MOON)	128 152	mass.moon
153		m⒩	mass.neu	fnConstant	25	0	0	CAT_CNST	PTP_NONE	SLS_ENABLED	m_n	128 153	mass.neu
154		m⒩/m⒫	r.neu.prot	fnConstant	26	0	0	CAT_CNST	PTP_NONE	SLS_ENABLED	m_n/m_p	128 154	r.neu.prot
155		m⒫	mass.prot	fnConstant	27	0	0	CAT_CNST	PTP_NONE	SLS_ENABLED	m_p	128 155	mass.prot
156		mⓟⓛ	mass.planck	fnConstant	28	0	0	CAT_CNST	PTP_NONE	SLS_ENABLED	m_(PL)	128 156	mass.planck
157		m⒫/m⒠	r.prot.elec	fnConstant	29	0	0	CAT_CNST	PTP_NONE	SLS_ENABLED	m_p/m_e	128 157	r.prot.elec
158		m⒰	mass.atom	fnConstant	30	0	0	CAT_CNST	PTP_NONE	SLS_ENABLED	mu	128 158	mass.atom
159		m⒰cⅢ	energy.atom	fnConstant	31	0	0	CAT_CNST	PTP_NONE	SLS_ENABLED	m_uc²	128 159	energy.atom
160		m⊘	mass.muon	fnConstant	32	0	0	CAT_CNST	PTP_NONE	SLS_ENABLED	m_μ	128 160	mass.muon
161		M⊚	mass.sun	fnConstant	33	0	0	CAT_CNST	PTP_NONE	SLS_ENABLED	M_☉	128 161	mass.sun
162		M⊕	mass.earth	fnConstant	34	0	0	CAT_CNST	PTP_NONE	SLS_ENABLED	M_⊕	128 162	mass.earth
163		Nⓐ	nr.avogadro	fnConstant	35	0	0	CAT_CNST	PTP_NONE	SLS_ENABLED	N_A	128 163	nr.avogadro
164		NaN	not.a.nr	fnConstant	36	0	0	CAT_CNST	PTP_NONE	SLS_ENABLED	NaN	128 164	not.a.nr
165		p₀	press.atm	fnConstant	37	0	0	CAT_CNST	PTP_NONE	SLS_ENABLED	p₀	128 165	press.atm
166		R	c.mol.gas	fnConstant	38	0	0	CAT_CNST	PTP_NONE	SLS_ENABLED	R	128 166	c.mol.gas
167		r⒠	rad.elec	fnConstant	39	0	0	CAT_CNST	PTP_NONE	SLS_ENABLED	r_e	128 167	rad.elec
168		Rⓚ	c.klitzing	fnConstant	40	0	0	CAT_CNST	PTP_NONE	SLS_ENABLED	R_K	128 168	c.klitzing
169		Rⓜ⒪⒪⒩	rad.moon	fnConstant	41	0	0	CAT_CNST	PTP_NONE	SLS_ENABLED	R_(moon)	128 169	rad.moon
170		R₟	c.rydberg	fnConstant	42	0	0	CAT_CNST	PTP_NONE	SLS_ENABLED	R_∞	128 170	c.rydberg
171		R⊚	rad.sun	fnConstant	43	0	0	CAT_CNST	PTP_NONE	SLS_ENABLED	R_☉	128 171	rad.sun
172		R⊕	rad.earth	fnConstant	44	0	0	CAT_CNST	PTP_NONE	SLS_ENABLED	R_⊕	128 172	rad.earth
173		Sa⊕	majax.earth	fnConstant	45	0	0	CAT_CNST	PTP_NONE	SLS_ENABLED	Sa_⊕	128 173	majax.earth
174		Sb⊕	minax.earth	fnConstant	46	0	0	CAT_CNST	PTP_NONE	SLS_ENABLED	Sb_⊕	128 174	minax.earth
175		SeⅢ	sq.eccent1	fnConstant	47	0	0	CAT_CNST	PTP_NONE	SLS_ENABLED	Se²	128 175	sq.eccent1
176		Se'Ⅲ	sq.eccent2	fnConstant	48	0	0	CAT_CNST	PTP_NONE	SLS_ENABLED	Se'²	128 176	sq.eccent2
177		SfⅫⅡ	f.flatteng	fnConstant	49	0	0	CAT_CNST	PTP_NONE	SLS_ENABLED	Sf⁻¹	128 177	f.flatteng
178		T₀	temp.stand	fnConstant	50	0	0	CAT_CNST	PTP_NONE	SLS_ENABLED	T₀	128 178	temp.stand
179		Tⓟ	temp.planck	fnConstant	51	0	0	CAT_CNST	PTP_NONE	SLS_ENABLED	T_p	128 179	temp.planck
180		tⓟⓛ	time.planck	fnConstant	52	0	0	CAT_CNST	PTP_NONE	SLS_ENABLED	t_(PL)	128 180	time.planck
181		V⒨	volume.gas	fnConstant	53	0	0	CAT_CNST	PTP_NONE	SLS_ENABLED	V_m	128 181	volume.gas
182		Z₀	imped.vac	fnConstant	54	0	0	CAT_CNST	PTP_NONE	SLS_ENABLED	Z₀	128 182	imped.vac
183		αⓕ	c.finestruc	fnConstant	55	0	0	CAT_CNST	PTP_NONE	SLS_ENABLED	α_F	128 183	c.finestruc
184		K₀	c.khinchin	fnConstant	56	0	0	CAT_CNST	PTP_NONE	SLS_ENABLED	K₀	128 184	c.khinchin
185		γⓔⓜ	c.eul.masc	fnConstant	57	0	0	CAT_CNST	PTP_NONE	SLS_ENABLED	γ_(EM)	128 185	c.eul.masc
186		γ⒫	r.gyro.prot	fnConstant	58	0	0	CAT_CNST	PTP_NONE	SLS_ENABLED	γ_p	128 186	r.gyro.prot
187		Δνⓒ⒮	frq.hypf.cs	fnConstant	59	0	0	CAT_CNST	PTP_NONE	SLS_ENABLED	Δν_(Cs)	128 187	frq.hypf.cs
188		ε₀	epermt.vac	fnConstant	60	0	0	CAT_CNST	PTP_NONE	SLS_ENABLED	ε₀	128 188	epermt.vac
189		λⓒ	wavln.elec	fnConstant	61	0	0	CAT_CNST	PTP_NONE	SLS_ENABLED	λ_c	128 189	wavln.elec
190		λⓒ⒩	wavln.neu	fnConstant	62	0	0	CAT_CNST	PTP_NONE	SLS_ENABLED	λ_(cn)	128 190	wavln.neu
191		λⓒ⒫	wavln.prot	fnConstant	63	0	0	CAT_CNST	PTP_NONE	SLS_ENABLED	λ_(cp)	128 191	wavln.prot
192		μ₀	mpermb.vac	fnConstant	64	0	0	CAT_CNST	PTP_NONE	SLS_ENABLED	μ₀	128 192	mpermb.vac
193		μⓑ	magn.both	fnConstant	65	0	0	CAT_CNST	PTP_NONE	SLS_ENABLED	μ_B	128 193	magn.both
194		μ⒠	mgmom.elec	fnConstant	66	0	0	CAT_CNST	PTP_NONE	SLS_ENABLED	μ_e	128 194	mgmom.elec
195		μ⒠/μⓑ	r.elec.bohr	fnConstant	67	0	0	CAT_CNST	PTP_NONE	SLS_ENABLED	μ_e/μ_B	128 195	r.elec.bohr
196		μ⒩	magmom.neu	fnConstant	68	0	0	CAT_CNST	PTP_NONE	SLS_ENABLED	μ_n	128 196	magmom.neu
197		μ⒫	mgmom.prot	fnConstant	69	0	0	CAT_CNST	PTP_NONE	SLS_ENABLED	μ_p	128 197	mgmom.prot
198		μ⒰	magn.nucl	fnConstant	70	0	0	CAT_CNST	PTP_NONE	SLS_ENABLED	μ_u	128 198	magn.nucl
199		μ⊘	mgmom.muon	fnConstant	71	0	0	CAT_CNST	PTP_NONE	SLS_ENABLED	μ_μ	128 199	mgmom.muon
200		σⓑ	c.stephbol	fnConstant	72	0	0	CAT_CNST	PTP_NONE	SLS_ENABLED	σ_B	128 200	c.stephbol
201		ϕ	r.golden	fnConstant	73	0	0	CAT_CNST	PTP_NONE	SLS_ENABLED	φ	128 201	r.golden
202		Φ₀	fluxq.magn	fnConstant	74	0	0	CAT_CNST	PTP_NONE	SLS_ENABLED	Φ₀	128 202	fluxq.magn
203		ω⊕	vangl.earth	fnConstant	75	0	0	CAT_CNST	PTP_NONE	SLS_ENABLED	ω_⊕	128 203	vangl.earth
204		-∞	inf.minus	fnConstant	76	0	0	CAT_CNST	PTP_NONE	SLS_ENABLED	-∞	128 204	inf.minus
205		∞	inf.plus	fnConstant	77	0	0	CAT_CNST	PTP_NONE	SLS_ENABLED	+∞	128 205	inf.plus
206		#	zero	itemToBeCoded	78	0	0	CAT_NONE	PTP_NONE	SLS_ENABLED	ZERO	128 206	
207	ITM_CNST	CNST	CNST	fnConstant	TM_VALUE		(0 << TAM_MAX_BITS) |(NOUC-1)	CAT_FNCT	PTP_NUMBER_8_16	SLS_ENABLED	CNST	128 207	
208		ξⓑ	exp.bbone	fnConstant	79	0	0	CAT_CNST	PTP_NONE	SLS_ENABLED	ξ_B	128 208	exp.bbone
209		δⓢ	r.silver	fnConstant	80	0	0	CAT_CNST	PTP_NONE	SLS_ENABLED	δ_s	128 209	r.silver
210		μⓖ	c.gerver	fnConstant	81	0	0	CAT_CNST	PTP_NONE	SLS_ENABLED	μ_G	128 210	c.gerver
211		τ	c.circle	fnConstant	82	0	0	CAT_CNST	PTP_NONE	SLS_ENABLED	τ	128 211	c.circle
212		π	pi	fnConstant	83	0	0	CAT_CNST	PTP_NONE	SLS_ENABLED	𝝅	128 212	\pi; pi π
220	ITM_CtoF	°C→	°C→	fnCvtTemp	0	0	0	CAT_NONE	PTP_NONE	SLS_ENABLED	°C→°F	128 220	\rarr;\deg;F degC->degF °C->°F; →°F
221	ITM_FtoC	°F→	°F→	fnCvtTemp	1	0	0	CAT_NONE	PTP_NONE	SLS_ENABLED	°F→°C	128 221	\rarr;\deg;C degF->degC °;F->°;C →°C
222	ITM_DBtoPR	dB→	dB→	fnCvtDbRatio	10	0	0	CAT_NONE	PTP_NONE	SLS_ENABLED	dB→pr	128 222	dB->pr dB→
223	ITM_FT2toHA	ftⅢ→	ftⅢ→	fnUnitConvert	constFactorFt2Hectare | multiply	0	0	CAT_NONE	PTP_NONE	SLS_ENABLED	ft²→ha	128 223	ft2→ha ft^2->ha
224	ITM_HAtoFT2	ha→	ha→	fnUnitConvert	constFactorFt2Hectare | divide	0	0	CAT_NONE	PTP_NONE	SLS_ENABLED	ha→ft²	128 224	ha->ft^2 ha→ft2
225	ITM_DBtoFR	dB→	dB→	fnCvtDbRatio	20	0	0	CAT_NONE	PTP_NONE	SLS_ENABLED	dB→fr	128 225	dB->fr dB→
226	ITM_FT2toM2	ftⅢ→	ftⅢ→	fnUnitConvert	constFactorFt2M2 | multiply	0	0	CAT_NONE	PTP_NONE	SLS_ENABLED	ft²→m²	128 226	ft2→m2 ft^2->m^2
227	ITM_M2toFT2	mⅢ→	mⅢ→	fnUnitConvert	constFactorFt2M2 | divide	0	0	CAT_NONE	PTP_NONE	SLS_ENABLED	m²→ft²	128 227	m2→ft2 m^2->ft^2
228	ITM_PRtoDB	pwr→	pwr→	fnCvtRatioDb	10	0	0	CAT_NONE	PTP_NONE	SLS_ENABLED	pr→dB	128 228	pr->dB pwr
229	ITM_HAtoKM2	ha→	ha→	fnUnitConvert	constFactorHectareKm2 | divide	0	0	CAT_NONE	PTP_NONE	SLS_ENABLED	ha→km²	128 229	ha->km^2 ha→km2
230	ITM_KM2toHA	kmⅢ→	kmⅢ→	fnUnitConvert	constFactorHectareKm2 | multiply	0	0	CAT_NONE	PTP_NONE	SLS_ENABLED	km²→ha	128 230	km2→ha km^2->ha
231	ITM_FRtoDB	fld→	fld→	fnCvtRatioDb	20	0	0	CAT_NONE	PTP_NONE	SLS_ENABLED	fr→dB	128 231	fld fr->dB
232	ITM_GLUKtoFZUK	gal␭→	gal␭→	fnUnitConvert	constFactorGlukFzuk | multiply	0	0	CAT_NONE	PTP_NONE	SLS_ENABLED	gal_(UK)→floz_(UK)	128 232	gal(UK)->floz(UK) galUK->fzUK
233	ITM_FZUKtoGLUK	floz␭→	floz␭→	fnUnitConvert	constFactorFzukGluk | divide	0	0	CAT_NONE	PTP_NONE	SLS_ENABLED	floz_(UK)→gal(UK)	128 233	floz(UK)->gal(UK) fzUK->galUK
234	ITM_ACtoHA	acre→	acre→	fnUnitConvert	constFactorAcreHa | multiply	0	0	CAT_NONE	PTP_NONE	SLS_ENABLED	acre→ha	128 234	ac->ha acre->ha
235	ITM_MLtoIN3	mℓ→	mℓ→	fnUnitConvert	constFactorMlIn3 | divide	0	0	CAT_NONE	PTP_NONE	SLS_ENABLED	mℓ→in³	128 235	mL->in^3 mL→in³ mℓ→in3
236	ITM_HAtoAC	ha→	ha→	fnUnitConvert	constFactorAcreHa | divide	0	0	CAT_NONE	PTP_NONE	SLS_ENABLED	ha→acre	128 236	ha->ac ha->acre
237	ITM_IN3toML	inⅣ→	inⅣ→	fnUnitConvert	constFactorIn3Ml | multiply	0	0	CAT_NONE	PTP_NONE	SLS_ENABLED	in³→mℓ	128 237	in3→mℓ in^3->mL in³→mL
238	ITM_ACUStoHA	acre␮→	acre␮→	fnUnitConvert	constFactorAcreusHa | multiply	0	0	CAT_NONE	PTP_NONE	SLS_ENABLED	acre_(US)→ha	128 238	acUS->ha acre(US)->ha
239	ITM_FT3toGLUK	ftⅣ→	ftⅣ→	fnUnitConvert	constFactorFt3Gluk | multiply	0	0	CAT_NONE	PTP_NONE	SLS_ENABLED	ft³→gal_(UK)	128 239	ft^3->gal(UK) ft^3->galUK
240	ITM_HAtoACUS	ha→	ha→	fnUnitConvert	constFactorAcreusHa | divide	0	0	CAT_NONE	PTP_NONE	SLS_ENABLED	ha→acre_(US)	128 240	ha->acUS ha->acre(US)
241	ITM_GLUKtoFT3	gal␭→	gal␭→	fnUnitConvert	constFactorGlukFt3 | divide	0	0	CAT_NONE	PTP_NONE	SLS_ENABLED	gal_(UK)→ft³	128 241	gal(UK)->ft^3 galUK->ft^3
242	ITM_PAtoATM	Pa→	Pa→	fnUnitConvert	constFactorAtmPa | divide	0	0	CAT_NONE	PTP_NONE	SLS_ENABLED	Pa→atm	128 242	Pa->atm
243	ITM_ATMtoPA	atm→	atm→	fnUnitConvert	constFactorAtmPa | multiply	0	0	CAT_NONE	PTP_NONE	SLS_ENABLED	atm→Pa	128 243	atm->Pa
244	ITM_AUtoM	au→	au→	fnUnitConvert	constFactorAuM | multiply	0	0	CAT_NONE	PTP_NONE	SLS_ENABLED	au→m	128 244	au->m
245	ITM_MtoAU	m→	m→	fnUnitConvert	constFactorAuM | divide	0	0	CAT_NONE	PTP_NONE	SLS_ENABLED	m→au	128 245	m->au
246	ITM_BARtoPA	bar→	bar→	fnUnitConvert	constFactorBarPa | multiply	0	0	CAT_NONE	PTP_NONE	SLS_ENABLED	bar→Pa	128 246	bar->Pa
247	ITM_PAtoBAR	Pa→	Pa→	fnUnitConvert	constFactorBarPa | divide	0	0	CAT_NONE	PTP_NONE	SLS_ENABLED	Pa→bar	128 247	Pa->bar
248	ITM_BTUtoJ	Btu→	Btu→	fnUnitConvert	constFactorBtuJ | multiply	0	0	CAT_NONE	PTP_NONE	SLS_ENABLED	Btu→J	128 248	Btu->J
249	ITM_JtoBTU	J→	J→	fnUnitConvert	constFactorBtuJ | divide	0	0	CAT_NONE	PTP_NONE	SLS_ENABLED	J→Btu	128 249	J->Btu
250	ITM_CALtoJ	cal→	cal→	fnUnitConvert	constFactorCalJ | multiply	0	0	CAT_NONE	PTP_NONE	SLS_ENABLED	cal→J	128 250	cal->J
251	ITM_JtoCAL	J→	J→	fnUnitConvert	constFactorCalJ | divide	0	0	CAT_NONE	PTP_NONE	SLS_ENABLED	J→cal	128 251	J->cal
252	ITM_LBFFTtoNM	ft·lbf→	ft·lbf→	fnUnitConvert	constFactorLbfftNm | multiply	0	0	CAT_NONE	PTP_NONE	SLS_ENABLED	lbf·ft→Nm	128 252	lbft->Nm lbfu00B7ft->Nm
253	ITM_LtoFT3	ℓ→	ℓ→	fnUnitConvert	constFactorLFt3 | divide	0	0	CAT_NONE	PTP_NONE	SLS_ENABLED	ℓ→ft³	128 253	L->ft^3 L→ft³ ℓ→ft3
254	ITM_NMtoLBFFT	N·m→	N·m→	fnUnitConvert	constFactorLbfftNm | divide	0	0	CAT_NONE	PTP_NONE	SLS_ENABLED	Nm→lbf·ft	128 254	Nm->lbft Nm->lbf·ft
255	ITM_FT3toL	ftⅣ→	ftⅣ→	fnUnitConvert	constFactorFt3L | multiply	0	0	CAT_NONE	PTP_NONE	SLS_ENABLED	ft³→ℓ	128 255	ft3→ℓ ft^3->L ft³→L
256	ITM_CWTtoKG	cwt→	cwt→	fnUnitConvert	constFactorCwtKg | multiply	0	0	CAT_NONE	PTP_NONE	SLS_ENABLED	cwt→kg	129 0	cwt->kg
257	ITM_KGtoCWT	kg→	kg→	fnUnitConvert	constFactorCwtKg | divide	0	0	CAT_NONE	PTP_NONE	SLS_ENABLED	kg→cwt	129 1	kg->cwt
258	ITM_FTtoM	ft→	ft→	fnUnitConvert	constFactorFtM | multiply	0	0	CAT_NONE	PTP_NONE	SLS_ENABLED	ft→m	129 2	ft->m
259	ITM_MtoFT	m→	m→	fnUnitConvert	constFactorFtM | divide	0	0	CAT_NONE	PTP_NONE	SLS_ENABLED	m→ft	129 3	m->ft
260	ITM_FTUStoM	survey ft␮→	survey ft␮→	fnUnitConvert	constFactorSfeetM | multiply	0	0	CAT_NONE	PTP_NONE	SLS_ENABLED	survey-ft_(US)→m	129 4	survey-ft(US)->m
261	ITM_LtoQTUS	ℓ→	ℓ→	fnUnitConvert	constFactorLQtus | multiply	0	0	CAT_NONE	PTP_NONE	SLS_ENABLED	ℓ→qt_(US)	129 5	L->qt(US) L->qtUS
262	ITM_QTUStoL	qt␮→	qt␮→	fnUnitConvert	constFactorQtusL | divide	0	0	CAT_NONE	PTP_NONE	SLS_ENABLED	qt_(US)→ℓ	129 6	qt(US)->L qtUS->L
263	ITM_MtoFTUS	m→	m→	fnUnitConvert	constFactorSfeetM | divide	0	0	CAT_NONE	PTP_NONE	SLS_ENABLED	m→survey-ft(US)	129 7	m->survey-ft(US)
264	ITM_IN3toFZUK	inⅣ→	inⅣ→	fnUnitConvert	constFactorFlozukIn3 | divide	0	0	CAT_NONE	PTP_NONE	SLS_ENABLED	in³→floz_(UK)	129 8	in^3->floz(UK) in^3->fzUK
265	ITM_FZUKtoIN3	floz␭→	floz␭→	fnUnitConvert	constFactorFlozukIn3 | multiply	0	0	CAT_NONE	PTP_NONE	SLS_ENABLED	floz_(UK)→in³	129 9	floz(UK)->in^3 fzUK->in^3
266	ITM_FZUKtoML	floz␭→	floz␭→	fnUnitConvert	constFactorFlozukMl | multiply	0	0	CAT_NONE	PTP_NONE	SLS_ENABLED	floz_(UK)→mℓ	129 10	floz(UK)->mL fzUK->mL
267	ITM_IN3toFZUS	inⅣ→	inⅣ→	fnUnitConvert	constFactorFlozusIn3 | divide	0	0	CAT_NONE	PTP_NONE	SLS_ENABLED	in³→floz_(US)	129 11	in^3->floz(US) in^3->fzUS
268	ITM_MLtoFZUK	mℓ→	mℓ→	fnUnitConvert	constFactorFlozukMl | divide	0	0	CAT_NONE	PTP_NONE	SLS_ENABLED	mℓ→floz_(UK)	129 12	mL->floz(UK) mL->fzUK
269	ITM_FZUStoIN3	floz␮→	floz␮→	fnUnitConvert	constFactorFlozusIn3 | multiply	0	0	CAT_NONE	PTP_NONE	SLS_ENABLED	floz_(US)→in³	129 13	floz(US)->in^3 fzUS->in^3
270	ITM_FZUStoML	floz␮→	floz␮→	fnUnitConvert	constFactorFlozusMl | multiply	0	0	CAT_NONE	PTP_NONE	SLS_ENABLED	floz_(US)→mℓ	129 14	floz(US)->mL fzUS->mL
271	ITM_FT3toGalUS	ftⅣ→	ftⅣ→	fnUnitConvert	constFactorFt3toGalUS | multiply	0	0	CAT_NONE	PTP_NONE	SLS_ENABLED	ft³→gal_(US)	129 15	ft^3->gal(US) ft^3->galUS
272	ITM_MLtoFZUS	mℓ→	mℓ→	fnUnitConvert	constFactorFlozusMl | divide	0	0	CAT_NONE	PTP_NONE	SLS_ENABLED	mℓ→floz_(US)	129 16	mL->floz(US) mL->fzUS
273	ITM_GalUStoFT3	gal␮→	gal␮→	fnUnitConvert	constFactorFt3toGalUS | divide	0	0	CAT_NONE	PTP_NONE	SLS_ENABLED	gal_(US)→ft³	129 17	gal(US)->ft^3 galUS->ft^3
274	ITM_GLUKtoL	gal␭→	gal␭→	fnUnitConvert	constFactorGalukL | multiply	0	0	CAT_NONE	PTP_NONE	SLS_ENABLED	gal_(UK)→ℓ	129 18	gal(UK)->L galUK->L
275	ITM_LtoGLUK	ℓ→	ℓ→	fnUnitConvert	constFactorGalukL | divide	0	0	CAT_NONE	PTP_NONE	SLS_ENABLED	ℓ→gal_(UK)	129 19	L->gal(UK) L->galUK
276	ITM_GLUStoL	gal␮→	gal␮→	fnUnitConvert	constFactorGalusL | multiply	0	0	CAT_NONE	PTP_NONE	SLS_ENABLED	gal_(US)→ℓ	129 20	\rarr;L gal(US)->L galUS->L →L
277	ITM_LtoGLUS	ℓ→	ℓ→	fnUnitConvert	constFactorGalusL | divide	0	0	CAT_NONE	PTP_NONE	SLS_ENABLED	ℓ→gal_(US)	129 21	L->gal(US) L->galUS \rarr;GAL →GAL
278	ITM_HPEtoW	hpⓔ→	hpⓔ→	fnUnitConvert	constFactorHpeW | multiply	0	0	CAT_NONE	PTP_NONE	SLS_ENABLED	hp_e→W	129 22	hpE->W hpE→W hp_e->W
279	ITM_WtoHPE	W→	W→	fnUnitConvert	constFactorHpeW | divide	0	0	CAT_NONE	PTP_NONE	SLS_ENABLED	W→hp_e	129 23	W->hpE W->hp_e W→hpE
280	ITM_HPMtoW	hpⓜ→	hpⓜ→	fnUnitConvert	constFactorHpmW | multiply	0	0	CAT_NONE	PTP_NONE	SLS_ENABLED	hp_M→W	129 24	hpM->W hpM→W hp_M->W
281	ITM_WtoHPM	W→	W→	fnUnitConvert	constFactorHpmW | divide	0	0	CAT_NONE	PTP_NONE	SLS_ENABLED	W→hp_M	129 25	W->hpM W->hp_M W→hpM
282	ITM_HPUKtoW	hp␭→	hp␭→	fnUnitConvert	constFactorHpukW | multiply	0	0	CAT_NONE	PTP_NONE	SLS_ENABLED	hp_(UK)→W	129 26	hp(UK)->W hpUK->W
283	ITM_WtoHPUK	W→	W→	fnUnitConvert	constFactorHpukW | divide	0	0	CAT_NONE	PTP_NONE	SLS_ENABLED	W→hp_(UK)	129 27	W->hp(UK) W->hpUK
284	ITM_INCHHGtoPA	inHg→	inHg→	fnUnitConvert	constFactorInhgPa | multiply	0	0	CAT_NONE	PTP_NONE	SLS_ENABLED	inHg→Pa	129 28	inHg->Pa
285	ITM_CUPCtoFZUS	cup␮→	cup␮→	fnUnitConvert	constFactorCupcFzus | multiply	0	0	CAT_NONE	PTP_NONE	SLS_ENABLED	cup_(US)→floz_(US)	129 29	cup(US)->floz(US) cupUS->fzUS
286	ITM_PAtoINCHHG	Pa→	Pa→	fnUnitConvert	constFactorInhgPa | divide	0	0	CAT_NONE	PTP_NONE	SLS_ENABLED	Pa→inHg	129 30	Pa->inHg
287	ITM_CUPCtoML	cup␮→	cup␮→	fnUnitConvert	constFactorCupcMl | multiply	0	0	CAT_NONE	PTP_NONE	SLS_ENABLED	cup_(US)→mℓ	129 31	cup(US)->mL cupUS->mL
288	ITM_INCHtoMM	in→	in→	fnUnitConvert	constFactorInchMm | multiply	0	0	CAT_NONE	PTP_NONE	SLS_ENABLED	in→mm	129 32	in->mm
289	ITM_MMtoINCH	mm→	mm→	fnUnitConvert	constFactorInchMm | divide	0	0	CAT_NONE	PTP_NONE	SLS_ENABLED	mm→in	129 33	mm->in
290	ITM_WHtoJ	Wh→	Wh→	fnUnitConvert	constFactorWhJ | multiply	0	0	CAT_NONE	PTP_NONE	SLS_ENABLED	Wh→J	129 34	Wh->J
291	ITM_JtoWH	J→	J→	fnUnitConvert	constFactorWhJ | divide	0	0	CAT_NONE	PTP_NONE	SLS_ENABLED	J→Wh	129 35	J->Wh
292	ITM_KGtoLBS	kg→	kg→	fnUnitConvert	constFactorLbKg | divide	0	0	CAT_NONE	PTP_NONE	SLS_ENABLED	kg→lb	129 36	\rarr;LB kg->lb →LB
293	ITM_LBStoKG	lbs→	lbs→	fnUnitConvert	constFactorLbKg | multiply	0	0	CAT_NONE	PTP_NONE	SLS_ENABLED	lb→kg	129 37	\rarr;KG lb->kg →KG
294	ITM_GtoOZ	g→	g→	fnUnitConvert	constFactorOzG | divide	0	0	CAT_NONE	PTP_NONE	SLS_ENABLED	g→oz	129 38	g->oz
295	ITM_OZtoG	oz→	oz→	fnUnitConvert	constFactorOzG | multiply	0	0	CAT_NONE	PTP_NONE	SLS_ENABLED	oz→g	129 39	oz->g
296	ITM_KGtoSCW	kg→	kg→	fnUnitConvert	constFactorShortcwtKg | divide	0	0	CAT_NONE	PTP_NONE	SLS_ENABLED	kg→short-cwt	129 40	kg->short-cwt
297	ITM_CUPUKtoFZUK	cup␭→	cup␭→	fnUnitConvert	constFactorCupukFzuk | multiply	0	0	CAT_NONE	PTP_NONE	SLS_ENABLED	cup_(UK)→floz_(UK)	129 41	cup(UK)->floz(UK) cupUK->fzUK
298	ITM_SCWtoKG	short cwt→	short cwt→	fnUnitConvert	constFactorShortcwtKg | multiply	0	0	CAT_NONE	PTP_NONE	SLS_ENABLED	short-cwt→kg	129 42	short-cwt->kg
299	ITM_CUPUKtoML	cup␭→	cup␭→	fnUnitConvert	constFactorCupukMl | multiply	0	0	CAT_NONE	PTP_NONE	SLS_ENABLED	cup_(UK)→mℓ	129 43	cup(UK)->mL cupUK->mL
300	ITM_KGtoSTO	kg→	kg→	fnUnitConvert	constFactorStoneKg | divide	0	0	CAT_NONE	PTP_NONE	SLS_ENABLED	kg→stone	129 44	kg->stone
301	ITM_FZUKtoCUPUK	floz␭→	floz␭→	fnUnitConvert	constFactorFzukCupuk | divide	0	0	CAT_NONE	PTP_NONE	SLS_ENABLED	floz_(UK)→cup(UK)	129 45	floz(UK)->cup(UK) fzUK->cupUK
302	ITM_STOtoKG	stone→	stone→	fnUnitConvert	constFactorStoneKg | multiply	0	0	CAT_NONE	PTP_NONE	SLS_ENABLED	stone→kg	129 46	stone->kg
303	ITM_FZUKtoTBSPUK	floz␭→	floz␭→	fnUnitConvert	constFactorFzukTbspuk | multiply	0	0	CAT_NONE	PTP_NONE	SLS_ENABLED	floz_(UK)→Tbsp(UK)	129 47	floz(UK)->Tbsp(UK) fzUK->tbspUK
304	ITM_KGtoST	kg→	kg→	fnUnitConvert	constFactorShorttonKg | divide	0	0	CAT_NONE	PTP_NONE	SLS_ENABLED	kg→short-ton	129 48	kg->short-ton
305	ITM_FZUKtoTSPUK	floz␭→	floz␭→	fnUnitConvert	constFactorFzukTspuk | multiply	0	0	CAT_NONE	PTP_NONE	SLS_ENABLED	floz_(UK)→tsp(UK)	129 49	floz(UK)->tsp(UK) fzUK->tspUK
306	ITM_FZUStoCUPC	floz␮→	floz␮→	fnUnitConvert	constFactorFzusCupc | divide	0	0	CAT_NONE	PTP_NONE	SLS_ENABLED	floz_(US)→cup(US)	129 50	floz(US)->cup(US) fzUS->cupUS
307	ITM_STtoKG	short ton→	short ton→	fnUnitConvert	constFactorShorttonKg | multiply	0	0	CAT_NONE	PTP_NONE	SLS_ENABLED	short-ton→kg	129 51	short-ton->kg
308	ITM_FZUStoTBSPC	floz␮→	floz␮→	fnUnitConvert	constFactorFzusTbspc | multiply	0	0	CAT_NONE	PTP_NONE	SLS_ENABLED	floz_(US)→Tbsp(US)	129 52	floz(US)->Tbsp(US) fzUS->tbspUS
309	ITM_FZUStoTSPC	floz␮→	floz␮→	fnUnitConvert	constFactorFzusTspc | multiply	0	0	CAT_NONE	PTP_NONE	SLS_ENABLED	floz_(US)→tsp(US)	129 53	floz(US)->tsp(US) fzUS->tspUS
310	ITM_KGtoLT	kg→	kg→	fnUnitConvert	constFactorTonKg | divide	0	0	CAT_NONE	PTP_NONE	SLS_ENABLED	kg→ton	129 54	kg->ton
311	ITM_KGtoLIANG	kg→	kg→	fnUnitConvert	constFactorLiangKg | multiply	0	0	CAT_NONE	PTP_NONE	SLS_ENABLED	kg→liăng	129 55	kg->liang
312	ITM_MLtoCUPC	mℓ→	mℓ→	fnUnitConvert	constFactorMlCupc | divide	0	0	CAT_NONE	PTP_NONE	SLS_ENABLED	mℓ→cup_(US)	129 56	mL->cup(US) mL->cupUS
313	ITM_LTtoKG	long ton→	long ton→	fnUnitConvert	constFactorTonKg | multiply	0	0	CAT_NONE	PTP_NONE	SLS_ENABLED	ton→kg	129 57	ton->kg
314	ITM_LIANGtoKG	liăng→	liăng→	fnUnitConvert	constFactorLiangKg | divide	0	0	CAT_NONE	PTP_NONE	SLS_ENABLED	liăng→kg	129 58	liang->kg liang→kg
315	ITM_MLtoCUPUK	mℓ→	mℓ→	fnUnitConvert	constFactorMlCupuk | divide	0	0	CAT_NONE	PTP_NONE	SLS_ENABLED	mℓ→cup_(UK)	129 59	mL->cup(UK) mL->cupUK
316	ITM_GtoTRZ	g→	g→	fnUnitConvert	constFactorTrozG | divide	0	0	CAT_NONE	PTP_NONE	SLS_ENABLED	g→ozt	129 60	g->ozt g→tru2004oz
317	ITM_MLtoPINTLQ	mℓ→	mℓ→	fnUnitConvert	constFactorMlPintlq | divide	0	0	CAT_NONE	PTP_NONE	SLS_ENABLED	mℓ→pint_(US)	129 61	mL->pint(US)
318	ITM_TRZtoG	tr oz→	tr oz→	fnUnitConvert	constFactorTrozG | multiply	0	0	CAT_NONE	PTP_NONE	SLS_ENABLED	ozt→g	129 62	ozt->g tr oz→g
319	ITM_MLtoPINTUK	mℓ→	mℓ→	fnUnitConvert	constFactorMlPintuk | divide	0	0	CAT_NONE	PTP_NONE	SLS_ENABLED	mℓ→pint_(UK)	129 63	mL->pint(UK)
320	ITM_LBFtoN	lbf→	lbf→	fnUnitConvert	constFactorLbfN | multiply	0	0	CAT_NONE	PTP_NONE	SLS_ENABLED	lbf→N	129 64	lbf->N
321	ITM_NtoLBF	N→	N→	fnUnitConvert	constFactorLbfN | divide	0	0	CAT_NONE	PTP_NONE	SLS_ENABLED	N→lbf	129 65	N->lbf
322	ITM_LYtoM	ly→	ly→	fnUnitConvert	constFactorLyM | multiply	0	0	CAT_NONE	PTP_NONE	SLS_ENABLED	ly→m	129 66	ly->m
323	ITM_MtoLY	m→	m→	fnUnitConvert	constFactorLyM | divide	0	0	CAT_NONE	PTP_NONE	SLS_ENABLED	m→ly	129 67	m->ly
324	ITM_MMHGtoPA	mmHg→	mmHg→	fnUnitConvert	constFactorMmhgPa | multiply	0	0	CAT_NONE	PTP_NONE	SLS_ENABLED	mmHg→Pa	129 68	mmHg->Pa
325	ITM_MLtoQT	mℓ→	mℓ→	fnUnitConvert	constFactorMlQt | divide	0	0	CAT_NONE	PTP_NONE	SLS_ENABLED	mℓ→qt_(UK)	129 69	mL->qt(UK) mL->qtUK
326	ITM_PAtoMMHG	Pa→	Pa→	fnUnitConvert	constFactorMmhgPa | divide	0	0	CAT_NONE	PTP_NONE	SLS_ENABLED	Pa→mmHg	129 70	Pa->mmHg
327	ITM_MLtoQTUS	mℓ→	mℓ→	fnUnitConvert	constFactorMlQtus | divide	0	0	CAT_NONE	PTP_NONE	SLS_ENABLED	mℓ→qt_(US)	129 71	mL->qt(US) mL->qtUS
328	ITM_MItoKM	mi→	mi→	fnUnitConvert	constFactorMiKm | multiply	0	0	CAT_NONE	PTP_NONE	SLS_ENABLED	mi→km	129 72	mi->km
329	ITM_KMtoMI	km→	km→	fnUnitConvert	constFactorMiKm | divide	0	0	CAT_NONE	PTP_NONE	SLS_ENABLED	km→mi	129 73	km->mi
330	ITM_KMtoNMI	km→	km→	fnUnitConvert	constFactorNmiKm | divide	0	0	CAT_NONE	PTP_NONE	SLS_ENABLED	km→nmi	129 74	km->nmi
331	ITM_NMItoKM	nmi→	nmi→	fnUnitConvert	constFactorNmiKm | multiply	0	0	CAT_NONE	PTP_NONE	SLS_ENABLED	nmi→km	129 75	nmi->km
332	ITM_MtoPC	m→	m→	fnUnitConvert	constFactorPcM | divide	0	0	CAT_NONE	PTP_NONE	SLS_ENABLED	m→pc	129 76	m->pc
333	ITM_PCtoM	pc→	pc→	fnUnitConvert	constFactorPcM | multiply	0	0	CAT_NONE	PTP_NONE	SLS_ENABLED	pc→m	129 77	pc->m
334	ITM_MMtoPOINT	mm→	mm→	fnUnitConvert	constFactorPointMm | divide	0	0	CAT_NONE	PTP_NONE	SLS_ENABLED	mm→pt	129 78	mm->pt mm→point
335	ITM_MLtoTBSPC	mℓ→	mℓ→	fnUnitConvert	constFactorMlTbspc | divide	0	0	CAT_NONE	PTP_NONE	SLS_ENABLED	ℓ→Tbsp_(US)	129 79	L->Tbsp(US) L->tbspUS
336	ITM_MILEtoM	mi→	mi→	fnUnitConvert	constFactorMileM | multiply	0	0	CAT_NONE	PTP_NONE	SLS_ENABLED	mi→m	129 80	mi->m
337	ITM_POINTtoMM	point→	point→	fnUnitConvert	constFactorPointMm | multiply	0	0	CAT_NONE	PTP_NONE	SLS_ENABLED	pt→mm	129 81	point→mm pt->mm
338	ITM_MLtoTBSPUK	mℓ→	mℓ→	fnUnitConvert	constFactorMlTbspuk | divide	0	0	CAT_NONE	PTP_NONE	SLS_ENABLED	ℓ→Tbsp_(UK)	129 82	L->Tbsp(UK) L->tbspUK
339	ITM_MtoMILE	m→	m→	fnUnitConvert	constFactorMileM | divide	0	0	CAT_NONE	PTP_NONE	SLS_ENABLED	m→mi	129 83	m->mi
340	ITM_MtoYD	m→	m→	fnUnitConvert	constFactorYardM | divide	0	0	CAT_NONE	PTP_NONE	SLS_ENABLED	m→yd	129 84	m->yd
341	ITM_YDtoM	yd→	yd→	fnUnitConvert	constFactorYardM | multiply	0	0	CAT_NONE	PTP_NONE	SLS_ENABLED	yd→m	129 85	yd->m
342	ITM_PSItoPA	psi→	psi→	fnUnitConvert	constFactorPsiPa | multiply	0	0	CAT_NONE	PTP_NONE	SLS_ENABLED	psi→Pa	129 86	psi->Pa
343	ITM_PAtoPSI	Pa→	Pa→	fnUnitConvert	constFactorPsiPa | divide	0	0	CAT_NONE	PTP_NONE	SLS_ENABLED	Pa→psi	129 87	Pa->psi
344	ITM_PAtoTOR	Pa→	Pa→	fnUnitConvert	constFactorTorrPa | divide	0	0	CAT_NONE	PTP_NONE	SLS_ENABLED	Pa→torr	129 88	Pa->torr
345	ITM_MLtoTSPC	mℓ→	mℓ→	fnUnitConvert	constFactorMlTspc | divide	0	0	CAT_NONE	PTP_NONE	SLS_ENABLED	ℓ→tsp_(US)	129 89	L->tsp(US) L->tspUS
346	ITM_TORtoPA	torr→	torr→	fnUnitConvert	constFactorTorrPa | multiply	0	0	CAT_NONE	PTP_NONE	SLS_ENABLED	torr→Pa	129 90	torr->Pa
347	ITM_MLtoTSPUK	mℓ→	mℓ→	fnUnitConvert	constFactorMlTspuk | divide	0	0	CAT_NONE	PTP_NONE	SLS_ENABLED	ℓ→tsp_(UK)	129 91	L->tsp(UK) L->tspUK
348	ITM_StoYEAR	s→	s→	fnUnitConvert	constFactorYearS | divide	0	0	CAT_NONE	PTP_NONE	SLS_ENABLED	s→year	129 92	s->year
349	ITM_YEARtoS	year→	year→	fnUnitConvert	constFactorYearS | multiply	0	0	CAT_NONE	PTP_NONE	SLS_ENABLED	year→s	129 93	year->s
350	ITM_CARATtoG	carat→	carat→	fnUnitConvert	constFactorCaratG | multiply	0	0	CAT_NONE	PTP_NONE	SLS_ENABLED	ct→g	129 94	carat→g ct->g
351	ITM_PINTLQtoML	pint␮→	pint␮→	fnUnitConvert	constFactorPintlqMl | multiply	0	0	CAT_NONE	PTP_NONE	SLS_ENABLED	pint_(US)→mℓ	129 95	pint(US)->mL
352	ITM_JINtoKG	jīn→	jīn→	fnUnitConvert	constFactorJinKg | divide	0	0	CAT_NONE	PTP_NONE	SLS_ENABLED	jīn→kg	129 96	jin->kg
353	ITM_GtoCARAT	g→	g→	fnUnitConvert	constFactorCaratG | divide	0	0	CAT_NONE	PTP_NONE	SLS_ENABLED	g→ct	129 97	g->ct g→carat
354	ITM_PINTUKtoML	pint␭→	pint␭→	fnUnitConvert	constFactorPintukMl | multiply	0	0	CAT_NONE	PTP_NONE	SLS_ENABLED	pint_(UK)→mℓ	129 98	pint(UK)->mL
355	ITM_KGtoJIN	kg→	kg→	fnUnitConvert	constFactorJinKg | multiply	0	0	CAT_NONE	PTP_NONE	SLS_ENABLED	kg→jīn	129 99	kg->jin
356	ITM_QTtoL	qt␭→	qt␭→	fnUnitConvert	constFactorQuartL | multiply	0	0	CAT_NONE	PTP_NONE	SLS_ENABLED	qt_(UK)→ℓ	129 100	qt(UK)->L qtUK->L
357	ITM_LtoQT	ℓ→	ℓ→	fnUnitConvert	constFactorQuartL | divide	0	0	CAT_NONE	PTP_NONE	SLS_ENABLED	ℓ→qt_(UK)	129 101	L->qt(UK) L->qtUK
358	ITM_FATHOMtoM	fathom→	fathom→	fnUnitConvert	constFactorFathomM | multiply	0	0	CAT_NONE	PTP_NONE	SLS_ENABLED	fathom→m	129 102	fathom->m fm->m fm→m;
359	ITM_QTtoML	qt␭→	qt␭→	fnUnitConvert	constFactorQtMl | multiply	0	0	CAT_NONE	PTP_NONE	SLS_ENABLED	qt_(UK)→mℓ	129 103	qt(UK)->mL qtUK->mL
360	ITM_NMItoM	nmi→	nmi→	fnUnitConvert	constFactorNMiM | multiply	0	0	CAT_NONE	PTP_NONE	SLS_ENABLED	nmi→m	129 104	nmi->m
361	ITM_MtoFATHOM	m→	m→	fnUnitConvert	constFactorFathomM | divide	0	0	CAT_NONE	PTP_NONE	SLS_ENABLED	m→fathom	129 105	m->fathom m->fm mu2192fm
362	ITM_QTUStoML	qt␮→	qt␮→	fnUnitConvert	constFactorQtusMl | multiply	0	0	CAT_NONE	PTP_NONE	SLS_ENABLED	qt_(US)→mℓ	129 106	qt(US)->mL qtUS->mL
363	ITM_MtoNMI	m→	m→	fnUnitConvert	constFactorNMiM | divide	0	0	CAT_NONE	PTP_NONE	SLS_ENABLED	m→nmi	129 107	m->nmi
364	ITM_BARRELtoM3	barrel→	barrel→	fnUnitConvert	constFactorBarrelM3 | multiply	0	0	CAT_NONE	PTP_NONE	SLS_ENABLED	barrel→m³	129 108	barrel->m^3 barrel→m3 bbl->m^3 bbl→³;
365	ITM_TBSPCtoFZUS	Tbsp␮→	Tbsp␮→	fnUnitConvert	constFactorTbspcFzus | divide	0	0	CAT_NONE	PTP_NONE	SLS_ENABLED	Tbsp_(US)→floz_(US)	129 109	Tbsp(US)->floz(US) tbspUS->fzUS
366	ITM_M3toBARREL	mⅣ→	mⅣ→	fnUnitConvert	constFactorBarrelM3 | divide	0	0	CAT_NONE	PTP_NONE	SLS_ENABLED	m³→barrel	129 110	m3→barrel m^3->barrel m^3->bbl m³→bbl
367	ITM_HMStoHR	HMS→	HMS→	fnCvtHMSHR	divide	0	0	CAT_NONE	PTP_NONE	SLS_ENABLED	HMS→HR	129 111	HMS->HR \rarr;HR →HR
368	ITM_HRtoHMS	HR→	HR→	fnCvtHMSHR	multiply	0	0	CAT_NONE	PTP_NONE	SLS_ENABLED	HR→HMS	129 112	HR->HMS \rarr;HMS →HMS
369	ITM_TBSPCtoML	Tbsp␮→	Tbsp␮→	fnUnitConvert	constFactorTbspcMl | multiply	0	0	CAT_NONE	PTP_NONE	SLS_ENABLED	Tbsp_(US)→mℓ	129 113	Tbsp(US)->mL tbspUS->mL
370	ITM_HECTAREtoM2	ha→	ha→	fnUnitConvert	constFactorHectareM2 | multiply	0	0	CAT_NONE	PTP_NONE	SLS_ENABLED	ha→m²	129 114	ha->m^2 ha→m2
371	ITM_M2toHECTARE	mⅢ→	mⅢ→	fnUnitConvert	constFactorHectareM2 | divide	0	0	CAT_NONE	PTP_NONE	SLS_ENABLED	m²→ha	129 115	m2→ha m^2->ha
372	ITM_MUtoM2	mŭ→	mŭ→	fnUnitConvert	constFactorMuM2 | divide	0	0	CAT_NONE	PTP_NONE	SLS_ENABLED	mǔ→m²	129 116	mu->m^2 mŭ→m2
373	ITM_M2toMU	mⅢ→	mⅢ→	fnUnitConvert	constFactorMuM2 | multiply	0	0	CAT_NONE	PTP_NONE	SLS_ENABLED	m²→mǔ	129 117	m2→mŭ m2→mǔ m^2->mu
374	ITM_LItoM	lĭ→	lĭ→	fnUnitConvert	constFactorLiM | multiply	0	0	CAT_NONE	PTP_NONE	SLS_ENABLED	lǐ→m	129 118	li->m lĭ→m
375	ITM_MtoLI	m→	m→	fnUnitConvert	constFactorLiM | divide	0	0	CAT_NONE	PTP_NONE	SLS_ENABLED	m→lǐ	129 119	m->li
376	ITM_CHItoM	chĭ→	chĭ→	fnUnitConvert	constFactorChiM | divide	0	0	CAT_NONE	PTP_NONE	SLS_ENABLED	chǐ→m	129 120	chi->m chĭ→m
377	ITM_MtoCHI	m→	m→	fnUnitConvert	constFactorChiM | multiply	0	0	CAT_NONE	PTP_NONE	SLS_ENABLED	m→chǐ	129 121	m->chi
378	ITM_YINtoM	yĭn→	yĭn→	fnUnitConvert	constFactorYinM | divide	0	0	CAT_NONE	PTP_NONE	SLS_ENABLED	yǐn→m	129 122	yin->m
379	ITM_MtoYIN	m→	m→	fnUnitConvert	constFactorYinM | multiply	0	0	CAT_NONE	PTP_NONE	SLS_ENABLED	m→yǐn	129 123	m->yin
380	ITM_CUNtoM	cùn→	cùn→	fnUnitConvert	constFactorCunM | divide	0	0	CAT_NONE	PTP_NONE	SLS_ENABLED	cùn→m	129 124	cun->m
381	ITM_MtoCUN	m→	m→	fnUnitConvert	constFactorCunM | multiply	0	0	CAT_NONE	PTP_NONE	SLS_ENABLED	m→cùn	129 125	m->cun
382	ITM_ZHANGtoM	zhàng→	zhàng→	fnUnitConvert	constFactorZhangM | divide	0	0	CAT_NONE	PTP_NONE	SLS_ENABLED	zhàng→m	129 126	zhang->m
383	ITM_TBSPUKtoFZUK	tbsp␭→	tbsp␭→	fnUnitConvert	constFactorTbspukFzuk | divide	0	0	CAT_NONE	PTP_NONE	SLS_ENABLED	Tbsp_(UK)→floz_(UK)	129 127	Tbsp(UK)->floz(UK) tbspUK->fzUK
384	ITM_MtoZHANG	m→	m→	fnUnitConvert	constFactorZhangM | multiply	0	0	CAT_NONE	PTP_NONE	SLS_ENABLED	m→zhàng	129 128	m->zhang
385	ITM_TBSPUKtoML	tbsp␭→	tbsp␭→	fnUnitConvert	constFactorTbspukMl | multiply	0	0	CAT_NONE	PTP_NONE	SLS_ENABLED	Tbsp_(UK)→mℓ	129 129	Tbsp(UK)->mL tbspUK->mL
386	ITM_FENtoM	fēn→	fēn→	fnUnitConvert	constFactorFenM | divide	0	0	CAT_NONE	PTP_NONE	SLS_ENABLED	fēn→m	129 130	fen->m
387	ITM_MtoFEN	m→	m→	fnUnitConvert	constFactorFenM | multiply	0	0	CAT_NONE	PTP_NONE	SLS_ENABLED	m→fēn	129 131	m->fen
388	ITM_MI2toKM2	miⅢ→	miⅢ→	fnUnitConvert	constFactorMi2Km2 | multiply	0	0	CAT_NONE	PTP_NONE	SLS_ENABLED	mi²→km²	129 132	mi2→km2 mi^2->km^2
389	ITM_KM2toMI2	kmⅢ→	kmⅢ→	fnUnitConvert	constFactorMi2Km2 | divide	0	0	CAT_NONE	PTP_NONE	SLS_ENABLED	km²→mi²	129 133	km2→mi2 km^2->mi^2
390	ITM_NMI2toKM2	nmiⅢ→	nmiⅢ→	fnUnitConvert	constFactorNmi2Km2 | multiply	0	0	CAT_NONE	PTP_NONE	SLS_ENABLED	nmi²→km²	129 134	nmi2→km2 nmi^2->km^2
391	ITM_KM2toNMI2	kmⅢ→	kmⅢ→	fnUnitConvert	constFactorNmi2Km2 | divide	0	0	CAT_NONE	PTP_NONE	SLS_ENABLED	km²→nmi²	129 135	km2→nmi2 km^2->nmi^2
392	ITM_TSPCtoFZUS	tsp␮→	tsp␮→	fnUnitConvert	constFactorTspcFzus | divide	0	0	CAT_NONE	PTP_NONE	SLS_ENABLED	tsp_(US)→floz_(US)	129 136	tsp(US)->floz(US) tspUS->fzUS
393	ITM_TSPCtoML	tsp␮→	tsp␮→	fnUnitConvert	constFactorTspcMl | multiply	0	0	CAT_NONE	PTP_NONE	SLS_ENABLED	tsp_(US)→mℓ	129 137	tsp(US)->mL tspUS->mL
394	ITM_TSPUKtoFZUK	tsp␭→	tsp␭→	fnUnitConvert	constFactorTspukFzuk | divide	0	0	CAT_NONE	PTP_NONE	SLS_ENABLED	tsp_(UK)→floz_(UK)	129 138	tsp(UK)->floz(UK) tspUK->fzUK
395	ITM_TSPUKtoML	tsp␭→	tsp␭→	fnUnitConvert	constFactorTspukMl | multiply	0	0	CAT_NONE	PTP_NONE	SLS_ENABLED	tsp_(UK)→mℓ	129 139	tsp(UK)->mL tspUK->mL
396	ITM_FCC	FC?C	FC?C	fnIsFlagClearClear	TM_FLAGW	0	99	CAT_FNCT	PTP_FLAG	SLS_ENABLED	FC?C	129 140	
397	ITM_FCS	FC?S	FC?S	fnIsFlagClearSet	TM_FLAGW	0	99	CAT_FNCT	PTP_FLAG	SLS_ENABLED	FC?S	129 141	
398	ITM_FCF	FC?F	FC?F	fnIsFlagClearFlip	TM_FLAGW	0	99	CAT_FNCT	PTP_FLAG	SLS_ENABLED	FC?F	129 142	
399	ITM_FSC	FS?C	FS?C	fnIsFlagSetClear	TM_FLAGW	0	99	CAT_FNCT	PTP_FLAG	SLS_ENABLED	FS?C	129 143	
400	ITM_FSS	FS?S	FS?S	fnIsFlagSetSet	TM_FLAGW	0	99	CAT_FNCT	PTP_FLAG	SLS_ENABLED	FS?S	129 144	
401	ITM_FSF	FS?F	FS?F	fnIsFlagSetFlip	TM_FLAGW	0	99	CAT_FNCT	PTP_FLAG	SLS_ENABLED	FS?F	129 145	
402	ITM_LOGICALNAND	NAND	NAND	fnLogicalNand	NOPARAM	0	0	CAT_FNCT	PTP_NONE	SLS_ENABLED	NAND	129 146	
403	ITM_LOGICALNOR	NOR	NOR	fnLogicalNor	NOPARAM	0	0	CAT_FNCT	PTP_NONE	SLS_ENABLED	NOR	129 147	
404	ITM_LOGICALXNOR	XNOR	XNOR	fnLogicalXnor	NOPARAM	0	0	CAT_FNCT	PTP_NONE	SLS_ENABLED	XNOR	129 148	
405	ITM_BS	BS?	BS?	fnBs	TM_VALUE	0	63	CAT_FNCT	PTP_NUMBER_8	SLS_ENABLED	BS?	129 149	
406	ITM_BC	BC?	BC?	fnBc	TM_VALUE	0	63	CAT_FNCT	PTP_NUMBER_8	SLS_ENABLED	BC?	129 150	
407	ITM_CB	CB	CB	fnCb	TM_VALUE	0	63	CAT_FNCT	PTP_NUMBER_8	SLS_ENABLED	CB	129 151	
408	ITM_SB	SB	SB	fnSb	TM_VALUE	0	63	CAT_FNCT	PTP_NUMBER_8	SLS_ENABLED	SB	129 152	
409	ITM_FB	FB	FB	fnFb	TM_VALUE	0	63	CAT_FNCT	PTP_NUMBER_8	SLS_ENABLED	FB	129 153	
410	ITM_RL	RLn	RLn	fnRl	TM_VALUE	0	63	CAT_FNCT	PTP_NUMBER_8	SLS_ENABLED	RLn	129 154	
411	ITM_RLC	RLCn	RLCn	fnRlc	TM_VALUE	0	63	CAT_FNCT	PTP_NUMBER_8	SLS_ENABLED	RLCn	129 155	
412	ITM_RR	RRn	RRn	fnRr	TM_VALUE	0	63	CAT_FNCT	PTP_NUMBER_8	SLS_ENABLED	RRn	129 156	
413	ITM_RRC	RRCn	RRCn	fnRrc	TM_VALUE	0	63	CAT_FNCT	PTP_NUMBER_8	SLS_ENABLED	RRCn	129 157	
414	ITM_SL	SLn	SLn	fnSl	TM_VALUE	0	63	CAT_FNCT	PTP_NUMBER_8	SLS_ENABLED	SLn	129 158	
415	ITM_SR	SRn	SRn	fnSr	TM_VALUE	0	63	CAT_FNCT	PTP_NUMBER_8	SLS_ENABLED	SRn	129 159	
416	ITM_ASR	ASRn	ASRn	fnAsr	TM_VALUE	0	63	CAT_FNCT	PTP_NUMBER_8	SLS_ENABLED	ASRn	129 160	
417	ITM_LJ	LJ	LJ	fnLj	NOPARAM	0	0	CAT_FNCT	PTP_NONE	SLS_ENABLED	LJ	129 161	
418	ITM_RJ	RJ	RJ	fnRj	NOPARAM	0	0	CAT_FNCT	PTP_NONE	SLS_ENABLED	RJ	129 162	
419	ITM_MASKL	MASKL	MASKL	fnMaskl	TM_VALUE	0	64	CAT_FNCT	PTP_NUMBER_8	SLS_ENABLED	MASKL	129 163	
420	ITM_MASKR	MASKR	MASKR	fnMaskr	TM_VALUE	0	64	CAT_FNCT	PTP_NUMBER_8	SLS_ENABLED	MASKR	129 164	
421	ITM_MIRROR	MIRROR	MIRROR	fnMirror	NOPARAM	0	0	CAT_FNCT	PTP_NONE	SLS_ENABLED	MIRROR	129 165	
422	ITM_NUMB	#B	#B	fnCountBits	NOPARAM	0	0	CAT_FNCT	PTP_NONE	SLS_ENABLED	#B	129 166	
423	ITM_SDL	SDL	SDL	fnSdl	TM_VALUE	0	99	CAT_FNCT	PTP_NUMBER_8	SLS_ENABLED	SDL	129 167	
424	ITM_SDR	SDR	SDR	fnSdr	TM_VALUE	0	99	CAT_FNCT	PTP_NUMBER_8	SLS_ENABLED	SDR	129 168	
425	ITM_ZIP	ZIP	ZIP	fnZip	NOPARAM	0	0	CAT_FNCT	PTP_NONE	SLS_ENABLED	ZIP	129 169	
426	ITM_UNZIP	UNZIP	UNZIP	fnUnzip	NOPARAM	0	0	CAT_FNCT	PTP_NONE	SLS_ENABLED	UNZIP	129 170	
433	ITM_SIGMAPLUS	Σ+	Σ+	fnSigmaAddRem	SIGMA_PLUS	0	0	CAT_FNCT	PTP_NONE	SLS_DISABLED	Σ+	129 177	SUM+ \Sig;+
434	ITM_SIGMAMINUS	Σ-	Σ-	fnSigmaAddRem	SIGMA_MINUS	0	0	CAT_FNCT	PTP_NONE	SLS_DISABLED	Σ-	129 178	SUM- \Sig;-
435	ITM_NSIGMA	nΣ	n	fnStatSum	0	0	0	CAT_FNCT	PTP_NONE	SLS_ENABLED	nΣ	129 179	n nSUM ΣN
436	ITM_SIGMAx	Σx	Σx	fnStatSum	SUM_X	0	0	CAT_FNCT	PTP_NONE	SLS_ENABLED	Σ𝑥	129 180	SUM SUMx \Sig;x ΣX Σx
437	ITM_SIGMAy	Σy	Σy	fnStatSum	SUM_Y	0	0	CAT_FNCT	PTP_NONE	SLS_ENABLED	Σ𝑦	129 181	SUMy \Sig;y ΣY Σy
438	ITM_SIGMAx2	ΣxⅢ	ΣxⅢ	fnStatSum	SUM_X2	0	0	CAT_FNCT	PTP_NONE	SLS_ENABLED	Σ𝑥²	129 182	SUMx^2 \Sig;x\sqr; ΣX2 ΣX^2 Σx^2 Σx²
439	ITM_SIGMAx2y	ΣxⅢy	ΣxⅢy	fnStatSum	SUM_X2Y	0	0	CAT_FNCT	PTP_NONE	SLS_ENABLED	Σ𝑥²𝑦	129 183	SUMx^2y
440	ITM_SIGMAy2	ΣyⅢ	ΣyⅢ	fnStatSum	SUM_Y2	0	0	CAT_FNCT	PTP_NONE	SLS_ENABLED	Σ𝑦²	129 184	SUMy^2 \Sig;y\sqr; ΣY2 ΣY^2 Σy2 Σy^2 Σy²
441	ITM_SIGMAxy	Σxy	Σxy	fnStatSum	SUM_XY	0	0	CAT_FNCT	PTP_NONE	SLS_ENABLED	Σ𝑥𝑦	129 185	SUMxy \Sig;xy ΣXY Σxy
442	ITM_SIGMAlnxy	Σlnx· lny	Σlnx· lny	fnStatSum	SUM_lnXlnY	0	0	CAT_FNCT	PTP_NONE	SLS_ENABLED	Σln𝑥·ln𝑦	129 186	SUMlnx*lny Σlnx*lny
443	ITM_SIGMAlnx	Σlnx	Σlnx	fnStatSum	SUM_lnX	0	0	CAT_FNCT	PTP_NONE	SLS_ENABLED	Σln𝑥	129 187	SUMlnx Σlnx
444	ITM_SIGMAln2x	ΣlnⅢx	ΣlnⅢx	fnStatSum	SUM_ln2X	0	0	CAT_FNCT	PTP_NONE	SLS_ENABLED	Σln²x	129 188	SUMln^2x Σln^2x
445	ITM_SIGMAylnx	Σy· lnx	Σy· lnx	fnStatSum	SUM_YlnX	0	0	CAT_FNCT	PTP_NONE	SLS_ENABLED	Σ𝑦·ln𝑥	129 189	SUMy*lnx Σy*lnx
446	ITM_SIGMAlny	Σlny	Σlny	fnStatSum	SUM_lnY	0	0	CAT_FNCT	PTP_NONE	SLS_ENABLED	Σln𝑦	129 190	SUMlny Σlny
447	ITM_SIGMAln2y	ΣlnⅢy	ΣlnⅢy	fnStatSum	SUM_ln2Y	0	0	CAT_FNCT	PTP_NONE	SLS_ENABLED	Σln²𝑦	129 191	SUMln^2y Σln^2y
448	ITM_SIGMAxlny	Σx· lny	Σx· lny	fnStatSum	SUM_XlnY	0	0	CAT_FNCT	PTP_NONE	SLS_ENABLED	Σ𝑥·ln𝑦	129 192	SUMx*lny Σx*lny
449	ITM_SIGMAx2lny	ΣxⅢ· lny	ΣxⅢ· lny	fnStatSum	SUM_X2lnY	0	0	CAT_FNCT	PTP_NONE	SLS_ENABLED	Σ𝑥²·ln𝑦	129 193	SUMx^2*lny Σx^2*lny
450	ITM_SIGMAlnyonx	ΣxⅫⅡ· lny	ΣxⅫⅡ· lny	fnStatSum	SUM_lnYonX	0	0	CAT_FNCT	PTP_NONE	SLS_ENABLED	Σ𝑥⁻¹·ln𝑦	129 194	SUMx^-1*lny Σx^-1*lny
451	ITM_SIGMAx2ony	ΣxⅢyⅫⅡ	ΣxⅢyⅫⅡ	fnStatSum	SUM_X2onY	0	0	CAT_FNCT	PTP_NONE	SLS_ENABLED	Σ𝑥²𝑦⁻¹	129 195	SUMx^2y^-1 Σx^2y^-1
452	ITM_SIGMA1onx	ΣxⅫⅡ	ΣxⅫⅡ	fnStatSum	SUM_1onX	0	0	CAT_FNCT	PTP_NONE	SLS_ENABLED	Σ𝑥⁻¹	129 196	SUMx^-1 Σx^-1
453	ITM_SIGMA1onx2	ΣxⅫⅢ	ΣxⅫⅢ	fnStatSum	SUM_1onX2	0	0	CAT_FNCT	PTP_NONE	SLS_ENABLED	Σ𝑥⁻²	129 197	SUMx^-2 Σx^-2
454	ITM_SIGMAxony	ΣxyⅫⅡ	ΣxyⅫⅡ	fnStatSum	SUM_XonY	0	0	CAT_FNCT	PTP_NONE	SLS_ENABLED	Σ𝑥𝑦⁻¹	129 198	SUMxy^-1 Σxy^-1
455	ITM_SIGMA1ony	ΣyⅫⅡ	ΣyⅫⅡ	fnStatSum	SUM_1onY	0	0	CAT_FNCT	PTP_NONE	SLS_ENABLED	Σ𝑦⁻¹	129 199	SUMy^-1 Σy^-1
456	ITM_SIGMA1ony2	ΣyⅫⅢ	ΣyⅫⅢ	fnStatSum	SUM_1onY2	0	0	CAT_FNCT	PTP_NONE	SLS_ENABLED	Σ𝑦⁻²	129 200	SUMy^-2 Σy^-2
457	ITM_SIGMAx3	ΣxⅣ	ΣxⅣ	fnStatSum	SUM_X3	0	0	CAT_FNCT	PTP_NONE	SLS_ENABLED	Σ𝑥³	129 201	SUMx^3
458	ITM_SIGMAx4	ΣxⅤ	ΣxⅤ	fnStatSum	SUM_X4	0	0	CAT_FNCT	PTP_NONE	SLS_ENABLED	Σ𝑥⁴	129 202	SUMx^4
463		TDM24	TDM24	fnGetSystemFlag	FLAG_TDM24	0	0	CAT_SYFL	PTP_DISABLED	SLS_ENABLED			
464		YMD	YMD	fnGetSystemFlag	FLAG_YMD	0	0	CAT_SYFL	PTP_DISABLED	SLS_ENABLED			
465		DMY	DMY	fnGetSystemFlag	FLAG_DMY	0	0	CAT_SYFL	PTP_DISABLED	SLS_ENABLED			
466		MDY	MDY	fnGetSystemFlag	FLAG_MDY	0	0	CAT_SYFL	PTP_DISABLED	SLS_ENABLED			
467		CPXRES	CPXRES	fnGetSystemFlag	FLAG_CPXRES	0	0	CAT_SYFL	PTP_DISABLED	SLS_ENABLED			
468		CPXⅉ	CPXⅉ	fnGetSystemFlag	FLAG_CPXj	0	0	CAT_SYFL	PTP_DISABLED	SLS_ENABLED			
469		POLAR	POLAR	fnGetSystemFlag	FLAG_POLAR	0	0	CAT_SYFL	PTP_DISABLED	SLS_ENABLED			
470		FRACT	FRACT	fnGetSystemFlag	FLAG_FRACT	0	0	CAT_SYFL	PTP_DISABLED	SLS_ENABLED			
471		PROPFR	PROPFR	fnGetSystemFlag	FLAG_PROPFR	0	0	CAT_SYFL	PTP_DISABLED	SLS_ENABLED			
472		DENANY	DENANY	fnGetSystemFlag	FLAG_DENANY	0	0	CAT_SYFL	PTP_DISABLED	SLS_ENABLED			
473		DENFIX	DENFIX	fnGetSystemFlag	FLAG_DENFIX	0	0	CAT_SYFL	PTP_DISABLED	SLS_ENABLED			
474		CARRY	CARRY	fnGetSystemFlag	FLAG_CARRY	0	0	CAT_SYFL	PTP_DISABLED	SLS_ENABLED			
475		OVERFL	OVERFL	fnGetSystemFlag	FLAG_OVERFLOW	0	0	CAT_SYFL	PTP_DISABLED	SLS_ENABLED			
476		LEAD.0	LEAD.0	fnGetSystemFlag	FLAG_LEAD0	0	0	CAT_SYFL	PTP_DISABLED	SLS_ENABLED			
477		ALPHA	ALPHA	fnGetSystemFlag	FLAG_ALPHA	0	0	CAT_SYFL	PTP_DISABLED	SLS_ENABLED			
478		αCAP	αCAP	fnGetSystemFlag	FLAG_alphaCAP	0	0	CAT_SYFL	PTP_DISABLED	SLS_ENABLED			
479		RUNTIM	RUNTIM	fnGetSystemFlag	FLAG_RUNTIM	0	0	CAT_SYFL	PTP_DISABLED	SLS_ENABLED			
480		HP12C	HP12C	fnGetSystemFlag	FLAG_AMORT_HP12C	0	0	CAT_SYFL	PTP_DISABLED	SLS_ENABLED			
481		PLimp	PLimp	fnGetSystemFlag	FLAG_IMPLOT	0	0	CAT_SYFL	PTP_DISABLED	SLS_ENABLED			
482		⎙TRACE	⎙TRACE	fnGetSystemFlag	FLAG_TRACE	0	0	CAT_SYFL	PTP_DISABLED	SLS_ENABLED			
483		USER	USER	fnGetSystemFlag	FLAG_USER	0	0	CAT_SYFL	PTP_DISABLED	SLS_ENABLED			
484		LOWBAT	LOWBAT	fnGetSystemFlag	FLAG_LOWBAT	0	0	CAT_SYFL	PTP_DISABLED	SLS_ENABLED			
485		SLOW	SLOW	fnGetSystemFlag	FLAG_SLOW	0	0	CAT_SYFL	PTP_DISABLED	SLS_ENABLED			
486		SPCRES	SPCRES	fnGetSystemFlag	FLAG_SPCRES	0	0	CAT_SYFL	PTP_DISABLED	SLS_ENABLED			
487		SSIZE8	SSIZE8	fnGetSystemFlag	FLAG_SSIZE8	0	0	CAT_SYFL	PTP_DISABLED	SLS_ENABLED			
488		QUIET	QUIET	fnGetSystemFlag	FLAG_QUIET	0	0	CAT_SYFL	PTP_DISABLED	SLS_ENABLED			
489		WRPEND	WRPEND	fnGetSystemFlag	FLAG_WRAPEND	0	0	CAT_SYFL	PTP_DISABLED	SLS_ENABLED			
490		MULT×	MULT×	fnGetSystemFlag	FLAG_MULTx	0	0	CAT_SYFL	PTP_DISABLED	SLS_ENABLED			
491		ENGOVR	ENGOVR	fnGetSystemFlag	FLAG_ENGOVR	0	0	CAT_SYFL	PTP_DISABLED	SLS_ENABLED			
492		GROW	GROW	fnGetSystemFlag	FLAG_GROW	0	0	CAT_SYFL	PTP_DISABLED	SLS_ENABLED			
493		AUTOFF	AUTOFF	fnGetSystemFlag	FLAG_AUTOFF	0	0	CAT_SYFL	PTP_DISABLED	SLS_ENABLED			
494		AUTXEQ	AUTXEQ	fnGetSystemFlag	FLAG_AUTXEQ	0	0	CAT_SYFL	PTP_DISABLED	SLS_ENABLED			
495		⎙ACT	⎙ACT	fnGetSystemFlag	FLAG_PRTACT	0	0	CAT_SYFL	PTP_DISABLED	SLS_ENABLED			
496		NUM.IN	NUM.IN	fnGetSystemFlag	FLAG_NUMIN	0	0	CAT_SYFL	PTP_DISABLED	SLS_ENABLED			
497		ALP.IN	ALP.IN	fnGetSystemFlag	FLAG_ALPIN	0	0	CAT_SYFL	PTP_DISABLED	SLS_ENABLED			
498		ASLIFT	ASLIFT	fnGetSystemFlag	FLAG_ASLIFT	0	0	CAT_SYFL	PTP_DISABLED	SLS_ENABLED			
499		IGN1ER	IGN1ER	fnGetSystemFlag	FLAG_IGN1ER	0	0	CAT_SYFL	PTP_DISABLED	SLS_ENABLED			
500		INTING	INTING	fnGetSystemFlag	FLAG_INTING	0	0	CAT_SYFL	PTP_DISABLED	SLS_ENABLED			
501		SOLVING	SOLVING	fnGetSystemFlag	FLAG_SOLVING	0	0	CAT_SYFL	PTP_DISABLED	SLS_ENABLED			
502		VMDISP	VMDISP	fnGetSystemFlag	FLAG_VMDISP	0	0	CAT_SYFL	PTP_DISABLED	SLS_ENABLED			
503		USB	USB	fnGetSystemFlag	FLAG_USB	0	0	CAT_SYFL	PTP_DISABLED	SLS_ENABLED			
504		ENDPMT	ENDPMT	fnGetSystemFlag	FLAG_ENDPMT	0	0	CAT_SYFL	PTP_DISABLED	SLS_ENABLED			
505		FRCSRN	FRCSRN	fnGetSystemFlag	FLAG_FRCSRN	0	0	CAT_SYFL	PTP_DISABLED	SLS_ENABLED			
506		RPⓗⓟ	RPⓗⓟ	fnGetSystemFlag	FLAG_HPRP	0	0	CAT_SYFL	PTP_DISABLED	SLS_ENABLED			
507		SBdate	SBdate	fnGetSystemFlag	FLAG_SBdate	0	0	CAT_SYFL	PTP_DISABLED	SLS_ENABLED			
508		SBtime	SBtime	fnGetSystemFlag	FLAG_SBtime	0	0	CAT_SYFL	PTP_DISABLED	SLS_ENABLED			
509		SBcr	SBcr	fnGetSystemFlag	FLAG_SBcr	0	0	CAT_SYFL	PTP_DISABLED	SLS_ENABLED			
510		SBcpx	SBcpx	fnGetSystemFlag	FLAG_SBcpx	0	0	CAT_SYFL	PTP_DISABLED	SLS_ENABLED			
511		SBang	SBang	fnGetSystemFlag	FLAG_SBang	0	0	CAT_SYFL	PTP_DISABLED	SLS_ENABLED			
512		SBfrac	SBfrac	fnGetSystemFlag	FLAG_SBfrac	0	0	CAT_SYFL	PTP_DISABLED	SLS_ENABLED			
513		SBint	SBint	fnGetSystemFlag	FLAG_SBint	0	0	CAT_SYFL	PTP_DISABLED	SLS_ENABLED			
514		SBmx	SBmx	fnGetSystemFlag	FLAG_SBmx	0	0	CAT_SYFL	PTP_DISABLED	SLS_ENABLED			
515		SBtvm	SBtvm	fnGetSystemFlag	FLAG_SBtvm	0	0	CAT_SYFL	PTP_DISABLED	SLS_ENABLED			
516		SBoc	SBoc	fnGetSystemFlag	FLAG_SBoc	0	0	CAT_SYFL	PTP_DISABLED	SLS_ENABLED			
517		SBss	SBss	fnGetSystemFlag	FLAG_SBss	0	0	CAT_SYFL	PTP_DISABLED	SLS_ENABLED			
518		SBstw	SBstw	fnGetSystemFlag	FLAG_SBstpw	0	0	CAT_SYFL	PTP_DISABLED	SLS_ENABLED			
519		SBser	SBser	fnGetSystemFlag	FLAG_SBser	0	0	CAT_SYFL	PTP_DISABLED	SLS_ENABLED			
520		SBprn	SBprn	fnGetSystemFlag	FLAG_SBprn	0	0	CAT_SYFL	PTP_DISABLED	SLS_ENABLED			
521		SBbatV	SBbatV	fnGetSystemFlag	FLAG_SBbatV	0	0	CAT_SYFL	PTP_DISABLED	SLS_ENABLED			
522		SBshfR	SBshfR	fnGetSystemFlag	FLAG_SBshfR	0	0	CAT_SYFL	PTP_DISABLED	SLS_ENABLED			
523		BASEⓗⓟ	BASEⓗⓟ	fnGetSystemFlag	FLAG_HPBASE	0	0	CAT_SYFL	PTP_DISABLED	SLS_ENABLED			
524		1024⒏	1024⒏	fnGetSystemFlag	FLAG_2TO10	0	0	CAT_SYFL	PTP_DISABLED	SLS_ENABLED			
525		KEY.LP	KEY.LP	fnGetSystemFlag	FLAG_SH_LONGPRESS	0	0	CAT_SYFL	PTP_DISABLED	SLS_ENABLED			
526		WRPEDG	WRPEDG	fnGetSystemFlag	FLAG_WRAPEDG	0	0	CAT_SYFL	PTP_DISABLED	SLS_ENABLED			
527	ITM_REG_X	X	X	addItemToBuffer	REGISTER_X	0	0	CAT_REGS	PTP_DISABLED	SLS_UNCHANGED			
528	ITM_REG_Y	Y	Y	addItemToBuffer	REGISTER_Y	0	0	CAT_REGS	PTP_DISABLED	SLS_UNCHANGED			
529	ITM_REG_Z	Z	Z	addItemToBuffer	REGISTER_Z	0	0	CAT_REGS	PTP_DISABLED	SLS_UNCHANGED			
530	ITM_REG_T	T	T	addItemToBuffer	REGISTER_T	0	0	CAT_REGS	PTP_DISABLED	SLS_UNCHANGED			
531	ITM_REG_A	A	A	addItemToBuffer	REGISTER_A	0	0	CAT_REGS	PTP_DISABLED	SLS_UNCHANGED			
532	ITM_REG_B	B	B	addItemToBuffer	REGISTER_B	0	0	CAT_REGS	PTP_DISABLED	SLS_UNCHANGED			
533	ITM_REG_C	C	C	addItemToBuffer	REGISTER_C	0	0	CAT_REGS	PTP_DISABLED	SLS_UNCHANGED			
534	ITM_REG_D	D	D	addItemToBuffer	REGISTER_D	0	0	CAT_REGS	PTP_DISABLED	SLS_UNCHANGED			
535	ITM_REG_L	L	L	addItemToBuffer	REGISTER_L	0	0	CAT_REGS	PTP_DISABLED	SLS_UNCHANGED			
536	ITM_REG_I	I	I	addItemToBuffer	REGISTER_I	0	0	CAT_REGS	PTP_DISABLED	SLS_UNCHANGED			
537	ITM_REG_J	J	J	addItemToBuffer	REGISTER_J	0	0	CAT_REGS	PTP_DISABLED	SLS_UNCHANGED			
538	ITM_REG_K	K	K	addItemToBuffer	REGISTER_K	0	0	CAT_REGS	PTP_DISABLED	SLS_UNCHANGED			
539	ITM_INDIRECTION	→	→	addItemToBuffer	ITM_INDIRECTION	0	0	CAT_NONE	PTP_DISABLED	SLS_UNCHANGED			
540	ITM_0		0	addItemToBuffer	ITM_0	0	0	CAT_NONE	PTP_DISABLED	SLS_UNCHANGED			
541	ITM_1		1	addItemToBuffer	ITM_1	0	0	CAT_NONE	PTP_DISABLED	SLS_UNCHANGED			
542	ITM_2		2	addItemToBuffer	ITM_2	0	0	CAT_NONE	PTP_DISABLED	SLS_UNCHANGED			
543	ITM_3		3	addItemToBuffer	ITM_3	0	0	CAT_NONE	PTP_DISABLED	SLS_UNCHANGED			
544	ITM_4		4	addItemToBuffer	ITM_4	0	0	CAT_NONE	PTP_DISABLED	SLS_UNCHANGED			
545	ITM_5		5	addItemToBuffer	ITM_5	0	0	CAT_NONE	PTP_DISABLED	SLS_UNCHANGED			
546	ITM_6		6	addItemToBuffer	ITM_6	0	0	CAT_NONE	PTP_DISABLED	SLS_UNCHANGED			
547	ITM_7		7	addItemToBuffer	ITM_7	0	0	CAT_NONE	PTP_DISABLED	SLS_UNCHANGED			
548	ITM_8		8	addItemToBuffer	ITM_8	0	0	CAT_NONE	PTP_DISABLED	SLS_UNCHANGED			
549	ITM_9		9	addItemToBuffer	ITM_9	0	0	CAT_NONE	PTP_DISABLED	SLS_UNCHANGED			
550	ITM_A	A	A	addItemToBuffer	ITM_A	0	0	CAT_NONE	PTP_DISABLED	SLS_UNCHANGED			
551	ITM_B	B	B	addItemToBuffer	ITM_B	0	0	CAT_NONE	PTP_DISABLED	SLS_UNCHANGED			
552	ITM_C	C	C	addItemToBuffer	ITM_C	0	0	CAT_NONE	PTP_DISABLED	SLS_UNCHANGED			
553	ITM_D	D	D	addItemToBuffer	ITM_D	0	0	CAT_NONE	PTP_DISABLED	SLS_UNCHANGED			
554	ITM_E	E	E	addItemToBuffer	ITM_E	0	0	CAT_NONE	PTP_DISABLED	SLS_UNCHANGED			
555	ITM_F	F	F	addItemToBuffer	ITM_F	0	0	CAT_NONE	PTP_DISABLED	SLS_UNCHANGED			
556	ITM_G	G	G	addItemToBuffer	ITM_G	0	0	CAT_NONE	PTP_DISABLED	SLS_UNCHANGED			
557	ITM_H	H	H	addItemToBuffer	ITM_H	0	0	CAT_NONE	PTP_DISABLED	SLS_UNCHANGED			
558	ITM_I	I	I	addItemToBuffer	ITM_I	0	0	CAT_NONE	PTP_DISABLED	SLS_UNCHANGED			
559	ITM_J	J	J	addItemToBuffer	ITM_J	0	0	CAT_NONE	PTP_DISABLED	SLS_UNCHANGED			
560	ITM_K	K	K	addItemToBuffer	ITM_K	0	0	CAT_NONE	PTP_DISABLED	SLS_UNCHANGED			
561	ITM_L	L	L	addItemToBuffer	ITM_L	0	0	CAT_NONE	PTP_DISABLED	SLS_UNCHANGED			
562	ITM_M	M	M	addItemToBuffer	ITM_M	0	0	CAT_NONE	PTP_DISABLED	SLS_UNCHANGED			
563	ITM_N	N	N	addItemToBuffer	ITM_N	0	0	CAT_NONE	PTP_DISABLED	SLS_UNCHANGED			
564	ITM_O	O	O	addItemToBuffer	ITM_O	0	0	CAT_NONE	PTP_DISABLED	SLS_UNCHANGED			
565	ITM_P	P	P	addItemToBuffer	ITM_P	0	0	CAT_NONE	PTP_DISABLED	SLS_UNCHANGED			
566	ITM_Q	Q	Q	addItemToBuffer	ITM_Q	0	0	CAT_NONE	PTP_DISABLED	SLS_UNCHANGED			
567	ITM_R	R	R	addItemToBuffer	ITM_R	0	0	CAT_NONE	PTP_DISABLED	SLS_UNCHANGED			
568	ITM_S	S	S	addItemToBuffer	ITM_S	0	0	CAT_NONE	PTP_DISABLED	SLS_UNCHANGED			
569	ITM_T	T	T	addItemToBuffer	ITM_T	0	0	CAT_NONE	PTP_DISABLED	SLS_UNCHANGED			
570	ITM_U	U	U	addItemToBuffer	ITM_U	0	0	CAT_NONE	PTP_DISABLED	SLS_UNCHANGED			
571	ITM_V	V	V	addItemToBuffer	ITM_V	0	0	CAT_NONE	PTP_DISABLED	SLS_UNCHANGED			
572	ITM_W	W	W	addItemToBuffer	ITM_W	0	0	CAT_NONE	PTP_DISABLED	SLS_UNCHANGED			
573	ITM_X	X	X	addItemToBuffer	ITM_X	0	0	CAT_NONE	PTP_DISABLED	SLS_UNCHANGED			
574	ITM_Y	Y	Y	addItemToBuffer	ITM_Y	0	0	CAT_NONE	PTP_DISABLED	SLS_UNCHANGED			
575	ITM_Z	Z	Z	addItemToBuffer	ITM_Z	0	0	CAT_NONE	PTP_DISABLED	SLS_UNCHANGED			
576	ITM_a	a	a	addItemToBuffer	ITM_a	0	0	CAT_NONE	PTP_DISABLED	SLS_UNCHANGED			
577	ITM_b	b	b	addItemToBuffer	ITM_b	0	0	CAT_NONE	PTP_DISABLED	SLS_UNCHANGED			
578	ITM_c	c	c	addItemToBuffer	ITM_c	0	0	CAT_NONE	PTP_DISABLED	SLS_UNCHANGED			
579	ITM_d	d	d	addItemToBuffer	ITM_d	0	0	CAT_NONE	PTP_DISABLED	SLS_UNCHANGED			
580	ITM_e	e	e	addItemToBuffer	ITM_e	0	0	CAT_NONE	PTP_DISABLED	SLS_UNCHANGED			
581	ITM_f	f	f	addItemToBuffer	ITM_f	0	0	CAT_NONE	PTP_DISABLED	SLS_UNCHANGED			
582	ITM_g	g	g	addItemToBuffer	ITM_g	0	0	CAT_NONE	PTP_DISABLED	SLS_UNCHANGED			
583	ITM_h	h	h	addItemToBuffer	ITM_h	0	0	CAT_NONE	PTP_DISABLED	SLS_UNCHANGED			
584	ITM_i	i	i	addItemToBuffer	ITM_i	0	0	CAT_NONE	PTP_DISABLED	SLS_UNCHANGED			
585	ITM_j	j	j	addItemToBuffer	ITM_j	0	0	CAT_NONE	PTP_DISABLED	SLS_UNCHANGED			
586	ITM_k	k	k	addItemToBuffer	ITM_k	0	0	CAT_NONE	PTP_DISABLED	SLS_UNCHANGED			
587	ITM_l	l	l	addItemToBuffer	ITM_l	0	0	CAT_NONE	PTP_DISABLED	SLS_UNCHANGED			
588	ITM_m	m	m	addItemToBuffer	ITM_m	0	0	CAT_NONE	PTP_DISABLED	SLS_UNCHANGED			
589	ITM_n	n	n	addItemToBuffer	ITM_n	0	0	CAT_NONE	PTP_DISABLED	SLS_UNCHANGED			
590	ITM_o	o	o	addItemToBuffer	ITM_o	0	0	CAT_NONE	PTP_DISABLED	SLS_UNCHANGED			
591	ITM_p	p	p	addItemToBuffer	ITM_p	0	0	CAT_NONE	PTP_DISABLED	SLS_UNCHANGED			
592	ITM_q	q	q	addItemToBuffer	ITM_q	0	0	CAT_NONE	PTP_DISABLED	SLS_UNCHANGED			
593	ITM_r	r	r	addItemToBuffer	ITM_r	0	0	CAT_NONE	PTP_DISABLED	SLS_UNCHANGED			
594	ITM_s	s	s	addItemToBuffer	ITM_s	0	0	CAT_NONE	PTP_DISABLED	SLS_UNCHANGED			
595	ITM_t	t	t	addItemToBuffer	ITM_t	0	0	CAT_NONE	PTP_DISABLED	SLS_UNCHANGED			
596	ITM_u	u	u	addItemToBuffer	ITM_u	0	0	CAT_NONE	PTP_DISABLED	SLS_UNCHANGED			
597	ITM_v	v	v	addItemToBuffer	ITM_v	0	0	CAT_NONE	PTP_DISABLED	SLS_UNCHANGED			
598	ITM_w	w	w	addItemToBuffer	ITM_w	0	0	CAT_NONE	PTP_DISABLED	SLS_UNCHANGED			
599	ITM_x	x	x	addItemToBuffer	ITM_x	0	0	CAT_NONE	PTP_DISABLED	SLS_UNCHANGED			
600	ITM_y	y	y	addItemToBuffer	ITM_y	0	0	CAT_NONE	PTP_DISABLED	SLS_UNCHANGED			
601	ITM_z	z	z	addItemToBuffer	ITM_z	0	0	CAT_NONE	PTP_DISABLED	SLS_UNCHANGED			
602	ITM_ALPHA		Α	addItemToBuffer	ITM_ALPHA	0	0	CAT_NONE	PTP_DISABLED	SLS_UNCHANGED			
603	ITM_BETA		Β	addItemToBuffer	ITM_BETA	0	0	CAT_NONE	PTP_DISABLED	SLS_UNCHANGED			
604	ITM_GAMMA		Γ	addItemToBuffer	ITM_GAMMA	0	0	CAT_NONE	PTP_DISABLED	SLS_UNCHANGED			
605	ITM_DELTA		Δ	addItemToBuffer	ITM_DELTA	0	0	CAT_NONE	PTP_DISABLED	SLS_UNCHANGED			
606	ITM_EPSILON		Ε	addItemToBuffer	ITM_EPSILON	0	0	CAT_NONE	PTP_DISABLED	SLS_UNCHANGED			
607	ITM_ZETA		Ζ	addItemToBuffer	ITM_ZETA	0	0	CAT_NONE	PTP_DISABLED	SLS_UNCHANGED			
608	ITM_ETA		Η	addItemToBuffer	ITM_ETA	0	0	CAT_NONE	PTP_DISABLED	SLS_UNCHANGED			
609	ITM_THETA		Θ	addItemToBuffer	ITM_THETA	0	0	CAT_NONE	PTP_DISABLED	SLS_UNCHANGED			
610	ITM_IOTA		Ι	addItemToBuffer	ITM_IOTA	0	0	CAT_NONE	PTP_DISABLED	SLS_UNCHANGED			
611	ITM_IOTA_DIALYTIKA		Ϊ	addItemToBuffer	ITM_IOTA_DIALYTIKA	0	0	CAT_NONE	PTP_DISABLED	SLS_UNCHANGED			
612	ITM_KAPPA		Κ	addItemToBuffer	ITM_KAPPA	0	0	CAT_NONE	PTP_DISABLED	SLS_UNCHANGED			
613	ITM_LAMBDA		Λ	addItemToBuffer	ITM_LAMBDA	0	0	CAT_NONE	PTP_DISABLED	SLS_UNCHANGED			
614	ITM_MU		Μ	addItemToBuffer	ITM_MU	0	0	CAT_NONE	PTP_DISABLED	SLS_UNCHANGED			
615	ITM_NU		Ν	addItemToBuffer	ITM_NU	0	0	CAT_NONE	PTP_DISABLED	SLS_UNCHANGED			
616	ITM_XI		Ξ	addItemToBuffer	ITM_XI	0	0	CAT_NONE	PTP_DISABLED	SLS_UNCHANGED			
617	ITM_OMICRON		Ο	addItemToBuffer	ITM_OMICRON	0	0	CAT_NONE	PTP_DISABLED	SLS_UNCHANGED			
618	ITM_PI		Π	addItemToBuffer	ITM_PI	0	0	CAT_NONE	PTP_DISABLED	SLS_UNCHANGED			
619	ITM_RHO		Ρ	addItemToBuffer	ITM_RHO	0	0	CAT_NONE	PTP_DISABLED	SLS_UNCHANGED			
620	ITM_SIGMA		Σ	addItemToBuffer	ITM_SIGMA	0	0	CAT_NONE	PTP_DISABLED	SLS_UNCHANGED			
621	ITM_TAU		Τ	addItemToBuffer	ITM_TAU	0	0	CAT_NONE	PTP_DISABLED	SLS_UNCHANGED			
622	ITM_UPSILON		Υ	addItemToBuffer	ITM_UPSILON	0	0	CAT_NONE	PTP_DISABLED	SLS_UNCHANGED			
623	ITM_UPSILON_DIALYTIKA		Ϋ	addItemToBuffer	ITM_UPSILON_DIALYTIKA	0	0	CAT_NONE	PTP_DISABLED	SLS_UNCHANGED			
624	ITM_PHI		Φ	addItemToBuffer	ITM_PHI	0	0	CAT_NONE	PTP_DISABLED	SLS_UNCHANGED			
625	ITM_CHI		Χ	addItemToBuffer	ITM_CHI	0	0	CAT_NONE	PTP_DISABLED	SLS_UNCHANGED			
626	ITM_PSI		Ψ	addItemToBuffer	ITM_PSI	0	0	CAT_NONE	PTP_DISABLED	SLS_UNCHANGED			
627	ITM_OMEGA		Ω	addItemToBuffer	ITM_OMEGA	0	0	CAT_NONE	PTP_DISABLED	SLS_UNCHANGED			
628	ITM_alpha		α	addItemToBuffer	ITM_alpha	0	0	CAT_NONE	PTP_DISABLED	SLS_UNCHANGED			
629	ITM_beta		β	addItemToBuffer	ITM_beta	0	0	CAT_NONE	PTP_DISABLED	SLS_UNCHANGED			
630	ITM_gamma		γ	addItemToBuffer	ITM_gamma	0	0	CAT_NONE	PTP_DISABLED	SLS_UNCHANGED			
631	ITM_delta		δ	addItemToBuffer	ITM_delta	0	0	CAT_NONE	PTP_DISABLED	SLS_UNCHANGED			
632	ITM_epsilon		ε	addItemToBuffer	ITM_epsilon	0	0	CAT_NONE	PTP_DISABLED	SLS_UNCHANGED			
633	ITM_zeta		ζ	addItemToBuffer	ITM_zeta	0	0	CAT_NONE	PTP_DISABLED	SLS_UNCHANGED			
634	ITM_eta		η	addItemToBuffer	ITM_eta	0	0	CAT_NONE	PTP_DISABLED	SLS_UNCHANGED			
635	ITM_theta		ϑ	addItemToBuffer	ITM_theta	0	0	CAT_NONE	PTP_DISABLED	SLS_UNCHANGED			
636	ITM_iota		ι	addItemToBuffer	ITM_iota	0	0	CAT_NONE	PTP_DISABLED	SLS_UNCHANGED			
637	ITM_iota_DIALYTIKA		ϊ	addItemToBuffer	ITM_iota_DIALYTIKA	0	0	CAT_NONE	PTP_DISABLED	SLS_UNCHANGED			
638	ITM_kappa		κ	addItemToBuffer	ITM_kappa	0	0	CAT_NONE	PTP_DISABLED	SLS_UNCHANGED			
639	ITM_lambda		λ	addItemToBuffer	ITM_lambda	0	0	CAT_NONE	PTP_DISABLED	SLS_UNCHANGED			
640	ITM_mu		μ	addItemToBuffer	ITM_mu	0	0	CAT_NONE	PTP_DISABLED	SLS_UNCHANGED			
641	ITM_nu		ν	addItemToBuffer	ITM_nu	0	0	CAT_NONE	PTP_DISABLED	SLS_UNCHANGED			
642	ITM_xi		ξ	addItemToBuffer	ITM_xi	0	0	CAT_NONE	PTP_DISABLED	SLS_UNCHANGED			
643	ITM_omicron		ο	addItemToBuffer	ITM_omicron	0	0	CAT_NONE	PTP_DISABLED	SLS_UNCHANGED			
644	ITM_pi		π	addItemToBuffer	ITM_pi	0	0	CAT_NONE	PTP_DISABLED	SLS_UNCHANGED			
645	ITM_rho		ρ	addItemToBuffer	ITM_rho	0	0	CAT_NONE	PTP_DISABLED	SLS_UNCHANGED			
646	ITM_sigma		σ	addItemToBuffer	ITM_sigma	0	0	CAT_NONE	PTP_DISABLED	SLS_UNCHANGED			
647	ITM_tau		τ	addItemToBuffer	ITM_tau	0	0	CAT_NONE	PTP_DISABLED	SLS_UNCHANGED			
648	ITM_upsilon		υ	addItemToBuffer	ITM_upsilon	0	0	CAT_NONE	PTP_DISABLED	SLS_UNCHANGED			
649	ITM_upsilon_DIALYTIKA		ϋ	addItemToBuffer	ITM_upsilon_DIALYTIKA	0	0	CAT_NONE	PTP_DISABLED	SLS_UNCHANGED			
650	ITM_phi		φ	addItemToBuffer	ITM_phi	0	0	CAT_NONE	PTP_DISABLED	SLS_UNCHANGED			
651	ITM_chi		χ	addItemToBuffer	ITM_chi	0	0	CAT_NONE	PTP_DISABLED	SLS_UNCHANGED			
652	ITM_psi		ψ	addItemToBuffer	ITM_psi	0	0	CAT_NONE	PTP_DISABLED	SLS_UNCHANGED			
653	ITM_omega		ω	addItemToBuffer	ITM_omega	0	0	CAT_NONE	PTP_DISABLED	SLS_UNCHANGED			
654	ITM_alpha_TONOS		ά	addItemToBuffer	ITM_alpha_TONOS	0	0	CAT_NONE	PTP_DISABLED	SLS_UNCHANGED			
655	ITM_epsilon_TONOS		έ	addItemToBuffer	ITM_epsilon_TONOS	0	0	CAT_NONE	PTP_DISABLED	SLS_UNCHANGED			
656	ITM_eta_TONOS		ή	addItemToBuffer	ITM_eta_TONOS	0	0	CAT_NONE	PTP_DISABLED	SLS_UNCHANGED			
657	ITM_iotaTON		ί	addItemToBuffer	ITM_iotaTON	0	0	CAT_NONE	PTP_DISABLED	SLS_UNCHANGED			
658	ITM_iota_DIALYTIKA_TONOS		ΐ	addItemToBuffer	ITM_iota_DIALYTIKA_TONOS	0	0	CAT_NONE	PTP_DISABLED	SLS_UNCHANGED			
659	ITM_omicron_TONOS		ό	addItemToBuffer	ITM_omicron_TONOS	0	0	CAT_NONE	PTP_DISABLED	SLS_UNCHANGED			
660	ITM_sigma_end		ς	addItemToBuffer	ITM_sigma_end	0	0	CAT_NONE	PTP_DISABLED	SLS_UNCHANGED			
661	ITM_upsilon_TONOS		ύ	addItemToBuffer	ITM_upsilon_TONOS	0	0	CAT_NONE	PTP_DISABLED	SLS_UNCHANGED			
662	ITM_upsilon_DIALYTIKA_TONOS		ΰ	addItemToBuffer	ITM_upsilon_DIALYTIKA_TONOS	0	0	CAT_NONE	PTP_DISABLED	SLS_UNCHANGED			
663	ITM_omega_TONOS		ώ	addItemToBuffer	ITM_omega_TONOS	0	0	CAT_NONE	PTP_DISABLED	SLS_UNCHANGED			
664	ITM_A_MACRON	ſ	ſ	addItemToBuffer	ITM_A_MACRON	0	0	CAT_AINT	PTP_DISABLED	SLS_UNCHANGED			
665	ITM_A_ACUTE	Á	Á	addItemToBuffer	ITM_A_ACUTE	0	0	CAT_AINT	PTP_DISABLED	SLS_UNCHANGED			
666	ITM_A_BREVE	Ă	Ă	addItemToBuffer	ITM_A_BREVE	0	0	CAT_AINT	PTP_DISABLED	SLS_UNCHANGED			
667	ITM_A_GRAVE	À	À	addItemToBuffer	ITM_A_GRAVE	0	0	CAT_AINT	PTP_DISABLED	SLS_UNCHANGED			
668	ITM_A_DIARESIS	Ä	Ä	addItemToBuffer	ITM_A_DIARESIS	0	0	CAT_AINT	PTP_DISABLED	SLS_UNCHANGED			
669	ITM_A_TILDE	Ã	Ã	addItemToBuffer	ITM_A_TILDE	0	0	CAT_AINT	PTP_DISABLED	SLS_UNCHANGED			
670	ITM_A_CIRC	Â	Â	addItemToBuffer	ITM_A_CIRC	0	0	CAT_AINT	PTP_DISABLED	SLS_UNCHANGED			
671	ITM_A_RING	Å	Å	addItemToBuffer	ITM_A_RING	0	0	CAT_AINT	PTP_DISABLED	SLS_UNCHANGED			
672	ITM_AE	Æ	Æ	addItemToBuffer	ITM_AE	0	0	CAT_AINT	PTP_DISABLED	SLS_UNCHANGED			
673	ITM_A_OGONEK	Ą	Ą	addItemToBuffer	ITM_A_OGONEK	0	0	CAT_AINT	PTP_DISABLED	SLS_UNCHANGED			
674	ITM_C_ACUTE	Ć	Ć	addItemToBuffer	ITM_C_ACUTE	0	0	CAT_AINT	PTP_DISABLED	SLS_UNCHANGED			
675	ITM_C_CARON	Č	Č	addItemToBuffer	ITM_C_CARON	0	0	CAT_AINT	PTP_DISABLED	SLS_UNCHANGED			
676	ITM_C_CEDILLA	Ç	Ç	addItemToBuffer	ITM_C_CEDILLA	0	0	CAT_AINT	PTP_DISABLED	SLS_UNCHANGED			
677	ITM_D_STROKE	Đ	Đ	addItemToBuffer	ITM_D_STROKE	0	0	CAT_AINT	PTP_DISABLED	SLS_UNCHANGED			
678	ITM_D_CARON	Ď	Ď	addItemToBuffer	ITM_D_CARON	0	0	CAT_AINT	PTP_DISABLED	SLS_UNCHANGED			
679	ITM_E_MACRON	Ē	Ē	addItemToBuffer	ITM_E_MACRON	0	0	CAT_AINT	PTP_DISABLED	SLS_UNCHANGED			
680	ITM_E_ACUTE	É	É	addItemToBuffer	ITM_E_ACUTE	0	0	CAT_AINT	PTP_DISABLED	SLS_UNCHANGED			
681	ITM_E_BREVE	Ĕ	Ĕ	addItemToBuffer	ITM_E_BREVE	0	0	CAT_AINT	PTP_DISABLED	SLS_UNCHANGED			
682	ITM_E_GRAVE	È	È	addItemToBuffer	ITM_E_GRAVE	0	0	CAT_AINT	PTP_DISABLED	SLS_UNCHANGED			
683	ITM_E_DIARESIS	Ë	Ë	addItemToBuffer	ITM_E_DIARESIS	0	0	CAT_AINT	PTP_DISABLED	SLS_UNCHANGED			
684	ITM_E_CIRC	Ê	Ê	addItemToBuffer	ITM_E_CIRC	0	0	CAT_AINT	PTP_DISABLED	SLS_UNCHANGED			
685	ITM_E_OGONEK	Ę	Ę	addItemToBuffer	ITM_E_OGONEK	0	0	CAT_AINT	PTP_DISABLED	SLS_UNCHANGED			
686	ITM_G_BREVE	Ğ	Ğ	addItemToBuffer	ITM_G_BREVE	0	0	CAT_AINT	PTP_DISABLED	SLS_UNCHANGED			
687	ITM_I_MACRON	Ī	Ī	addItemToBuffer	ITM_I_MACRON	0	0	CAT_AINT	PTP_DISABLED	SLS_UNCHANGED			
688	ITM_I_ACUTE	Í	Í	addItemToBuffer	ITM_I_ACUTE	0	0	CAT_AINT	PTP_DISABLED	SLS_UNCHANGED			
689	ITM_I_BREVE	Ĭ	Ĭ	addItemToBuffer	ITM_I_BREVE	0	0	CAT_AINT	PTP_DISABLED	SLS_UNCHANGED			
690	ITM_I_GRAVE	Ì	Ì	addItemToBuffer	ITM_I_GRAVE	0	0	CAT_AINT	PTP_DISABLED	SLS_UNCHANGED			
691	ITM_I_DIARESIS	Ï	Ï	addItemToBuffer	ITM_I_DIARESIS	0	0	CAT_AINT	PTP_DISABLED	SLS_UNCHANGED			
692	ITM_I_CIRC	Î	Î	addItemToBuffer	ITM_I_CIRC	0	0	CAT_AINT	PTP_DISABLED	SLS_UNCHANGED			
693	ITM_I_OGONEK	Į	Į	addItemToBuffer	ITM_I_OGONEK	0	0	CAT_AINT	PTP_DISABLED	SLS_UNCHANGED			
694	ITM_I_DOT	İ	İ	addItemToBuffer	ITM_I_DOT	0	0	CAT_AINT	PTP_DISABLED	SLS_UNCHANGED			
695	ITM_I_DOTLESS	I	I	addItemToBuffer	ITM_I_DOTLESS	0	0	CAT_NONE	PTP_DISABLED	SLS_UNCHANGED			
696	ITM_L_STROKE	Ł	Ł	addItemToBuffer	ITM_L_STROKE	0	0	CAT_AINT	PTP_DISABLED	SLS_UNCHANGED			
697	ITM_L_ACUTE	Ĺ	Ĺ	addItemToBuffer	ITM_L_ACUTE	0	0	CAT_AINT	PTP_DISABLED	SLS_UNCHANGED			
698	ITM_L_APOSTROPHE	Ľ	Ľ	addItemToBuffer	ITM_L_APOSTROPHE	0	0	CAT_AINT	PTP_DISABLED	SLS_UNCHANGED			
699	ITM_N_ACUTE	Ń	Ń	addItemToBuffer	ITM_N_ACUTE	0	0	CAT_AINT	PTP_DISABLED	SLS_UNCHANGED			
700	ITM_N_CARON	Ň	Ň	addItemToBuffer	ITM_N_CARON	0	0	CAT_AINT	PTP_DISABLED	SLS_UNCHANGED			
701	ITM_N_TILDE	Ñ	Ñ	addItemToBuffer	ITM_N_TILDE	0	0	CAT_AINT	PTP_DISABLED	SLS_UNCHANGED			
702	ITM_O_MACRON	Ō	Ō	addItemToBuffer	ITM_O_MACRON	0	0	CAT_AINT	PTP_DISABLED	SLS_UNCHANGED			
703	ITM_O_ACUTE	Ó	Ó	addItemToBuffer	ITM_O_ACUTE	0	0	CAT_AINT	PTP_DISABLED	SLS_UNCHANGED			
704	ITM_O_BREVE	Ŏ	Ŏ	addItemToBuffer	ITM_O_BREVE	0	0	CAT_AINT	PTP_DISABLED	SLS_UNCHANGED			
705	ITM_O_GRAVE	Ò	Ò	addItemToBuffer	ITM_O_GRAVE	0	0	CAT_AINT	PTP_DISABLED	SLS_UNCHANGED			
706	ITM_O_DIARESIS	Ö	Ö	addItemToBuffer	ITM_O_DIARESIS	0	0	CAT_AINT	PTP_DISABLED	SLS_UNCHANGED			
707	ITM_O_TILDE	Õ	Õ	addItemToBuffer	ITM_O_TILDE	0	0	CAT_AINT	PTP_DISABLED	SLS_UNCHANGED			
708	ITM_O_CIRC	Ô	Ô	addItemToBuffer	ITM_O_CIRC	0	0	CAT_AINT	PTP_DISABLED	SLS_UNCHANGED			
709	ITM_O_STROKE	Ø	Ø	addItemToBuffer	ITM_O_STROKE	0	0	CAT_AINT	PTP_DISABLED	SLS_UNCHANGED			
710	ITM_OE	Œ	Œ	addItemToBuffer	ITM_OE	0	0	CAT_AINT	PTP_DISABLED	SLS_UNCHANGED			
711	ITM_S_SHARP	ß	ß	addItemToBuffer	ITM_S_SHARP	0	0	CAT_AINT	PTP_DISABLED	SLS_UNCHANGED			
712	ITM_S_ACUTE	Ś	Ś	addItemToBuffer	ITM_S_ACUTE	0	0	CAT_AINT	PTP_DISABLED	SLS_UNCHANGED			
713	ITM_S_CARON	Š	Š	addItemToBuffer	ITM_S_CARON	0	0	CAT_AINT	PTP_DISABLED	SLS_UNCHANGED			
714	ITM_S_CEDILLA	Ş	Ş	addItemToBuffer	ITM_S_CEDILLA	0	0	CAT_AINT	PTP_DISABLED	SLS_UNCHANGED			
715	ITM_T_CARON	Ť	Ť	addItemToBuffer	ITM_T_CARON	0	0	CAT_AINT	PTP_DISABLED	SLS_UNCHANGED			
716	ITM_T_CEDILLA	Ţ	Ţ	addItemToBuffer	ITM_T_CEDILLA	0	0	CAT_AINT	PTP_DISABLED	SLS_UNCHANGED			
717	ITM_U_MACRON	Ū	Ū	addItemToBuffer	ITM_U_MACRON	0	0	CAT_AINT	PTP_DISABLED	SLS_UNCHANGED			
718	ITM_U_ACUTE	Ú	Ú	addItemToBuffer	ITM_U_ACUTE	0	0	CAT_AINT	PTP_DISABLED	SLS_UNCHANGED			
719	ITM_U_BREVE	Ŭ	Ŭ	addItemToBuffer	ITM_U_BREVE	0	0	CAT_AINT	PTP_DISABLED	SLS_UNCHANGED			
720	ITM_U_GRAVE	Ù	Ù	addItemToBuffer	ITM_U_GRAVE	0	0	CAT_AINT	PTP_DISABLED	SLS_UNCHANGED			
721	ITM_U_DIARESIS	Ü	Ü	addItemToBuffer	ITM_U_DIARESIS	0	0	CAT_AINT	PTP_DISABLED	SLS_UNCHANGED			
722	ITM_U_TILDE	Ũ	Ũ	addItemToBuffer	ITM_U_TILDE	0	0	CAT_AINT	PTP_DISABLED	SLS_UNCHANGED			
723	ITM_U_CIRC	Û	Û	addItemToBuffer	ITM_U_CIRC	0	0	CAT_AINT	PTP_DISABLED	SLS_UNCHANGED			
724	ITM_U_RING	Ů	Ů	addItemToBuffer	ITM_U_RING	0	0	CAT_AINT	PTP_DISABLED	SLS_UNCHANGED			
725	ITM_W_CIRC	Ŵ	Ŵ	addItemToBuffer	ITM_W_CIRC	0	0	CAT_AINT	PTP_DISABLED	SLS_UNCHANGED			
726	ITM_Y_CIRC	Ŷ	Ŷ	addItemToBuffer	ITM_Y_CIRC	0	0	CAT_AINT	PTP_DISABLED	SLS_UNCHANGED			
727	ITM_Y_ACUTE	Ý	Ý	addItemToBuffer	ITM_Y_ACUTE	0	0	CAT_AINT	PTP_DISABLED	SLS_UNCHANGED			
728	ITM_Y_DIARESIS	Ÿ	Ÿ	addItemToBuffer	ITM_Y_DIARESIS	0	0	CAT_AINT	PTP_DISABLED	SLS_UNCHANGED			
729	ITM_Z_ACUTE	Ź	Ź	addItemToBuffer	ITM_Z_ACUTE	0	0	CAT_AINT	PTP_DISABLED	SLS_UNCHANGED			
730	ITM_Z_CARON	Ž	Ž	addItemToBuffer	ITM_Z_CARON	0	0	CAT_AINT	PTP_DISABLED	SLS_UNCHANGED			
731	ITM_Z_DOT	Ż	Ż	addItemToBuffer	ITM_Z_DOT	0	0	CAT_AINT	PTP_DISABLED	SLS_UNCHANGED			
732	ITM_a_MACRON	ā	ā	addItemToBuffer	ITM_a_MACRON	0	0	CAT_aint	PTP_DISABLED	SLS_UNCHANGED			
733	ITM_a_ACUTE	á	á	addItemToBuffer	ITM_a_ACUTE	0	0	CAT_aint	PTP_DISABLED	SLS_UNCHANGED			
734	ITM_a_BREVE	ă	ă	addItemToBuffer	ITM_a_BREVE	0	0	CAT_aint	PTP_DISABLED	SLS_UNCHANGED			
735	ITM_a_GRAVE	à	à	addItemToBuffer	ITM_a_GRAVE	0	0	CAT_aint	PTP_DISABLED	SLS_UNCHANGED			
736	ITM_a_DIARESIS	ä	ä	addItemToBuffer	ITM_a_DIARESIS	0	0	CAT_aint	PTP_DISABLED	SLS_UNCHANGED			
737	ITM_a_TILDE	ã	ã	addItemToBuffer	ITM_a_TILDE	0	0	CAT_aint	PTP_DISABLED	SLS_UNCHANGED			
738	ITM_a_CIRC	â	â	addItemToBuffer	ITM_a_CIRC	0	0	CAT_aint	PTP_DISABLED	SLS_UNCHANGED			
739	ITM_a_RING	å	å	addItemToBuffer	ITM_a_RING	0	0	CAT_aint	PTP_DISABLED	SLS_UNCHANGED			
740	ITM_ae	æ	æ	addItemToBuffer	ITM_ae	0	0	CAT_aint	PTP_DISABLED	SLS_UNCHANGED			
741	ITM_a_OGONEK	ą	ą	addItemToBuffer	ITM_a_OGONEK	0	0	CAT_aint	PTP_DISABLED	SLS_UNCHANGED			
742	ITM_c_ACUTE	ć	ć	addItemToBuffer	ITM_c_ACUTE	0	0	CAT_aint	PTP_DISABLED	SLS_UNCHANGED			
743	ITM_c_CARON	č	č	addItemToBuffer	ITM_c_CARON	0	0	CAT_aint	PTP_DISABLED	SLS_UNCHANGED			
744	ITM_c_CEDILLA	ç	ç	addItemToBuffer	ITM_c_CEDILLA	0	0	CAT_aint	PTP_DISABLED	SLS_UNCHANGED			
745	ITM_d_STROKE	đ	đ	addItemToBuffer	ITM_d_STROKE	0	0	CAT_aint	PTP_DISABLED	SLS_UNCHANGED			
746	ITM_d_APOSTROPHE	ď	ď	addItemToBuffer	ITM_d_APOSTROPHE	0	0	CAT_aint	PTP_DISABLED	SLS_UNCHANGED			
747	ITM_e_MACRON	ē	ē	addItemToBuffer	ITM_e_MACRON	0	0	CAT_aint	PTP_DISABLED	SLS_UNCHANGED			
748	ITM_e_ACUTE	é	é	addItemToBuffer	ITM_e_ACUTE	0	0	CAT_aint	PTP_DISABLED	SLS_UNCHANGED			
749	ITM_e_BREVE	ĕ	ĕ	addItemToBuffer	ITM_e_BREVE	0	0	CAT_aint	PTP_DISABLED	SLS_UNCHANGED			
750	ITM_e_GRAVE	è	è	addItemToBuffer	ITM_e_GRAVE	0	0	CAT_aint	PTP_DISABLED	SLS_UNCHANGED			
751	ITM_e_DIARESIS	ë	ë	addItemToBuffer	ITM_e_DIARESIS	0	0	CAT_aint	PTP_DISABLED	SLS_UNCHANGED			
752	ITM_e_CIRC	ê	ê	addItemToBuffer	ITM_e_CIRC	0	0	CAT_aint	PTP_DISABLED	SLS_UNCHANGED			
753	ITM_e_OGONEK	ę	ę	addItemToBuffer	ITM_e_OGONEK	0	0	CAT_aint	PTP_DISABLED	SLS_UNCHANGED			
754	ITM_g_BREVE	ğ	ğ	addItemToBuffer	ITM_g_BREVE	0	0	CAT_aint	PTP_DISABLED	SLS_UNCHANGED			
755	ITM_h_STROKE		ħ	addItemToBuffer	ITM_h_STROKE	0	0	CAT_NONE	PTP_DISABLED	SLS_UNCHANGED			
756	ITM_i_MACRON	ī	ī	addItemToBuffer	ITM_i_MACRON	0	0	CAT_aint	PTP_DISABLED	SLS_UNCHANGED			
757	ITM_i_ACUTE	í	í	addItemToBuffer	ITM_i_ACUTE	0	0	CAT_aint	PTP_DISABLED	SLS_UNCHANGED			
758	ITM_i_BREVE	ĭ	ĭ	addItemToBuffer	ITM_i_BREVE	0	0	CAT_aint	PTP_DISABLED	SLS_UNCHANGED			
759	ITM_i_GRAVE	ì	ì	addItemToBuffer	ITM_i_GRAVE	0	0	CAT_aint	PTP_DISABLED	SLS_UNCHANGED			
760	ITM_i_DIARESIS	ï	ï	addItemToBuffer	ITM_i_DIARESIS	0	0	CAT_aint	PTP_DISABLED	SLS_UNCHANGED			
761	ITM_i_CIRC	î	î	addItemToBuffer	ITM_i_CIRC	0	0	CAT_aint	PTP_DISABLED	SLS_UNCHANGED			
762	ITM_i_OGONEK	į	į	addItemToBuffer	ITM_i_OGONEK	0	0	CAT_aint	PTP_DISABLED	SLS_UNCHANGED			
763	ITM_i_DOT	i	i	addItemToBuffer	ITM_i_DOT	0	0	CAT_NONE	PTP_DISABLED	SLS_UNCHANGED			
764	ITM_i_DOTLESS	ı	ı	addItemToBuffer	ITM_i_DOTLESS	0	0	CAT_aint	PTP_DISABLED	SLS_UNCHANGED			
765	ITM_l_STROKE	ł	ł	addItemToBuffer	ITM_l_STROKE	0	0	CAT_aint	PTP_DISABLED	SLS_UNCHANGED			
766	ITM_l_ACUTE	ĺ	ĺ	addItemToBuffer	ITM_l_ACUTE	0	0	CAT_aint	PTP_DISABLED	SLS_UNCHANGED			
767	ITM_l_APOSTROPHE	ľ	ľ	addItemToBuffer	ITM_l_APOSTROPHE	0	0	CAT_aint	PTP_DISABLED	SLS_UNCHANGED			
768	ITM_n_ACUTE	ń	ń	addItemToBuffer	ITM_n_ACUTE	0	0	CAT_aint	PTP_DISABLED	SLS_UNCHANGED			
769	ITM_n_CARON	ň	ň	addItemToBuffer	ITM_n_CARON	0	0	CAT_aint	PTP_DISABLED	SLS_UNCHANGED			
770	ITM_n_TILDE	ñ	ñ	addItemToBuffer	ITM_n_TILDE	0	0	CAT_aint	PTP_DISABLED	SLS_UNCHANGED			
771	ITM_o_MACRON	ō	ō	addItemToBuffer	ITM_o_MACRON	0	0	CAT_aint	PTP_DISABLED	SLS_UNCHANGED			
772	ITM_o_ACUTE	ó	ó	addItemToBuffer	ITM_o_ACUTE	0	0	CAT_aint	PTP_DISABLED	SLS_UNCHANGED			
773	ITM_o_BREVE	ŏ	ŏ	addItemToBuffer	ITM_o_BREVE	0	0	CAT_aint	PTP_DISABLED	SLS_UNCHANGED			
774	ITM_o_GRAVE	ò	ò	addItemToBuffer	ITM_o_GRAVE	0	0	CAT_aint	PTP_DISABLED	SLS_UNCHANGED			
775	ITM_o_DIARESIS	ö	ö	addItemToBuffer	ITM_o_DIARESIS	0	0	CAT_aint	PTP_DISABLED	SLS_UNCHANGED			
776	ITM_o_TILDE	õ	õ	addItemToBuffer	ITM_o_TILDE	0	0	CAT_aint	PTP_DISABLED	SLS_UNCHANGED			
777	ITM_o_CIRC	ô	ô	addItemToBuffer	ITM_o_CIRC	0	0	CAT_aint	PTP_DISABLED	SLS_UNCHANGED			
778	ITM_o_STROKE	ø	ø	addItemToBuffer	ITM_o_STROKE	0	0	CAT_aint	PTP_DISABLED	SLS_UNCHANGED			
779	ITM_oe	œ	œ	addItemToBuffer	ITM_oe	0	0	CAT_aint	PTP_DISABLED	SLS_UNCHANGED			
780	ITM_r_CARON	ř	ř	addItemToBuffer	ITM_r_CARON	0	0	CAT_aint	PTP_DISABLED	SLS_UNCHANGED			
781	ITM_r_ACUTE	ŕ	ŕ	addItemToBuffer	ITM_r_ACUTE	0	0	CAT_aint	PTP_DISABLED	SLS_UNCHANGED			
782	ITM_s_SHARP	ß	ß	addItemToBuffer	ITM_s_SHARP	0	0	CAT_aint	PTP_DISABLED	SLS_UNCHANGED			
783	ITM_s_ACUTE	ś	ś	addItemToBuffer	ITM_s_ACUTE	0	0	CAT_aint	PTP_DISABLED	SLS_UNCHANGED			
784	ITM_s_CARON	š	š	addItemToBuffer	ITM_s_CARON	0	0	CAT_aint	PTP_DISABLED	SLS_UNCHANGED			
785	ITM_s_CEDILLA	ş	ş	addItemToBuffer	ITM_s_CEDILLA	0	0	CAT_aint	PTP_DISABLED	SLS_UNCHANGED			
786	ITM_t_APOSTROPHE	ť	ť	addItemToBuffer	ITM_t_APOSTROPHE	0	0	CAT_aint	PTP_DISABLED	SLS_UNCHANGED			
787	ITM_t_CEDILLA	ţ	ţ	addItemToBuffer	ITM_t_CEDILLA	0	0	CAT_aint	PTP_DISABLED	SLS_UNCHANGED			
788	ITM_u_MACRON	ū	ū	addItemToBuffer	ITM_u_MACRON	0	0	CAT_aint	PTP_DISABLED	SLS_UNCHANGED			
789	ITM_u_ACUTE	ú	ú	addItemToBuffer	ITM_u_ACUTE	0	0	CAT_aint	PTP_DISABLED	SLS_UNCHANGED			
790	ITM_u_BREVE	ŭ	ŭ	addItemToBuffer	ITM_u_BREVE	0	0	CAT_aint	PTP_DISABLED	SLS_UNCHANGED			
791	ITM_u_GRAVE	ù	ù	addItemToBuffer	ITM_u_GRAVE	0	0	CAT_aint	PTP_DISABLED	SLS_UNCHANGED			
792	ITM_u_DIARESIS	ü	ü	addItemToBuffer	ITM_u_DIARESIS	0	0	CAT_aint	PTP_DISABLED	SLS_UNCHANGED			
793	ITM_u_TILDE	ũ	ũ	addItemToBuffer	ITM_u_TILDE	0	0	CAT_aint	PTP_DISABLED	SLS_UNCHANGED			
794	ITM_u_CIRC	û	û	addItemToBuffer	ITM_u_CIRC	0	0	CAT_aint	PTP_DISABLED	SLS_UNCHANGED			
795	ITM_u_RING	ů	ů	addItemToBuffer	ITM_u_RING	0	0	CAT_aint	PTP_DISABLED	SLS_UNCHANGED			
796	ITM_w_CIRC	ŵ	ŵ	addItemToBuffer	ITM_w_CIRC	0	0	CAT_aint	PTP_DISABLED	SLS_UNCHANGED			
797	ITM_x_BAR		͸	addItemToBuffer	ITM_x_BAR	0	0	CAT_NONE	PTP_DISABLED	SLS_UNCHANGED			
798	ITM_x_CIRC		͹	addItemToBuffer	ITM_x_CIRC	0	0	CAT_NONE	PTP_DISABLED	SLS_UNCHANGED			
799	ITM_y_BAR		ȳ	addItemToBuffer	ITM_y_BAR	0	0	CAT_NONE	PTP_DISABLED	SLS_UNCHANGED			
800	ITM_y_CIRC	ŷ	ŷ	addItemToBuffer	ITM_y_CIRC	0	0	CAT_aint	PTP_DISABLED	SLS_UNCHANGED			
801	ITM_y_ACUTE	ý	ý	addItemToBuffer	ITM_y_ACUTE	0	0	CAT_aint	PTP_DISABLED	SLS_UNCHANGED			
802	ITM_y_DIARESIS	ÿ	ÿ	addItemToBuffer	ITM_y_DIARESIS	0	0	CAT_aint	PTP_DISABLED	SLS_UNCHANGED			
803	ITM_z_ACUTE	ź	ź	addItemToBuffer	ITM_z_ACUTE	0	0	CAT_aint	PTP_DISABLED	SLS_UNCHANGED			
804	ITM_z_CARON	ž	ž	addItemToBuffer	ITM_z_CARON	0	0	CAT_aint	PTP_DISABLED	SLS_UNCHANGED			
805	ITM_z_DOT	ż	ż	addItemToBuffer	ITM_z_DOT	0	0	CAT_aint	PTP_DISABLED	SLS_UNCHANGED			
806	ITM_SPACE		 	addItemToBuffer	ITM_SPACE	0	0	CAT_NONE	PTP_DISABLED	SLS_UNCHANGED			
807	ITM_EXCLAMATION_MARK		!	addItemToBuffer	ITM_EXCLAMATION_MARK	0	0	CAT_NONE	PTP_DISABLED	SLS_UNCHANGED			
808	ITM_DOUBLE_QUOTE		"	addItemToBuffer	ITM_DOUBLE_QUOTE	0	0	CAT_NONE	PTP_DISABLED	SLS_UNCHANGED			
809	ITM_NUMBER_SIGN		#	addItemToBuffer	ITM_NUMBER_SIGN	0	0	CAT_NONE	PTP_DISABLED	SLS_UNCHANGED			
810	ITM_DOLLAR		$	addItemToBuffer	ITM_DOLLAR	0	0	CAT_NONE	PTP_DISABLED	SLS_UNCHANGED			
811	ITM_PERCENT		%	addItemToBuffer	ITM_PERCENT	0	0	CAT_NONE	PTP_DISABLED	SLS_UNCHANGED			
812	ITM_AMPERSAND		&	addItemToBuffer	ITM_AMPERSAND	0	0	CAT_NONE	PTP_DISABLED	SLS_UNCHANGED			
813	ITM_QUOTE		'	addItemToBuffer	ITM_QUOTE	0	0	CAT_NONE	PTP_DISABLED	SLS_UNCHANGED			
814	ITM_LEFT_PARENTHESIS		(	addItemToBuffer	ITM_LEFT_PARENTHESIS	0	0	CAT_NONE	PTP_DISABLED	SLS_UNCHANGED			
815	ITM_RIGHT_PARENTHESIS		)	addItemToBuffer	ITM_RIGHT_PARENTHESIS	0	0	CAT_NONE	PTP_DISABLED	SLS_UNCHANGED			
816	ITM_ASTERISK		*	addItemToBuffer	ITM_ASTERISK	0	0	CAT_NONE	PTP_DISABLED	SLS_UNCHANGED			
817	ITM_PLUS		+	addItemToBuffer	ITM_PLUS	0	0	CAT_NONE	PTP_DISABLED	SLS_UNCHANGED			
818	ITM_COMMA		,	addItemToBuffer	ITM_COMMA	0	0	CAT_NONE	PTP_DISABLED	SLS_UNCHANGED			
819	ITM_MINUS		-	addItemToBuffer	ITM_MINUS	0	0	CAT_NONE	PTP_DISABLED	SLS_UNCHANGED			
820	ITM_PERIOD		.	addItemToBuffer	ITM_PERIOD	0	0	CAT_NONE	PTP_DISABLED	SLS_UNCHANGED			
821	ITM_SLASH		/	addItemToBuffer	ITM_SLASH	0	0	CAT_NONE	PTP_DISABLED	SLS_UNCHANGED			
822	ITM_COLON		:	addItemToBuffer	ITM_COLON	0	0	CAT_NONE	PTP_DISABLED	SLS_UNCHANGED			
823	ITM_SEMICOLON		;	addItemToBuffer	ITM_SEMICOLON	0	0	CAT_NONE	PTP_DISABLED	SLS_UNCHANGED			
824	ITM_LESS_THAN		<	addItemToBuffer	ITM_LESS_THAN	0	0	CAT_NONE	PTP_DISABLED	SLS_UNCHANGED			
825	ITM_EQUAL		=	addItemToBuffer	ITM_EQUAL	0	0	CAT_NONE	PTP_DISABLED	SLS_UNCHANGED			
826	ITM_GREATER_THAN		>	addItemToBuffer	ITM_GREATER_THAN	0	0	CAT_NONE	PTP_DISABLED	SLS_UNCHANGED			
827	ITM_QUESTION_MARK		?	addItemToBuffer	ITM_QUESTION_MARK	0	0	CAT_NONE	PTP_DISABLED	SLS_UNCHANGED			
828	ITM_AT		@	addItemToBuffer	ITM_AT	0	0	CAT_NONE	PTP_DISABLED	SLS_UNCHANGED			
829	ITM_LEFT_SQUARE_BRACKET		[	addItemToBuffer	ITM_LEFT_SQUARE_BRACKET	0	0	CAT_NONE	PTP_DISABLED	SLS_UNCHANGED			
830	ITM_BACK_SLASH		\	addItemToBuffer	ITM_BACK_SLASH	0	0	CAT_NONE	PTP_DISABLED	SLS_UNCHANGED			
831	ITM_RIGHT_SQUARE_BRACKET		]	addItemToBuffer	ITM_RIGHT_SQUARE_BRACKET	0	0	CAT_NONE	PTP_DISABLED	SLS_UNCHANGED			
832	ITM_CIRCUMFLEX		^	addItemToBuffer	ITM_CIRCUMFLEX	0	0	CAT_NONE	PTP_DISABLED	SLS_UNCHANGED			
833	ITM_UNDERSCORE		_	addItemToBuffer	ITM_UNDERSCORE	0	0	CAT_NONE	PTP_DISABLED	SLS_UNCHANGED			
834	ITM_LEFT_CURLY_BRACKET		{	addItemToBuffer	ITM_LEFT_CURLY_BRACKET	0	0	CAT_NONE	PTP_DISABLED	SLS_UNCHANGED			
835	ITM_PIPE		|	addItemToBuffer	ITM_PIPE	0	0	CAT_NONE	PTP_DISABLED	SLS_UNCHANGED			
836	ITM_RIGHT_CURLY_BRACKET		}	addItemToBuffer	ITM_RIGHT_CURLY_BRACKET	0	0	CAT_NONE	PTP_DISABLED	SLS_UNCHANGED			
837	ITM_TILDE		~	addItemToBuffer	ITM_TILDE	0	0	CAT_NONE	PTP_DISABLED	SLS_UNCHANGED			
838	ITM_INVERTED_EXCLAMATION_MARK		¡	addItemToBuffer	ITM_INVERTED_EXCLAMATION_MARK	0	0	CAT_NONE	PTP_DISABLED	SLS_UNCHANGED			
839	ITM_CENT		¢	addItemToBuffer	ITM_CENT	0	0	CAT_NONE	PTP_DISABLED	SLS_UNCHANGED			
840	ITM_POUND		£	addItemToBuffer	ITM_POUND	0	0	CAT_NONE	PTP_DISABLED	SLS_UNCHANGED			
841	ITM_YEN		¥	addItemToBuffer	ITM_YEN	0	0	CAT_NONE	PTP_DISABLED	SLS_UNCHANGED			
842	ITM_SECTION		§	addItemToBuffer	ITM_SECTION	0	0	CAT_NONE	PTP_DISABLED	SLS_UNCHANGED			
843	ITM_OVERFLOW_CARRY		©	itemToBeCoded	NOPARAM	0	0	CAT_NONE	PTP_DISABLED	SLS_UNCHANGED			
844	ITM_LEFT_DOUBLE_ANGLE		«	addItemToBuffer	ITM_LEFT_DOUBLE_ANGLE	0	0	CAT_NONE	PTP_DISABLED	SLS_UNCHANGED			
845	ITM_NOT		¬	addItemToBuffer	ITM_NOT	0	0	CAT_NONE	PTP_DISABLED	SLS_UNCHANGED			
846	ITM_DEGREE		°	addItemToBuffer	ITM_DEGREE	0	0	CAT_NONE	PTP_DISABLED	SLS_UNCHANGED			
847	ITM_PLUS_MINUS		±	addItemToBuffer	ITM_PLUS_MINUS	0	0	CAT_NONE	PTP_DISABLED	SLS_UNCHANGED			
848	ITM_MICRO		µ	addItemToBuffer	ITM_MICRO	0	0	CAT_NONE	PTP_DISABLED	SLS_UNCHANGED			
849	ITM_DOT		·	addItemToBuffer	ITM_DOT	0	0	CAT_NONE	PTP_DISABLED	SLS_UNCHANGED			
850	ITM_RIGHT_DOUBLE_ANGLE		»	addItemToBuffer	ITM_RIGHT_DOUBLE_ANGLE	0	0	CAT_NONE	PTP_DISABLED	SLS_UNCHANGED			
851	ITM_ONE_HALF		½	addItemToBuffer	ITM_ONE_HALF	0	0	CAT_NONE	PTP_DISABLED	SLS_UNCHANGED			
852	ITM_ONE_QUARTER		¼	addItemToBuffer	ITM_ONE_QUARTER	0	0	CAT_NONE	PTP_DISABLED	SLS_UNCHANGED			
853	ITM_INVERTED_QUESTION_MARK		¿	addItemToBuffer	ITM_INVERTED_QUESTION_MARK	0	0	CAT_NONE	PTP_DISABLED	SLS_UNCHANGED			
854	ITM_ETH		Ð	itemToBeCoded	NOPARAM	0	0	CAT_NONE	PTP_DISABLED	SLS_UNCHANGED			
855	ITM_CROSS		×	addItemToBuffer	ITM_CROSS	0	0	CAT_NONE	PTP_DISABLED	SLS_UNCHANGED			
856	ITM_eth		ð	itemToBeCoded	NOPARAM	0	0	CAT_NONE	PTP_DISABLED	SLS_UNCHANGED			
857	ITM_OBELUS		÷	addItemToBuffer	ITM_OBELUS	0	0	CAT_NONE	PTP_DISABLED	SLS_UNCHANGED			
858	ITM_E_DOT	Ė	Ė	addItemToBuffer	ITM_E_DOT	0	0	CAT_AINT	PTP_DISABLED	SLS_UNCHANGED			
859	ITM_e_DOT	ė	ė	addItemToBuffer	ITM_e_DOT	0	0	CAT_aint	PTP_DISABLED	SLS_UNCHANGED			
860	ITM_E_CARON	Ě	Ě	addItemToBuffer	ITM_E_CARON	0	0	CAT_AINT	PTP_DISABLED	SLS_UNCHANGED			
861	ITM_e_CARON	ě	ě	addItemToBuffer	ITM_e_CARON	0	0	CAT_aint	PTP_DISABLED	SLS_UNCHANGED			
862	ITM_R_ACUTE	Ŕ	Ŕ	addItemToBuffer	ITM_R_ACUTE	0	0	CAT_AINT	PTP_DISABLED	SLS_UNCHANGED			
863	ITM_R_CARON	Ř	Ř	addItemToBuffer	ITM_R_CARON	0	0	CAT_AINT	PTP_DISABLED	SLS_UNCHANGED			
864	ITM_U_OGONEK	Ų	Ų	addItemToBuffer	ITM_U_OGONEK	0	0	CAT_AINT	PTP_DISABLED	SLS_UNCHANGED			
865	ITM_u_OGONEK	ų	ų	addItemToBuffer	ITM_u_OGONEK	0	0	CAT_aint	PTP_DISABLED	SLS_UNCHANGED			
866	ITM_y_UNDER_ROOT		Ȳ	addItemToBuffer	ITM_y_UNDER_ROOT	0	0	CAT_NONE	PTP_DISABLED	SLS_UNCHANGED			
867	ITM_x_UNDER_ROOT		Ϳ	addItemToBuffer	ITM_x_UNDER_ROOT	0	0	CAT_NONE	PTP_DISABLED	SLS_UNCHANGED			
868	ITM_SPACE_EM		 	itemToBeCoded	NOPARAM	0	0	CAT_NONE	PTP_DISABLED	SLS_UNCHANGED			
869	ITM_SPACE_3_PER_EM		 	itemToBeCoded	NOPARAM	0	0	CAT_NONE	PTP_DISABLED	SLS_UNCHANGED			
870	ITM_SPACE_4_PER_EM		 	itemToBeCoded	NOPARAM	0	0	CAT_NONE	PTP_DISABLED	SLS_UNCHANGED			
871	ITM_SPACE_6_PER_EM		 	itemToBeCoded	NOPARAM	0	0	CAT_NONE	PTP_DISABLED	SLS_UNCHANGED			
872	ITM_SPACE_FIGURE		 	itemToBeCoded	NOPARAM	0	0	CAT_NONE	PTP_DISABLED	SLS_UNCHANGED			
873	ITM_SPACE_PUNCTUATION		 	itemToBeCoded	NOPARAM	0	0	CAT_NONE	PTP_DISABLED	SLS_UNCHANGED			
874	ITM_SPACE_HAIR		 	itemToBeCoded	NOPARAM	0	0	CAT_NONE	PTP_DISABLED	SLS_UNCHANGED			
875	ITM_LEFT_SINGLE_QUOTE		‘	itemToBeCoded	NOPARAM	0	0	CAT_NONE	PTP_DISABLED	SLS_UNCHANGED			
876	ITM_RIGHT_SINGLE_QUOTE		’	addItemToBuffer	ITM_RIGHT_SINGLE_QUOTE	0	0	CAT_NONE	PTP_DISABLED	SLS_UNCHANGED			
877	ITM_SINGLE_LOW_QUOTE		‚	itemToBeCoded	NOPARAM	0	0	CAT_NONE	PTP_DISABLED	SLS_UNCHANGED			
878	ITM_SINGLE_HIGH_QUOTE		‛	itemToBeCoded	NOPARAM	0	0	CAT_NONE	PTP_DISABLED	SLS_UNCHANGED			
879	ITM_LEFT_DOUBLE_QUOTE		“	addItemToBuffer	ITM_LEFT_DOUBLE_QUOTE	0	0	CAT_NONE	PTP_DISABLED	SLS_UNCHANGED			
880	ITM_RIGHT_DOUBLE_QUOTE		”	addItemToBuffer	ITM_RIGHT_DOUBLE_QUOTE	0	0	CAT_NONE	PTP_DISABLED	SLS_UNCHANGED			
881	ITM_DOUBLE_LOW_QUOTE		„	addItemToBuffer	ITM_DOUBLE_LOW_QUOTE	0	0	CAT_NONE	PTP_DISABLED	SLS_UNCHANGED			
882	ITM_DOUBLE_HIGH_QUOTE		‟	itemToBeCoded	NOPARAM	0	0	CAT_NONE	PTP_DISABLED	SLS_UNCHANGED			
883	ITM_ELLIPSIS		…	addItemToBuffer	ITM_ELLIPSIS	0	0	CAT_NONE	PTP_DISABLED	SLS_UNCHANGED			
884	ITM_BINARY_ONE		‧	itemToBeCoded	NOPARAM	0	0	CAT_NONE	PTP_DISABLED	SLS_UNCHANGED			
885	ITM_EURO		€	addItemToBuffer	ITM_EURO	0	0	CAT_NONE	PTP_DISABLED	SLS_UNCHANGED			
886	ITM_COMPLEX_C		ℂ	addItemToBuffer	ITM_COMPLEX_C	0	0	CAT_NONE	PTP_DISABLED	SLS_UNCHANGED			
887	ITM_PLANCK		ℎ	addItemToBuffer	ITM_PLANCK	0	0	CAT_NONE	PTP_DISABLED	SLS_UNCHANGED			
888	ITM_PLANCK_2PI		ℏ	addItemToBuffer	ITM_PLANCK_2PI	0	0	CAT_NONE	PTP_DISABLED	SLS_UNCHANGED			
889	ITM_NATURAL_N		ℕ	addItemToBuffer	ITM_NATURAL_N	0	0	CAT_NONE	PTP_DISABLED	SLS_UNCHANGED			
890	ITM_RATIONAL_Q		ℚ	addItemToBuffer	ITM_RATIONAL_Q	0	0	CAT_NONE	PTP_DISABLED	SLS_UNCHANGED			
891	ITM_REAL_R		ℝ	addItemToBuffer	ITM_REAL_R	0	0	CAT_NONE	PTP_DISABLED	SLS_UNCHANGED			
892	ITM_LEFT_ARROW	←	←	addItemToBuffer	ITM_LEFT_ARROW	0	0	CAT_NONE	PTP_DISABLED	SLS_UNCHANGED			
893	ITM_UP_ARROW	↑	↑	addItemToBuffer	ITM_UP_ARROW	0	0	CAT_NONE	PTP_DISABLED	SLS_UNCHANGED			
894	ITM_RIGHT_ARROW	→	→	addItemToBuffer	ITM_RIGHT_ARROW	0	0	CAT_NONE	PTP_DISABLED	SLS_UNCHANGED			
895	ITM_DOWN_ARROW	↓	↓	addItemToBuffer	ITM_DOWN_ARROW	0	0	CAT_NONE	PTP_DISABLED	SLS_UNCHANGED			
896	ITM_SERIAL_IO		↕	addItemToBuffer	ITM_SERIAL_IO	0	0	CAT_NONE	PTP_DISABLED	SLS_UNCHANGED			
897	ITM_RIGHT_SHORT_ARROW		⇀	addItemToBuffer	ITM_RIGHT_SHORT_ARROW	0	0	CAT_NONE	PTP_DISABLED	SLS_UNCHANGED			
898	ITM_LEFT_RIGHT_ARROWS		↔	addItemToBuffer	ITM_LEFT_RIGHT_ARROWS	0	0	CAT_NONE	PTP_DISABLED	SLS_UNCHANGED			
899	ITM_BST_SIGN		⇉	addItemToBuffer	ITM_BST_SIGN	0	0	CAT_NONE	PTP_DISABLED	SLS_UNCHANGED			
900	ITM_SST_SIGN		⇋	addItemToBuffer	ITM_SST_SIGN	0	0	CAT_NONE	PTP_DISABLED	SLS_UNCHANGED			
901	ITM_HAMBURGER		⇌	addItemToBuffer	ITM_HAMBURGER	0	0	CAT_NONE	PTP_DISABLED	SLS_UNCHANGED			
902	ITM_UNDO_SIGN		⎌	itemToBeCoded	NOPARAM	0	0	CAT_NONE	PTP_DISABLED	SLS_UNCHANGED			
903	ITM_FOR_ALL		Ɐ	addItemToBuffer	ITM_FOR_ALL	0	0	CAT_NONE	PTP_DISABLED	SLS_UNCHANGED			
904	ITM_COMPLEMENT		∁	addItemToBuffer	ITM_COMPLEMENT	0	0	CAT_NONE	PTP_DISABLED	SLS_UNCHANGED			
905	ITM_PARTIAL_DIFF		∂	addItemToBuffer	ITM_PARTIAL_DIFF	0	0	CAT_NONE	PTP_DISABLED	SLS_UNCHANGED			
906	ITM_THERE_EXISTS		∃	addItemToBuffer	ITM_THERE_EXISTS	0	0	CAT_NONE	PTP_DISABLED	SLS_UNCHANGED			
907	ITM_THERE_DOES_NOT_EXIST		∄	addItemToBuffer	ITM_THERE_DOES_NOT_EXIST	0	0	CAT_NONE	PTP_DISABLED	SLS_UNCHANGED			
908	ITM_EMPTY_SET		∅	addItemToBuffer	ITM_EMPTY_SET	0	0	CAT_NONE	PTP_DISABLED	SLS_UNCHANGED			
909	ITM_INCREMENT		∆	addItemToBuffer	ITM_INCREMENT	0	0	CAT_NONE	PTP_DISABLED	SLS_UNCHANGED			
910	ITM_NABLA		∇	addItemToBuffer	ITM_NABLA	0	0	CAT_NONE	PTP_DISABLED	SLS_UNCHANGED			
911	ITM_ELEMENT_OF		∈	addItemToBuffer	ITM_ELEMENT_OF	0	0	CAT_NONE	PTP_DISABLED	SLS_UNCHANGED			
912	ITM_NOT_ELEMENT_OF		∉	addItemToBuffer	ITM_NOT_ELEMENT_OF	0	0	CAT_NONE	PTP_DISABLED	SLS_UNCHANGED			
913	ITM_CONTAINS		∋	addItemToBuffer	ITM_CONTAINS	0	0	CAT_NONE	PTP_DISABLED	SLS_UNCHANGED			
914	ITM_DOES_NOT_CONTAIN		∌	addItemToBuffer	ITM_DOES_NOT_CONTAIN	0	0	CAT_NONE	PTP_DISABLED	SLS_UNCHANGED			
915	ITM_BINARY_ZERO		∎	itemToBeCoded	NOPARAM	0	0	CAT_NONE	PTP_DISABLED	SLS_UNCHANGED			
916	ITM_PRODUCT		∏	addItemToBuffer	ITM_PRODUCT	0	0	CAT_NONE	PTP_DISABLED	SLS_UNCHANGED			
917	ITM_MINUS_PLUS		∓	itemToBeCoded	NOPARAM	0	0	CAT_NONE	PTP_DISABLED	SLS_UNCHANGED			
918	ITM_RING		∘	addItemToBuffer	ITM_RING	0	0	CAT_NONE	PTP_DISABLED	SLS_UNCHANGED			
919	ITM_BULLET		∙	addItemToBuffer	ITM_BULLET	0	0	CAT_NONE	PTP_DISABLED	SLS_UNCHANGED			
920	ITM_SQUARE_ROOT		√	addItemToBuffer	ITM_SQUARE_ROOT	0	0	CAT_NONE	PTP_DISABLED	SLS_UNCHANGED			
921	ITM_CUBEROOT_SIGN		∛	addItemToBuffer	ITM_CUBEROOT_SIGN	0	0	CAT_NONE	PTP_DISABLED	SLS_UNCHANGED			
922	ITM_xTH_ROOT		∜	addItemToBuffer	ITM_xTH_ROOT	0	0	CAT_NONE	PTP_DISABLED	SLS_UNCHANGED			
923	ITM_PROPORTIONAL		∝	addItemToBuffer	ITM_PROPORTIONAL	0	0	CAT_NONE	PTP_DISABLED	SLS_UNCHANGED			
924	ITM_INFINITY		∞	addItemToBuffer	ITM_INFINITY	0	0	CAT_NONE	PTP_DISABLED	SLS_UNCHANGED			
925	ITM_RIGHT_ANGLE		∟	addItemToBuffer	ITM_RIGHT_ANGLE	0	0	CAT_NONE	PTP_DISABLED	SLS_UNCHANGED			
926	ITM_IRRATIONAL_I		ℐ	addItemToBuffer	ITM_IRRATIONAL_I	0	0	CAT_NONE	PTP_DISABLED	SLS_UNCHANGED			
927	ITM_MEASURED_ANGLE		∡	addItemToBuffer	ITM_MEASURED_ANGLE	0	0	CAT_NONE	PTP_DISABLED	SLS_UNCHANGED			
928	ITM_DIVIDES		∣	itemToBeCoded	NOPARAM	0	0	CAT_NONE	PTP_DISABLED	SLS_UNCHANGED			
929	ITM_DOES_NOT_DIVIDE		∤	itemToBeCoded	NOPARAM	0	0	CAT_NONE	PTP_DISABLED	SLS_UNCHANGED			
930	ITM_PARALLEL_SIGN		∥	addItemToBuffer	ITM_PARALLEL_SIGN	0	0	CAT_NONE	PTP_DISABLED	SLS_UNCHANGED			
931	ITM_NOT_PARALLEL		∦	itemToBeCoded	NOPARAM	0	0	CAT_NONE	PTP_DISABLED	SLS_UNCHANGED			
932	ITM_AND		∧	addItemToBuffer	ITM_AND	0	0	CAT_NONE	PTP_DISABLED	SLS_UNCHANGED			
933	ITM_OR		∨	addItemToBuffer	ITM_OR	0	0	CAT_NONE	PTP_DISABLED	SLS_UNCHANGED			
934	ITM_INTERSECTION		∩	addItemToBuffer	ITM_INTERSECTION	0	0	CAT_NONE	PTP_DISABLED	SLS_UNCHANGED			
935	ITM_UNION		∪	addItemToBuffer	ITM_UNION	0	0	CAT_NONE	PTP_DISABLED	SLS_UNCHANGED			
936	ITM_INTEGRAL_SIGN		∫	addItemToBuffer	ITM_INTEGRAL_SIGN	0	0	CAT_NONE	PTP_DISABLED	SLS_UNCHANGED			
937	ITM_DOUBLE_INTEGRAL		∬	addItemToBuffer	ITM_DOUBLE_INTEGRAL	0	0	CAT_NONE	PTP_DISABLED	SLS_UNCHANGED			
938	ITM_CONTOUR_INTEGRAL		∮	addItemToBuffer	ITM_CONTOUR_INTEGRAL	0	0	CAT_NONE	PTP_DISABLED	SLS_UNCHANGED			
939	ITM_SURFACE_INTEGRAL		∯	addItemToBuffer	ITM_SURFACE_INTEGRAL	0	0	CAT_NONE	PTP_DISABLED	SLS_UNCHANGED			
940	ITM_RATIO		∶	itemToBeCoded	NOPARAM	0	0	CAT_NONE	PTP_DISABLED	SLS_UNCHANGED			
941	ITM_CHECK_MARK		✓	addItemToBuffer	ITM_CHECK_MARK	0	0	CAT_NONE	PTP_DISABLED	SLS_UNCHANGED			
942	ITM_ASYMPOTICALLY_EQUAL		≃	addItemToBuffer	ITM_ASYMPOTICALLY_EQUAL	0	0	CAT_NONE	PTP_DISABLED	SLS_UNCHANGED			
943	ITM_ALMOST_EQUAL		≈	addItemToBuffer	ITM_ALMOST_EQUAL	0	0	CAT_NONE	PTP_DISABLED	SLS_UNCHANGED			
944	ITM_COLON_EQUALS		≔	addItemToBuffer	ITM_COLON_EQUALS	0	0	CAT_NONE	PTP_DISABLED	SLS_UNCHANGED			
945	ITM_CORRESPONDS_TO		≘	addItemToBuffer	ITM_CORRESPONDS_TO	0	0	CAT_NONE	PTP_DISABLED	SLS_UNCHANGED			
946	ITM_ESTIMATES		≙	addItemToBuffer	ITM_ESTIMATES	0	0	CAT_NONE	PTP_DISABLED	SLS_UNCHANGED			
947	ITM_NOT_EQUAL		≠	addItemToBuffer	ITM_NOT_EQUAL	0	0	CAT_NONE	PTP_DISABLED	SLS_UNCHANGED			
948	ITM_IDENTICAL_TO		≡	addItemToBuffer	ITM_IDENTICAL_TO	0	0	CAT_NONE	PTP_DISABLED	SLS_UNCHANGED			
949	ITM_LESS_EQUAL		≤	addItemToBuffer	ITM_LESS_EQUAL	0	0	CAT_NONE	PTP_DISABLED	SLS_UNCHANGED			
950	ITM_GREATER_EQUAL		≥	addItemToBuffer	ITM_GREATER_EQUAL	0	0	CAT_NONE	PTP_DISABLED	SLS_UNCHANGED			
951	ITM_MUCH_LESS		≪	itemToBeCoded	NOPARAM	0	0	CAT_NONE	PTP_DISABLED	SLS_UNCHANGED			
952	ITM_MUCH_GREATER		≫	itemToBeCoded	NOPARAM	0	0	CAT_NONE	PTP_DISABLED	SLS_UNCHANGED			
953	ITM_SUN		⊙	addItemToBuffer	ITM_SUN	0	0	CAT_NONE	PTP_DISABLED	SLS_UNCHANGED			
954	ITM_TRANSPOSED		⊤	addItemToBuffer	ITM_TRANSPOSED	0	0	CAT_NONE	PTP_DISABLED	SLS_UNCHANGED			
955	ITM_PERPENDICULAR		⊥	addItemToBuffer	ITM_PERPENDICULAR	0	0	CAT_NONE	PTP_DISABLED	SLS_UNCHANGED			
956	ITM_XOR		⊻	addItemToBuffer	ITM_XOR	0	0	CAT_NONE	PTP_DISABLED	SLS_UNCHANGED			
957	ITM_NAND		⊼	addItemToBuffer	ITM_NAND	0	0	CAT_NONE	PTP_DISABLED	SLS_UNCHANGED			
958	ITM_NOR		⊽	addItemToBuffer	ITM_NOR	0	0	CAT_NONE	PTP_DISABLED	SLS_UNCHANGED			
959	ITM_WATCH		⌚	addItemToBuffer	ITM_WATCH	0	0	CAT_NONE	PTP_DISABLED	SLS_UNCHANGED			
960	ITM_HOURGLASS		⌛	addItemToBuffer	ITM_HOURGLASS	0	0	CAT_NONE	PTP_DISABLED	SLS_UNCHANGED			
961	ITM_PRINTER		⎙	addItemToBuffer	ITM_PRINTER	0	0	CAT_NONE	PTP_DISABLED	SLS_UNCHANGED			
962	ITM_MAT_TL		⎡	addItemToBuffer	ITM_MAT_TL	0	0	CAT_NONE	PTP_DISABLED	SLS_UNCHANGED			
963	ITM_MAT_ML		⎢	addItemToBuffer	ITM_MAT_ML	0	0	CAT_NONE	PTP_DISABLED	SLS_UNCHANGED			
964	ITM_MAT_BL		⎣	addItemToBuffer	ITM_MAT_BL	0	0	CAT_NONE	PTP_DISABLED	SLS_UNCHANGED			
965	ITM_MAT_TR		⎤	addItemToBuffer	ITM_MAT_TR	0	0	CAT_NONE	PTP_DISABLED	SLS_UNCHANGED			
966	ITM_MAT_MR		⎥	addItemToBuffer	ITM_MAT_MR	0	0	CAT_NONE	PTP_DISABLED	SLS_UNCHANGED			
967	ITM_MAT_BR		⎦	addItemToBuffer	ITM_MAT_BR	0	0	CAT_NONE	PTP_DISABLED	SLS_UNCHANGED			
968	ITM_OBLIQUE1		␡	itemToBeCoded	NOPARAM	0	0	CAT_NONE	PTP_DISABLED	SLS_UNCHANGED			
969	ITM_OBLIQUE2		␢	itemToBeCoded	NOPARAM	0	0	CAT_NONE	PTP_DISABLED	SLS_UNCHANGED			
970	ITM_OBLIQUE3		␥	itemToBeCoded	NOPARAM	0	0	CAT_NONE	PTP_DISABLED	SLS_UNCHANGED			
971	ITM_OBLIQUE4		␦	itemToBeCoded	NOPARAM	0	0	CAT_NONE	PTP_DISABLED	SLS_UNCHANGED			
972	ITM_CURSOR		␧	itemToBeCoded	NOPARAM	0	0	CAT_NONE	PTP_DISABLED	SLS_UNCHANGED			
973	ITM_PERIOD34		␨	itemToBeCoded	NOPARAM	0	0	CAT_NONE	PTP_DISABLED	SLS_UNCHANGED			
974	ITM_COMMA34		␩	itemToBeCoded	NOPARAM	0	0	CAT_NONE	PTP_DISABLED	SLS_UNCHANGED			
975	ITM_BATTERY		␪	addItemToBuffer	ITM_BATTERY	0	0	CAT_NONE	PTP_DISABLED	SLS_UNCHANGED			
976	ITM_PGM_BEGIN		␫	addItemToBuffer	ITM_PGM_BEGIN	0	0	CAT_NONE	PTP_DISABLED	SLS_UNCHANGED			
977	ITM_USER_MODE		␬	addItemToBuffer	ITM_USER_MODE	0	0	CAT_NONE	PTP_DISABLED	SLS_UNCHANGED			
978	ITM_UK		␭	addItemToBuffer	ITM_UK	0	0	CAT_NONE	PTP_DISABLED	SLS_UNCHANGED			
979	ITM_US		␮	addItemToBuffer	ITM_US	0	0	CAT_NONE	PTP_DISABLED	SLS_UNCHANGED			
980	ITM_NEG_EXCLAMATION_MARK		␯	addItemToBuffer	ITM_NEG_EXCLAMATION_MARK	0	0	CAT_NONE	PTP_DISABLED	SLS_UNCHANGED			
981	ITM_ex		⇄	addItemToBuffer	ITM_ex	0	0	CAT_NONE	PTP_DISABLED	SLS_UNCHANGED			
982	ITM_LF_PIC		␊	addItemToBuffer	ITM_LF_PIC	0	0	CAT_NONE	PTP_DISABLED	SLS_UNCHANGED			
983	ITM_SMALL_SQUARE		▪	addItemToBuffer	ITM_SMALL_SQUARE	0	0	CAT_NONE	PTP_DISABLED	SLS_UNCHANGED			
988	ITM_0P	0.	0.	addItemToBuffer	ITM_0P	0	0	CAT_NONE	PTP_DISABLED	SLS_UNCHANGED			
989	ITM_1P	1.	1.	addItemToBuffer	ITM_1P	0	0	CAT_NONE	PTP_DISABLED	SLS_UNCHANGED			
990	ITM_EXPONENT		EEX	addItemToBuffer	ITM_EXPONENT	0	0	CAT_NONE	PTP_DISABLED	SLS_UNCHANGED			
991	ITM_litre		ℓ	addItemToBuffer	ITM_litre	0	0	CAT_NONE	PTP_DISABLED	SLS_UNCHANGED			
992	ITM_M_GOTO_ROW	GOTO Row	GOTO	fnGoToRow	TM_VALUE	0	9999	CAT_NONE	PTP_DISABLED	SLS_UNCHANGED			
993	ITM_M_GOTO_COLUMN	GOTO Column	GOTO	fnGoToColumn	TM_VALUE	0	9999	CAT_NONE	PTP_DISABLED	SLS_UNCHANGED			
994	ITM_SOLVE_VAR	SOLVE Var	SOLVE	fnSolveVar	NOPARAM	0	0	CAT_NONE	PTP_DISABLED	SLS_UNCHANGED			
995	ITM_EQ_LEFT		←	fnEqCursorLeft	NOPARAM	0	0	CAT_NONE	PTP_DISABLED	SLS_UNCHANGED			
996	ITM_EQ_RIGHT		→	fnEqCursorRight	NOPARAM	0	0	CAT_NONE	PTP_DISABLED	SLS_UNCHANGED			
997	ITM_PAIR_OF_PARENTHESES		( )	addItemToBuffer	ITM_PAIR_OF_PARENTHESES	0	0	CAT_NONE	PTP_DISABLED	SLS_UNCHANGED			
998	ITM_VERTICAL_BAR		|	addItemToBuffer	ITM_VERTICAL_BAR	0	0	CAT_NONE	PTP_DISABLED	SLS_UNCHANGED			
999	ITM_ALOG_SIGN		ⅇˣ	addItemToBuffer	ITM_ALOG_SIGN	0	0	CAT_NONE	PTP_DISABLED	SLS_UNCHANGED			
1000	ITM_ROOT_SIGN		√	addItemToBuffer	ITM_ROOT_SIGN	0	0	CAT_NONE	PTP_DISABLED	SLS_UNCHANGED			
1001	ITM_TIMER_SYMBOL		⏱	addItemToBuffer	ITM_TIMER_SYMBOL	0	0	CAT_NONE	PTP_DISABLED	SLS_UNCHANGED			
1002	ITM_Sfdx_VAR	∫fdx VarL	∫fdx E	fnIntVar	NOPARAM	0	0	CAT_NONE	PTP_DISABLED	SLS_UNCHANGED			
1003	ITM_SUP_PLUS		Ⅺ	addItemToBuffer	ITM_SUP_PLUS	0	0	CAT_NONE	PTP_DISABLED	SLS_UNCHANGED			
1004	ITM_SUP_MINUS		Ⅻ	addItemToBuffer	ITM_SUP_MINUS	0	0	CAT_NONE	PTP_DISABLED	SLS_UNCHANGED			
1006	ITM_SUP_INFINITY		₞	addItemToBuffer	ITM_SUP_INFINITY	0	0	CAT_NONE	PTP_DISABLED	SLS_UNCHANGED			
1007	ITM_SUP_ASTERISK		₏	addItemToBuffer	ITM_SUP_ASTERISK	0	0	CAT_NONE	PTP_DISABLED	SLS_UNCHANGED			
1008	ITM_SUP_0		Ⅰ	itemToBeCoded	NOPARAM	0	0	CAT_NONE	PTP_DISABLED	SLS_UNCHANGED			
1009	ITM_SUP_1		Ⅱ	itemToBeCoded	NOPARAM	0	0	CAT_NONE	PTP_DISABLED	SLS_UNCHANGED			
1010	ITM_SUP_2		Ⅲ	itemToBeCoded	NOPARAM	0	0	CAT_NONE	PTP_DISABLED	SLS_UNCHANGED			
1011	ITM_SUP_3		Ⅳ	itemToBeCoded	NOPARAM	0	0	CAT_NONE	PTP_DISABLED	SLS_UNCHANGED			
1012	ITM_SUP_4		Ⅴ	itemToBeCoded	NOPARAM	0	0	CAT_NONE	PTP_DISABLED	SLS_UNCHANGED			
1013	ITM_SUP_5		Ⅵ	itemToBeCoded	NOPARAM	0	0	CAT_NONE	PTP_DISABLED	SLS_UNCHANGED			
1014	ITM_SUP_6		Ⅶ	itemToBeCoded	NOPARAM	0	0	CAT_NONE	PTP_DISABLED	SLS_UNCHANGED			
1015	ITM_SUP_7		Ⅷ	itemToBeCoded	NOPARAM	0	0	CAT_NONE	PTP_DISABLED	SLS_UNCHANGED			
1016	ITM_SUP_8		Ⅸ	itemToBeCoded	NOPARAM	0	0	CAT_NONE	PTP_DISABLED	SLS_UNCHANGED			
1017	ITM_SUP_9		Ⅹ	itemToBeCoded	NOPARAM	0	0	CAT_NONE	PTP_DISABLED	SLS_UNCHANGED			
1018	ITM_SUP_A		Ⓐ	itemToBeCoded	NOPARAM	0	0	CAT_NONE	PTP_DISABLED	SLS_UNCHANGED			
1019	ITM_SUP_B		Ⓑ	itemToBeCoded	NOPARAM	0	0	CAT_NONE	PTP_DISABLED	SLS_UNCHANGED			
1020	ITM_SUP_C		Ⓒ	itemToBeCoded	NOPARAM	0	0	CAT_NONE	PTP_DISABLED	SLS_UNCHANGED			
1021	ITM_SUP_D		Ⓓ	itemToBeCoded	NOPARAM	0	0	CAT_NONE	PTP_DISABLED	SLS_UNCHANGED			
1022	ITM_SUP_E		Ⓔ	itemToBeCoded	NOPARAM	0	0	CAT_NONE	PTP_DISABLED	SLS_UNCHANGED			
1023	ITM_SUP_F		Ⓕ	itemToBeCoded	NOPARAM	0	0	CAT_NONE	PTP_DISABLED	SLS_UNCHANGED			
1024	ITM_SUP_G		Ⓖ	itemToBeCoded	NOPARAM	0	0	CAT_NONE	PTP_DISABLED	SLS_UNCHANGED			
1025	ITM_SUP_H		Ⓗ	itemToBeCoded	NOPARAM	0	0	CAT_NONE	PTP_DISABLED	SLS_UNCHANGED			
1026	ITM_SUP_I		Ⓘ	itemToBeCoded	NOPARAM	0	0	CAT_NONE	PTP_DISABLED	SLS_UNCHANGED			
1027	ITM_SUP_J		Ⓙ	itemToBeCoded	NOPARAM	0	0	CAT_NONE	PTP_DISABLED	SLS_UNCHANGED			
1028	ITM_SUP_K		Ⓚ	itemToBeCoded	NOPARAM	0	0	CAT_NONE	PTP_DISABLED	SLS_UNCHANGED			
1029	ITM_SUP_L		Ⓛ	itemToBeCoded	NOPARAM	0	0	CAT_NONE	PTP_DISABLED	SLS_UNCHANGED			
1030	ITM_SUP_M		Ⓜ	itemToBeCoded	NOPARAM	0	0	CAT_NONE	PTP_DISABLED	SLS_UNCHANGED			
1031	ITM_SUP_N		Ⓝ	itemToBeCoded	NOPARAM	0	0	CAT_NONE	PTP_DISABLED	SLS_UNCHANGED			
1032	ITM_SUP_O		Ⓞ	itemToBeCoded	NOPARAM	0	0	CAT_NONE	PTP_DISABLED	SLS_UNCHANGED			
1033	ITM_SUP_P		Ⓟ	itemToBeCoded	NOPARAM	0	0	CAT_NONE	PTP_DISABLED	SLS_UNCHANGED			
1034	ITM_SUP_Q		Ⓠ	itemToBeCoded	NOPARAM	0	0	CAT_NONE	PTP_DISABLED	SLS_UNCHANGED			
1035	ITM_SUP_R		Ⓡ	itemToBeCoded	NOPARAM	0	0	CAT_NONE	PTP_DISABLED	SLS_UNCHANGED			
1036	ITM_SUP_S		Ⓢ	itemToBeCoded	NOPARAM	0	0	CAT_NONE	PTP_DISABLED	SLS_UNCHANGED			
1037	ITM_SUP_T		Ⓣ	itemToBeCoded	NOPARAM	0	0	CAT_NONE	PTP_DISABLED	SLS_UNCHANGED			
1038	ITM_SUP_U		Ⓤ	itemToBeCoded	NOPARAM	0	0	CAT_NONE	PTP_DISABLED	SLS_UNCHANGED			
1039	ITM_SUP_V		Ⓥ	itemToBeCoded	NOPARAM	0	0	CAT_NONE	PTP_DISABLED	SLS_UNCHANGED			
1040	ITM_SUP_W		Ⓦ	itemToBeCoded	NOPARAM	0	0	CAT_NONE	PTP_DISABLED	SLS_UNCHANGED			
1041	ITM_SUP_X		Ⓧ	itemToBeCoded	NOPARAM	0	0	CAT_NONE	PTP_DISABLED	SLS_UNCHANGED			
1042	ITM_SUP_Y		Ⓨ	itemToBeCoded	NOPARAM	0	0	CAT_NONE	PTP_DISABLED	SLS_UNCHANGED			
1043	ITM_SUP_Z		Ⓩ	itemToBeCoded	NOPARAM	0	0	CAT_NONE	PTP_DISABLED	SLS_UNCHANGED			
1044	ITM_SUP_a		⒂	itemToBeCoded	NOPARAM	0	0	CAT_NONE	PTP_DISABLED	SLS_UNCHANGED			
1045	ITM_SUP_b		⒃	itemToBeCoded	NOPARAM	0	0	CAT_NONE	PTP_DISABLED	SLS_UNCHANGED			
1046	ITM_SUP_c		⒄	itemToBeCoded	NOPARAM	0	0	CAT_NONE	PTP_DISABLED	SLS_UNCHANGED			
1047	ITM_SUP_d		⒅	itemToBeCoded	NOPARAM	0	0	CAT_NONE	PTP_DISABLED	SLS_UNCHANGED			
1048	ITM_SUP_e		⒆	itemToBeCoded	NOPARAM	0	0	CAT_NONE	PTP_DISABLED	SLS_UNCHANGED			
1049	ITM_SUP_f		⒇	itemToBeCoded	NOPARAM	0	0	CAT_NONE	PTP_DISABLED	SLS_UNCHANGED			
1050	ITM_SUP_g		⒈	itemToBeCoded	NOPARAM	0	0	CAT_NONE	PTP_DISABLED	SLS_UNCHANGED			
1051	ITM_SUP_h		⒉	itemToBeCoded	NOPARAM	0	0	CAT_NONE	PTP_DISABLED	SLS_UNCHANGED			
1052	ITM_SUP_i		⒊	itemToBeCoded	NOPARAM	0	0	CAT_NONE	PTP_DISABLED	SLS_UNCHANGED			
1053	ITM_SUP_j		⒋	itemToBeCoded	NOPARAM	0	0	CAT_NONE	PTP_DISABLED	SLS_UNCHANGED			
1054	ITM_SUP_k		⒌	itemToBeCoded	NOPARAM	0	0	CAT_NONE	PTP_DISABLED	SLS_UNCHANGED			
1055	ITM_SUP_l		⒍	itemToBeCoded	NOPARAM	0	0	CAT_NONE	PTP_DISABLED	SLS_UNCHANGED			
1056	ITM_SUP_m		⒎	itemToBeCoded	NOPARAM	0	0	CAT_NONE	PTP_DISABLED	SLS_UNCHANGED			
1057	ITM_SUP_n		⒏	itemToBeCoded	NOPARAM	0	0	CAT_NONE	PTP_DISABLED	SLS_UNCHANGED			
1058	ITM_SUP_o		⒐	itemToBeCoded	NOPARAM	0	0	CAT_NONE	PTP_DISABLED	SLS_UNCHANGED			
1059	ITM_SUP_p		⒑	itemToBeCoded	NOPARAM	0	0	CAT_NONE	PTP_DISABLED	SLS_UNCHANGED			
1060	ITM_SUP_q		⒒	itemToBeCoded	NOPARAM	0	0	CAT_NONE	PTP_DISABLED	SLS_UNCHANGED			
1061	ITM_SUP_r		⒓	itemToBeCoded	NOPARAM	0	0	CAT_NONE	PTP_DISABLED	SLS_UNCHANGED			
1062	ITM_SUP_s		⒔	itemToBeCoded	NOPARAM	0	0	CAT_NONE	PTP_DISABLED	SLS_UNCHANGED			
1063	ITM_SUP_t		⒕	itemToBeCoded	NOPARAM	0	0	CAT_NONE	PTP_DISABLED	SLS_UNCHANGED			
1064	ITM_SUP_u		⒖	itemToBeCoded	NOPARAM	0	0	CAT_NONE	PTP_DISABLED	SLS_UNCHANGED			
1065	ITM_SUP_v		⒗	itemToBeCoded	NOPARAM	0	0	CAT_NONE	PTP_DISABLED	SLS_UNCHANGED			
1066	ITM_SUP_w		⒘	itemToBeCoded	NOPARAM	0	0	CAT_NONE	PTP_DISABLED	SLS_UNCHANGED			
1067	ITM_SUP_x		⒙	itemToBeCoded	NOPARAM	0	0	CAT_NONE	PTP_DISABLED	SLS_UNCHANGED			
1068	ITM_SUP_y		⒚	itemToBeCoded	NOPARAM	0	0	CAT_NONE	PTP_DISABLED	SLS_UNCHANGED			
1069	ITM_SUP_z		⒛	itemToBeCoded	NOPARAM	0	0	CAT_NONE	PTP_DISABLED	SLS_UNCHANGED			
1070	ITM_SUB_alpha		⊖	itemToBeCoded	NOPARAM	0	0	CAT_NONE	PTP_DISABLED	SLS_UNCHANGED			
1071	ITM_SUB_delta		⊗	itemToBeCoded	NOPARAM	0	0	CAT_NONE	PTP_DISABLED	SLS_UNCHANGED			
1072	ITM_SUB_mu		⊘	itemToBeCoded	NOPARAM	0	0	CAT_NONE	PTP_DISABLED	SLS_UNCHANGED			
1073	ITM_SUB_SUN		⊚	addItemToBuffer	ITM_SUB_SUN	0	0	CAT_NONE	PTP_DISABLED	SLS_UNCHANGED			
1074	ITM_SUB_EARTH		⊕	addItemToBuffer	ITM_SUB_EARTH	0	0	CAT_NONE	PTP_DISABLED	SLS_UNCHANGED			
1075	ITM_SUB_PLUS		₊	addItemToBuffer	ITM_SUB_PLUS	0	0	CAT_NONE	PTP_DISABLED	SLS_UNCHANGED			
1076	ITM_SUB_MINUS		₋	addItemToBuffer	ITM_SUB_MINUS	0	0	CAT_NONE	PTP_DISABLED	SLS_UNCHANGED			
1077	ITM_SUB_INFINITY		₟	addItemToBuffer	ITM_SUB_INFINITY	0	0	CAT_NONE	PTP_DISABLED	SLS_UNCHANGED			
1078	ITM_SUB_10		⑽	itemToBeCoded	NOPARAM	0	0	CAT_NONE	PTP_DISABLED	SLS_UNCHANGED			
1079	ITM_SUB_E_OUTLINE		⁳	addItemToBuffer	ITM_SUB_E_OUTLINE	0	0	CAT_NONE	PTP_DISABLED	SLS_UNCHANGED			
1080	ITM_SUB_0		₀	itemToBeCoded	NOPARAM	0	0	CAT_NONE	PTP_DISABLED	SLS_UNCHANGED			
1081	ITM_SUB_1		₁	itemToBeCoded	NOPARAM	0	0	CAT_NONE	PTP_DISABLED	SLS_UNCHANGED			
1082	ITM_SUB_2		₂	itemToBeCoded	NOPARAM	0	0	CAT_NONE	PTP_DISABLED	SLS_UNCHANGED			
1083	ITM_SUB_3		₃	itemToBeCoded	NOPARAM	0	0	CAT_NONE	PTP_DISABLED	SLS_UNCHANGED			
1084	ITM_SUB_4		₄	itemToBeCoded	NOPARAM	0	0	CAT_NONE	PTP_DISABLED	SLS_UNCHANGED			
1085	ITM_SUB_5		₅	itemToBeCoded	NOPARAM	0	0	CAT_NONE	PTP_DISABLED	SLS_UNCHANGED			
1086	ITM_SUB_6		₆	itemToBeCoded	NOPARAM	0	0	CAT_NONE	PTP_DISABLED	SLS_UNCHANGED			
1087	ITM_SUB_7		₇	itemToBeCoded	NOPARAM	0	0	CAT_NONE	PTP_DISABLED	SLS_UNCHANGED			
1088	ITM_SUB_8		₈	itemToBeCoded	NOPARAM	0	0	CAT_NONE	PTP_DISABLED	SLS_UNCHANGED			
1089	ITM_SUB_9		₉	itemToBeCoded	NOPARAM	0	0	CAT_NONE	PTP_DISABLED	SLS_UNCHANGED			
1090	ITM_SUB_A		ⓐ	itemToBeCoded	NOPARAM	0	0	CAT_NONE	PTP_DISABLED	SLS_UNCHANGED			
1091	ITM_SUB_B		ⓑ	itemToBeCoded	NOPARAM	0	0	CAT_NONE	PTP_DISABLED	SLS_UNCHANGED			
1092	ITM_SUB_C		ⓒ	itemToBeCoded	NOPARAM	0	0	CAT_NONE	PTP_DISABLED	SLS_UNCHANGED			
1093	ITM_SUB_D		ⓓ	itemToBeCoded	NOPARAM	0	0	CAT_NONE	PTP_DISABLED	SLS_UNCHANGED			
1094	ITM_SUB_E		ⓔ	itemToBeCoded	NOPARAM	0	0	CAT_NONE	PTP_DISABLED	SLS_UNCHANGED			
1095	ITM_SUB_F		ⓕ	itemToBeCoded	NOPARAM	0	0	CAT_NONE	PTP_DISABLED	SLS_UNCHANGED			
1096	ITM_SUB_G		ⓖ	itemToBeCoded	NOPARAM	0	0	CAT_NONE	PTP_DISABLED	SLS_UNCHANGED			
1097	ITM_SUB_H		ⓗ	itemToBeCoded	NOPARAM	0	0	CAT_NONE	PTP_DISABLED	SLS_UNCHANGED			
1098	ITM_SUB_I		ⓘ	itemToBeCoded	NOPARAM	0	0	CAT_NONE	PTP_DISABLED	SLS_UNCHANGED			
1099	ITM_SUB_J		ⓙ	itemToBeCoded	NOPARAM	0	0	CAT_NONE	PTP_DISABLED	SLS_UNCHANGED			
1100	ITM_SUB_K		ⓚ	itemToBeCoded	NOPARAM	0	0	CAT_NONE	PTP_DISABLED	SLS_UNCHANGED			
1101	ITM_SUB_L		ⓛ	itemToBeCoded	NOPARAM	0	0	CAT_NONE	PTP_DISABLED	SLS_UNCHANGED			
1102	ITM_SUB_M		ⓜ	itemToBeCoded	NOPARAM	0	0	CAT_NONE	PTP_DISABLED	SLS_UNCHANGED			
1103	ITM_SUB_N		ⓝ	itemToBeCoded	NOPARAM	0	0	CAT_NONE	PTP_DISABLED	SLS_UNCHANGED			
1104	ITM_SUB_O		ⓞ	itemToBeCoded	NOPARAM	0	0	CAT_NONE	PTP_DISABLED	SLS_UNCHANGED			
1105	ITM_SUB_P		ⓟ	itemToBeCoded	NOPARAM	0	0	CAT_NONE	PTP_DISABLED	SLS_UNCHANGED			
1106	ITM_SUB_Q		ⓠ	itemToBeCoded	NOPARAM	0	0	CAT_NONE	PTP_DISABLED	SLS_UNCHANGED			
1107	ITM_SUB_R		ⓡ	itemToBeCoded	NOPARAM	0	0	CAT_NONE	PTP_DISABLED	SLS_UNCHANGED			
1108	ITM_SUB_S		ⓢ	itemToBeCoded	NOPARAM	0	0	CAT_NONE	PTP_DISABLED	SLS_UNCHANGED			
1109	ITM_SUB_T		ⓣ	itemToBeCoded	NOPARAM	0	0	CAT_NONE	PTP_DISABLED	SLS_UNCHANGED			
1110	ITM_SUB_U		ⓤ	itemToBeCoded	NOPARAM	0	0	CAT_NONE	PTP_DISABLED	SLS_UNCHANGED			
1111	ITM_SUB_V		ⓥ	itemToBeCoded	NOPARAM	0	0	CAT_NONE	PTP_DISABLED	SLS_UNCHANGED			
1112	ITM_SUB_W		ⓦ	itemToBeCoded	NOPARAM	0	0	CAT_NONE	PTP_DISABLED	SLS_UNCHANGED			
1113	ITM_SUB_X		ⓧ	itemToBeCoded	NOPARAM	0	0	CAT_NONE	PTP_DISABLED	SLS_UNCHANGED			
1114	ITM_SUB_Y		ⓨ	itemToBeCoded	NOPARAM	0	0	CAT_NONE	PTP_DISABLED	SLS_UNCHANGED			
1115	ITM_SUB_Z		ⓩ	itemToBeCoded	NOPARAM	0	0	CAT_NONE	PTP_DISABLED	SLS_UNCHANGED			
1116	ITM_SUB_a		⒜	itemToBeCoded	NOPARAM	0	0	CAT_NONE	PTP_DISABLED	SLS_UNCHANGED			
1117	ITM_SUB_b		⒝	itemToBeCoded	NOPARAM	0	0	CAT_NONE	PTP_DISABLED	SLS_UNCHANGED			
1118	ITM_SUB_c		⒞	itemToBeCoded	NOPARAM	0	0	CAT_NONE	PTP_DISABLED	SLS_UNCHANGED			
1119	ITM_SUB_d		⒟	itemToBeCoded	NOPARAM	0	0	CAT_NONE	PTP_DISABLED	SLS_UNCHANGED			
1120	ITM_SUB_e		⒠	itemToBeCoded	NOPARAM	0	0	CAT_NONE	PTP_DISABLED	SLS_UNCHANGED			
1121	ITM_SUB_f		⒡	itemToBeCoded	NOPARAM	0	0	CAT_NONE	PTP_DISABLED	SLS_UNCHANGED			
1122	ITM_SUB_g		⒢	itemToBeCoded	NOPARAM	0	0	CAT_NONE	PTP_DISABLED	SLS_UNCHANGED			
1123	ITM_SUB_h		⒣	itemToBeCoded	NOPARAM	0	0	CAT_NONE	PTP_DISABLED	SLS_UNCHANGED			
1124	ITM_SUB_i		⒤	itemToBeCoded	NOPARAM	0	0	CAT_NONE	PTP_DISABLED	SLS_UNCHANGED			
1125	ITM_SUB_j		⒥	itemToBeCoded	NOPARAM	0	0	CAT_NONE	PTP_DISABLED	SLS_UNCHANGED			
1126	ITM_SUB_k		⒦	itemToBeCoded	NOPARAM	0	0	CAT_NONE	PTP_DISABLED	SLS_UNCHANGED			
1127	ITM_SUB_l		⒧	itemToBeCoded	NOPARAM	0	0	CAT_NONE	PTP_DISABLED	SLS_UNCHANGED			
1128	ITM_SUB_m		⒨	itemToBeCoded	NOPARAM	0	0	CAT_NONE	PTP_DISABLED	SLS_UNCHANGED			
1129	ITM_SUB_n		⒩	itemToBeCoded	NOPARAM	0	0	CAT_NONE	PTP_DISABLED	SLS_UNCHANGED			
1130	ITM_SUB_o		⒪	itemToBeCoded	NOPARAM	0	0	CAT_NONE	PTP_DISABLED	SLS_UNCHANGED			
1131	ITM_SUB_p		⒫	itemToBeCoded	NOPARAM	0	0	CAT_NONE	PTP_DISABLED	SLS_UNCHANGED			
1132	ITM_SUB_q		⒬	itemToBeCoded	NOPARAM	0	0	CAT_NONE	PTP_DISABLED	SLS_UNCHANGED			
1133	ITM_SUB_r		⒭	itemToBeCoded	NOPARAM	0	0	CAT_NONE	PTP_DISABLED	SLS_UNCHANGED			
1134	ITM_SUB_s		⒮	itemToBeCoded	NOPARAM	0	0	CAT_NONE	PTP_DISABLED	SLS_UNCHANGED			
1135	ITM_SUB_t		⒯	itemToBeCoded	NOPARAM	0	0	CAT_NONE	PTP_DISABLED	SLS_UNCHANGED			
1136	ITM_SUB_u		⒰	itemToBeCoded	NOPARAM	0	0	CAT_NONE	PTP_DISABLED	SLS_UNCHANGED			
1137	ITM_SUB_v		⒱	itemToBeCoded	NOPARAM	0	0	CAT_NONE	PTP_DISABLED	SLS_UNCHANGED			
1138	ITM_SUB_w		⒲	itemToBeCoded	NOPARAM	0	0	CAT_NONE	PTP_DISABLED	SLS_UNCHANGED			
1139	ITM_SUB_x		⒳	itemToBeCoded	NOPARAM	0	0	CAT_NONE	PTP_DISABLED	SLS_UNCHANGED			
1140	ITM_SUB_y		⒴	itemToBeCoded	NOPARAM	0	0	CAT_NONE	PTP_DISABLED	SLS_UNCHANGED			
1141	ITM_SUB_z		⒵	itemToBeCoded	NOPARAM	0	0	CAT_NONE	PTP_DISABLED	SLS_UNCHANGED			
1142	ITM_SUB_pi		Ɽ	addItemToBuffer	ITM_SUB_pi	0	0	CAT_NONE	PTP_DISABLED	SLS_UNCHANGED			
1143	ITM_SUP_pi		ⱥ	addItemToBuffer	ITM_SUP_pi	0	0	CAT_NONE	PTP_DISABLED	SLS_UNCHANGED			
1144	ITM_CB_OFF		☐	addItemToBuffer	ITM_CB_OFF	0	0	CAT_NONE	PTP_DISABLED	SLS_UNCHANGED			
1145	ITM_CB_ON		☒	addItemToBuffer	ITM_CB_ON	0	0	CAT_NONE	PTP_DISABLED	SLS_UNCHANGED			
1146	ITM_RB_OFF		◯	addItemToBuffer	ITM_RB_OFF	0	0	CAT_NONE	PTP_DISABLED	SLS_UNCHANGED			
1147	ITM_RB_ON		⦿	addItemToBuffer	ITM_RB_ON	0	0	CAT_NONE	PTP_DISABLED	SLS_UNCHANGED			
1148	ITM_ALTERN_CURRENT		⏦	addItemToBuffer	ITM_ALTERN_CURRENT	0	0	CAT_NONE	PTP_DISABLED	SLS_UNCHANGED			
1149	ITM_ANGLE		∠	addItemToBuffer	ITM_ANGLE	0	0	CAT_NONE	PTP_DISABLED	SLS_UNCHANGED			
1150	ITM_BATTERYHALF		␵	addItemToBuffer	ITM_BATTERYHALF	0	0	CAT_NONE	PTP_DISABLED	SLS_UNCHANGED			
1151	ITM_DIA_OFF		◇	addItemToBuffer	ITM_DIA_OFF	0	0	CAT_NONE	PTP_DISABLED	SLS_UNCHANGED			
1152	ITM_CYCLIC		♺	addItemToBuffer	ITM_CYCLIC	0	0	CAT_NONE	PTP_DISABLED	SLS_UNCHANGED			
1153	ITM_DIRECT_CURRENT		⎓	addItemToBuffer	ITM_DIRECT_CURRENT	0	0	CAT_NONE	PTP_DISABLED	SLS_UNCHANGED			
1154	ITM_DOWN_DASHARROW		⇣	addItemToBuffer	ITM_DOWN_DASHARROW	0	0	CAT_NONE	PTP_DISABLED	SLS_UNCHANGED			
1155	ITM_EulerE		ⅇ	addItemToBuffer	ITM_EulerE	0	0	CAT_NONE	PTP_DISABLED	SLS_UNCHANGED			
1156	ITM_INTEGER_Z		ℤ	addItemToBuffer	ITM_INTEGER_Z	0	0	CAT_NONE	PTP_DISABLED	SLS_UNCHANGED			
1157	ITM_LEFT_DASHARROW		⇠	addItemToBuffer	ITM_LEFT_DASHARROW	0	0	CAT_NONE	PTP_DISABLED	SLS_UNCHANGED			
1158	ITM_NOT_SUBSET_OF		⊄	addItemToBuffer	ITM_NOT_SUBSET_OF	0	0	CAT_NONE	PTP_DISABLED	SLS_UNCHANGED			
1159	ITM_op_i_char		ⅈ	addItemToBuffer	ITM_op_i_char	0	0	CAT_NONE	PTP_DISABLED	SLS_UNCHANGED			
1160	ITM_op_j_char		ⅉ	addItemToBuffer	ITM_op_j_char	0	0	CAT_NONE	PTP_DISABLED	SLS_UNCHANGED			
1161	ITM_POLAR_char		⊙	addItemToBuffer	ITM_POLAR_char	0	0	CAT_NONE	PTP_DISABLED	SLS_UNCHANGED			
1162	ITM_DIA_ON		◈	addItemToBuffer	ITM_DIA_ON	0	0	CAT_NONE	PTP_DISABLED	SLS_UNCHANGED			
1163	ITM_RIGHT_DASHARROW		⇢	addItemToBuffer	ITM_RIGHT_DASHARROW	0	0	CAT_NONE	PTP_DISABLED	SLS_UNCHANGED			
1164	ITM_RIGHT_DOUBLE_ARROW		⇒	addItemToBuffer	ITM_RIGHT_DOUBLE_ARROW	0	0	CAT_NONE	PTP_DISABLED	SLS_UNCHANGED			
1165	ITM_RIGHT_TACK		⊢	addItemToBuffer	ITM_RIGHT_TACK	0	0	CAT_NONE	PTP_DISABLED	SLS_UNCHANGED			
1166	ITM_1166	1166	1166	addItemToBuffer	NOPARAM	0	0	CAT_NONE	PTP_DISABLED	SLS_UNCHANGED			
1167	ITM_SUBSET_OF		⊂	addItemToBuffer	ITM_SUBSET_OF	0	0	CAT_NONE	PTP_DISABLED	SLS_UNCHANGED			
1168	ITM_SUM_char		∑	addItemToBuffer	ITM_SUM_char	0	0	CAT_NONE	PTP_DISABLED	SLS_UNCHANGED			
1169	ITM_UP_DASHARROW		⇡	addItemToBuffer	ITM_UP_DASHARROW	0	0	CAT_NONE	PTP_DISABLED	SLS_UNCHANGED			
1170	ITM_USB_SYMBOL		␴	addItemToBuffer	ITM_USB_SYMBOL	0	0	CAT_NONE	PTP_DISABLED	SLS_UNCHANGED			
1171	ITM_LEFT_RIGHT_DOUBLE_ARROW		⇔	addItemToBuffer	ITM_LEFT_RIGHT_DOUBLE_ARROW	0	0	CAT_NONE	PTP_DISABLED	SLS_UNCHANGED			
1172	ITM_CR		↵	addItemToBuffer	ITM_CR	0	0	CAT_NONE	PTP_DISABLED	SLS_UNCHANGED			
1173	ITM_TIME_T		ℸ	addItemToBuffer	ITM_TIME_T	0	0	CAT_NONE	PTP_DISABLED	SLS_UNCHANGED			
1174	ITM_DATE_D		ⅅ	addItemToBuffer	ITM_DATE_D	0	0	CAT_NONE	PTP_DISABLED	SLS_UNCHANGED			
1175		X	X	addItemToBuffer	REGISTER_X	0	0	CAT_RVAR	PTP_DISABLED	SLS_UNCHANGED			
1176		Y	Y	addItemToBuffer	REGISTER_Y	0	0	CAT_RVAR	PTP_DISABLED	SLS_UNCHANGED			
1177		Z	Z	addItemToBuffer	REGISTER_Z	0	0	CAT_RVAR	PTP_DISABLED	SLS_UNCHANGED			
1178		T	T	addItemToBuffer	REGISTER_T	0	0	CAT_RVAR	PTP_DISABLED	SLS_UNCHANGED			
1179		A	A	addItemToBuffer	REGISTER_A	0	0	CAT_RVAR	PTP_DISABLED	SLS_UNCHANGED			
1180		B	B	addItemToBuffer	REGISTER_B	0	0	CAT_RVAR	PTP_DISABLED	SLS_UNCHANGED			
1181		C	C	addItemToBuffer	REGISTER_C	0	0	CAT_RVAR	PTP_DISABLED	SLS_UNCHANGED			
1182		D	D	addItemToBuffer	REGISTER_D	0	0	CAT_RVAR	PTP_DISABLED	SLS_UNCHANGED			
1183		L	L	addItemToBuffer	REGISTER_L	0	0	CAT_RVAR	PTP_DISABLED	SLS_UNCHANGED			
1184		I	I	addItemToBuffer	REGISTER_I	0	0	CAT_RVAR	PTP_DISABLED	SLS_UNCHANGED			
1185		J	J	addItemToBuffer	REGISTER_J	0	0	CAT_RVAR	PTP_DISABLED	SLS_UNCHANGED			
1186		K	K	addItemToBuffer	REGISTER_K	0	0	CAT_RVAR	PTP_DISABLED	SLS_UNCHANGED			
1187		ADM	ADM	itemToBeCoded	NOPARAM	0	0	CAT_RVAR	PTP_DISABLED	SLS_UNCHANGED			
1188		D.MAX	D.MAX	itemToBeCoded	NOPARAM	0	0	CAT_RVAR	PTP_DISABLED	SLS_UNCHANGED			
1189		ISM	ISM	itemToBeCoded	NOPARAM	0	0	CAT_RVAR	PTP_DISABLED	SLS_UNCHANGED			
1190		REALDF	REALDF	itemToBeCoded	NOPARAM	0	0	CAT_RVAR	PTP_DISABLED	SLS_UNCHANGED			
1191		#DEC	#DEC	itemToBeCoded	NOPARAM	0	0	CAT_RVAR	PTP_DISABLED	SLS_UNCHANGED			
1192		ACC	ACC	fnIntegrate	RESERVED_VARIABLE_ACC	0	0	CAT_RVAR	PTP_DISABLED	SLS_UNCHANGED			
1193		↑Lim	↑Lim	fnIntegrate	RESERVED_VARIABLE_ULIM	0	0	CAT_RVAR	PTP_DISABLED	SLS_UNCHANGED			
1194		↓Lim	↓Lim	fnIntegrate	RESERVED_VARIABLE_LLIM	0	0	CAT_RVAR	PTP_DISABLED	SLS_UNCHANGED			
1195		FV	FV	fnTvmVar	RESERVED_VARIABLE_FV	0	0	CAT_RVAR	PTP_NONE	SLS_UNCHANGED	FV	132 171	
1196		I/a	I/a	fnTvmVar	RESERVED_VARIABLE_IPONA	0	0	CAT_RVAR	PTP_NONE	SLS_UNCHANGED	I/a	132 172	
1197		n	n	fnTvmVar	RESERVED_VARIABLE_NPPER	0	0	CAT_RVAR	PTP_NONE	SLS_UNCHANGED	n	132 173	
1198		pp/a	pp/a	fnTvmVar	RESERVED_VARIABLE_PPERONA	0	0	CAT_RVAR	PTP_NONE	SLS_UNCHANGED	pp/a	132 174	
1199		PMT	PMT	fnTvmVar	RESERVED_VARIABLE_PMT	0	0	CAT_RVAR	PTP_NONE	SLS_UNCHANGED	PMT	132 175	
1200		PV	PV	fnTvmVar	RESERVED_VARIABLE_PV	0	0	CAT_RVAR	PTP_NONE	SLS_UNCHANGED	PV	132 176	
1202		Mat_A	Mat A	fnEditLinearEquationMatrixA	NOPARAM	0	0	CAT_RVAR	PTP_DISABLED	SLS_UNCHANGED			
1203		Mat_B	Mat B	fnEditLinearEquationMatrixB	NOPARAM	0	0	CAT_RVAR	PTP_DISABLED	SLS_UNCHANGED			
1204		Mat_X	Mat X	fnEditLinearEquationMatrixX	NOPARAM	0	0	CAT_RVAR	PTP_DISABLED	SLS_UNCHANGED			
1205		↑X	↑X	fnStore	RESERVED_VARIABLE_UX	0	0	CAT_RVAR	PTP_DISABLED	SLS_UNCHANGED			
1206		↓X	↓X	fnStore	RESERVED_VARIABLE_LX	0	0	CAT_RVAR	PTP_DISABLED	SLS_UNCHANGED			
1208	ITM_BINOMP	Binom⒫	Binom⒫	fnBinomialP	NOPARAM	0	0	CAT_FNCT	PTP_NONE	SLS_ENABLED	Binom_p	132 184	Binomp
1209	ITM_BINOM	Binom◭	Binom◭	fnBinomialL	NOPARAM	0	0	CAT_FNCT	PTP_NONE	SLS_ENABLED	BinomΦL	132 185	Binomu25ED
1210	ITM_BINOMU	Binom◮	Binom◮	fnBinomialR	NOPARAM	0	0	CAT_FNCT	PTP_NONE	SLS_ENABLED	BinomΦR	132 186	Binomu25EE
1211	ITM_BINOMM1	BinomⅫⅡ	BinomⅫⅡ	fnBinomialI	NOPARAM	0	0	CAT_FNCT	PTP_NONE	SLS_ENABLED	Binom⁻¹	132 187	Binom^-1 BinomⅫ;1
1213	ITM_CAUCHP	Cauch⒫	Cauch⒫	fnCauchyP	NOPARAM	0	0	CAT_FNCT	PTP_NONE	SLS_ENABLED	Cauch_p	132 189	Cauchp
1214	ITM_CAUCH	Cauch◭	Cauch◭	fnCauchyL	NOPARAM	0	0	CAT_FNCT	PTP_NONE	SLS_ENABLED	CauchΦL	132 190	Cauch◭
1215	ITM_CAUCHU	Cauch◮	Cauch◮	fnCauchyR	NOPARAM	0	0	CAT_FNCT	PTP_NONE	SLS_ENABLED	CauchΦR	132 191	Cauch◮
1216	ITM_CAUCHM1	CauchⅫⅡ	CauchⅫⅡ	fnCauchyI	NOPARAM	0	0	CAT_FNCT	PTP_NONE	SLS_ENABLED	Cauch⁻¹	132 192	Cauch^-1 CauchⅫ;1
1218	ITM_EXPONP	Expon⒫	Expon⒫	fnExponentialP	NOPARAM	0	0	CAT_FNCT	PTP_NONE	SLS_ENABLED	Expon_p	132 194	Exponp
1219	ITM_EXPON	Expon◭	Expon◭	fnExponentialL	NOPARAM	0	0	CAT_FNCT	PTP_NONE	SLS_ENABLED	ExponΦL	132 195	Expon◭
1220	ITM_EXPONU	Expon◮	Expon◮	fnExponentialR	NOPARAM	0	0	CAT_FNCT	PTP_NONE	SLS_ENABLED	ExponΦR	132 196	Expon◮
1221	ITM_EXPONM1	ExponⅫⅡ	ExponⅫⅡ	fnExponentialI	NOPARAM	0	0	CAT_FNCT	PTP_NONE	SLS_ENABLED	Expon⁻¹	132 197	Expon^-1 ExponⅫ;1
1223	ITM_FPX	F⒫(x)	F⒫(x)	fnF_P	NOPARAM	0	0	CAT_FNCT	PTP_NONE	SLS_ENABLED	F_p(𝑥)	132 199	F_p(x) Fp(x)
1224	ITM_FX	F◭(x)	F◭(x)	fnF_L	NOPARAM	0	0	CAT_FNCT	PTP_NONE	SLS_ENABLED	F_ΦL(𝑥)	132 200	F_ΦL(x) F◭(x)
1225	ITM_FUX	F◮(x)	F◮(x)	fnF_R	NOPARAM	0	0	CAT_FNCT	PTP_NONE	SLS_ENABLED	F_ΦR(𝑥)	132 201	F_ΦR(x) F◮(x)
1226	ITM_FM1P	FⅫⅡ(p)	FⅫⅡ(p)	fnF_I	NOPARAM	0	0	CAT_FNCT	PTP_NONE	SLS_ENABLED	F⁻¹(p)	132 202	F^-1(p) FⅫ;1(p)
1228	ITM_GEOMP	Geom⒫	Geom⒫	fnGeometricP	NOPARAM	0	0	CAT_FNCT	PTP_NONE	SLS_ENABLED	Geom_p	132 204	Geomp
1229	ITM_GEOM	Geom◭	Geom◭	fnGeometricL	NOPARAM	0	0	CAT_FNCT	PTP_NONE	SLS_ENABLED	GeomΦL	132 205	Geom◭
1230	ITM_GEOMU	Geom◮	Geom◮	fnGeometricR	NOPARAM	0	0	CAT_FNCT	PTP_NONE	SLS_ENABLED	GeomΦR	132 206	Geom◮
1231	ITM_GEOMM1	GeomⅫⅡ	GeomⅫⅡ	fnGeometricI	NOPARAM	0	0	CAT_FNCT	PTP_NONE	SLS_ENABLED	Geom⁻¹	132 207	Geom^-1 GeomⅫ;1
1233	ITM_HYPERP	Hyper⒫	Hyper⒫	fnHypergeometricP	NOPARAM	0	0	CAT_FNCT	PTP_NONE	SLS_ENABLED	Hyper_p	132 209	Hyperp
1234	ITM_HYPER	Hyper◭	Hyper◭	fnHypergeometricL	NOPARAM	0	0	CAT_FNCT	PTP_NONE	SLS_ENABLED	HyperΦL	132 210	Hyper◭
1235	ITM_HYPERU	Hyper◮	Hyper◮	fnHypergeometricR	NOPARAM	0	0	CAT_FNCT	PTP_NONE	SLS_ENABLED	HyperΦR	132 211	Hyper◮
1236	ITM_HYPERM1	HyperⅫⅡ	HyperⅫⅡ	fnHypergeometricI	NOPARAM	0	0	CAT_FNCT	PTP_NONE	SLS_ENABLED	Hyper⁻¹	132 212	Hyper^-1 HyperⅫ;1
1238	ITM_LGNRMP	LgNrm⒫	LgNrm⒫	fnLogNormalP	NOPARAM	0	0	CAT_FNCT	PTP_NONE	SLS_ENABLED	LgNrm_p	132 214	LgNrmp
1239	ITM_LGNRM	LgNrm◭	LgNrm◭	fnLogNormalL	NOPARAM	0	0	CAT_FNCT	PTP_NONE	SLS_ENABLED	LgNrmΦL	132 215	LgNrm◭
1240	ITM_LGNRMU	LgNrm◮	LgNrm◮	fnLogNormalR	NOPARAM	0	0	CAT_FNCT	PTP_NONE	SLS_ENABLED	LgNrmΦR	132 216	LgNrm◮
1241	ITM_LGNRMM1	LgNrmⅫⅡ	LgNrmⅫⅡ	fnLogNormalI	NOPARAM	0	0	CAT_FNCT	PTP_NONE	SLS_ENABLED	LgNrm⁻¹	132 217	LgNrm^-1 LgNrmⅫ;1
1243	ITM_LOGISP	Logis⒫	Logis⒫	fnLogisticP	NOPARAM	0	0	CAT_FNCT	PTP_NONE	SLS_ENABLED	Logis_p	132 219	Logisp
1244	ITM_LOGIS	Logis◭	Logis◭	fnLogisticL	NOPARAM	0	0	CAT_FNCT	PTP_NONE	SLS_ENABLED	LogisΦL	132 220	Logis◭
1245	ITM_LOGISU	Logis◮	Logis◮	fnLogisticR	NOPARAM	0	0	CAT_FNCT	PTP_NONE	SLS_ENABLED	LogisΦR	132 221	Logis◮
1246	ITM_LOGISM1	LogisⅫⅡ	LogisⅫⅡ	fnLogisticI	NOPARAM	0	0	CAT_FNCT	PTP_NONE	SLS_ENABLED	Logis⁻¹	132 222	Logis^-1 LogisⅫ;1
1248	ITM_NBINP	NBin⒫	NBin⒫	fnNegBinomialP	NOPARAM	0	0	CAT_FNCT	PTP_NONE	SLS_ENABLED	NBin_p	132 224	NBinp
1249	ITM_NBIN	NBin◭	NBin◭	fnNegBinomialL	NOPARAM	0	0	CAT_FNCT	PTP_NONE	SLS_ENABLED	NBinΦL	132 225	NBin◭
1250	ITM_NBINU	NBin◮	NBin◮	fnNegBinomialR	NOPARAM	0	0	CAT_FNCT	PTP_NONE	SLS_ENABLED	NBinΦR	132 226	NBin◮
1251	ITM_NBINM1	NBinⅫⅡ	NBinⅫⅡ	fnNegBinomialI	NOPARAM	0	0	CAT_FNCT	PTP_NONE	SLS_ENABLED	NBin⁻¹	132 227	NBin^-1 NBinⅫ;1
1253	ITM_NORMLP	Norml⒫	Norml⒫	fnNormalP	NOPARAM	0	0	CAT_FNCT	PTP_NONE	SLS_ENABLED	Norml_p	132 229	Normlp
1254	ITM_NORML	Norml◭	Norml◭	fnNormalL	NOPARAM	0	0	CAT_FNCT	PTP_NONE	SLS_ENABLED	NormlΦL	132 230	Norml◭
1255	ITM_NORMLU	Norml◮	Norml◮	fnNormalR	NOPARAM	0	0	CAT_FNCT	PTP_NONE	SLS_ENABLED	NormlΦR	132 231	Norml◮
1256	ITM_NORMLM1	NormlⅫⅡ	NormlⅫⅡ	fnNormalI	NOPARAM	0	0	CAT_FNCT	PTP_NONE	SLS_ENABLED	Norml⁻¹	132 232	Norml^-1 NormlⅫ;1
1258	ITM_POISSP	Poiss⒫	Poiss⒫	fnPoissonP	NOPARAM	0	0	CAT_FNCT	PTP_NONE	SLS_ENABLED	Poiss_p	132 234	Poissp
1259	ITM_POISS	Poiss◭	Poiss◭	fnPoissonL	NOPARAM	0	0	CAT_FNCT	PTP_NONE	SLS_ENABLED	PoissΦL	132 235	Poiss◭
1260	ITM_POISSU	Poiss◮	Poiss◮	fnPoissonR	NOPARAM	0	0	CAT_FNCT	PTP_NONE	SLS_ENABLED	PoissΦR	132 236	Poiss◮
1261	ITM_POISSM1	PoissⅫⅡ	PoissⅫⅡ	fnPoissonI	NOPARAM	0	0	CAT_FNCT	PTP_NONE	SLS_ENABLED	Poiss⁻¹	132 237	Poiss^-1 PoissⅫ;1
1263	ITM_TPX	t⒫(x)	t⒫(x)	fnT_P	NOPARAM	0	0	CAT_FNCT	PTP_NONE	SLS_ENABLED	t_p(𝑥)	132 239	t_p(x) tp(x)
1264	ITM_TX	t◭(x)	t◭(x)	fnT_L	NOPARAM	0	0	CAT_FNCT	PTP_NONE	SLS_ENABLED	t_ΦL(𝑥)	132 240	t_ΦL(x) t◭(x)
1265	ITM_TUX	t◮(x)	t◮(x)	fnT_R	NOPARAM	0	0	CAT_FNCT	PTP_NONE	SLS_ENABLED	t_ΦR(𝑥)	132 241	t_ΦR(x) t◮(x)
1266	ITM_TM1P	tⅫⅡ(p)	tⅫⅡ(p)	fnT_I	NOPARAM	0	0	CAT_FNCT	PTP_NONE	SLS_ENABLED	t⁻¹(p)	132 242	t^-1(p) tu216b1(p)
1268	ITM_WEIBLP	Weibl⒫	Weibl⒫	fnWeibullP	NOPARAM	0	0	CAT_FNCT	PTP_NONE	SLS_ENABLED	Weibl_p	132 244	Weiblp
1269	ITM_WEIBL	Weibl◭	Weibl◭	fnWeibullL	NOPARAM	0	0	CAT_FNCT	PTP_NONE	SLS_ENABLED	WeiblΦL	132 245	Weibl◭
1270	ITM_WEIBLU	Weibl◮	Weibl◮	fnWeibullR	NOPARAM	0	0	CAT_FNCT	PTP_NONE	SLS_ENABLED	WeiblΦR	132 246	Weibl◮
1271	ITM_WEIBLM1	WeiblⅫⅡ	WeiblⅫⅡ	fnWeibullI	NOPARAM	0	0	CAT_FNCT	PTP_NONE	SLS_ENABLED	Weibl⁻¹	132 247	Weibl^-1 WeiblⅫ;1
1273	ITM_chi2Px	χі(x)	χі(x)	fnChi2P	NOPARAM	0	0	CAT_FNCT	PTP_NONE	SLS_ENABLED	χ²_p(𝑥)	132 249	chi^2_p(x) χ^2(x) χ^2_p(x)
1274	ITM_chi2x	χї(x)	χї(x)	fnChi2L	NOPARAM	0	0	CAT_FNCT	PTP_NONE	SLS_ENABLED	χ²_ΦL(𝑥)	132 250	chi^2_ΦL(x) χ^2_◭(x)
1275	ITM_chi2ux	χј(x)	χј(x)	fnChi2R	NOPARAM	0	0	CAT_FNCT	PTP_NONE	SLS_ENABLED	χ²_ΦR(𝑥)	132 251	chi^2_ΦR(x) χ^2_◮(x)
1276	ITM_chi2M1	(χⅢ)ⅫⅡ	(χⅢ)ⅫⅡ	fnChi2I	NOPARAM	0	0	CAT_FNCT	PTP_NONE	SLS_ENABLED	(χ²)⁻¹	132 252	(chi^2)^-1 (χ^2)Ⅻ;1
1278	ITM_STDNORMLP	ϕ⒫	ϕ⒫	fnStdNormalP	NOPARAM	0	0	CAT_FNCT	PTP_NONE	SLS_ENABLED	φ_p	132 254	φp ϕp
1279	ITM_STDNORML	Φ◭	Φ◭	fnStdNormalL	NOPARAM	0	0	CAT_FNCT	PTP_NONE	SLS_ENABLED	Φ_ΦL	132 255	Φ_ΦL(x) Φ◭(x)
1280	ITM_STDNORMLU	Φ◮	Φ◮	fnStdNormalR	NOPARAM	0	0	CAT_FNCT	PTP_NONE	SLS_ENABLED	Φ_ΦR	133 0	Φ_ΦR(x) Φ◮(x)
1281	ITM_STDNORMLM1	ΦⅫⅡ	ΦⅫⅡ	fnStdNormalI	NOPARAM	0	0	CAT_FNCT	PTP_NONE	SLS_ENABLED	Φ⁻¹	133 1	Φ^-1 ΦⅫ;1
1282	ITM_GEVP	GEV⒫	GEV⒫	fnGEVP	NOPARAM	0	0	CAT_FNCT	PTP_NONE	SLS_ENABLED	GEV_p	133 2	GEVp
1283	ITM_GEV	GEV◭	GEV◭	fnGEVL	NOPARAM	0	0	CAT_FNCT	PTP_NONE	SLS_ENABLED	GEV_ΦL	133 3	GEV◭
1284	ITM_GEVU	GEV◮	GEV◮	fnGEVR	NOPARAM	0	0	CAT_FNCT	PTP_NONE	SLS_ENABLED	GEV_ΦR	133 4	GEV◮
1285	ITM_GEVM1	GEVⅫⅡ	GEVⅫⅡ	fnGEVI	NOPARAM	0	0	CAT_FNCT	PTP_NONE	SLS_ENABLED	GEV⁻¹	133 5	GEV^-1 GEVⅫ;1
1287	ITM_PARETOP	Prto⒫	Prto⒫	fnParetoP	NOPARAM	0	0	CAT_FNCT	PTP_NONE	SLS_ENABLED	Prto_p	133 7	Prtop
1288	ITM_PARETOL	Prto◭	Prto◭	fnParetoL	NOPARAM	0	0	CAT_FNCT	PTP_NONE	SLS_ENABLED	Prto_ΦL	133 8	Prto◭
1289	ITM_PARETOU	Prto◮	Prto◮	fnParetoU	NOPARAM	0	0	CAT_FNCT	PTP_NONE	SLS_ENABLED	Prto_ΦR	133 9	Prto◮
1290	ITM_PARETOM1	PrtoⅫⅡ	PrtoⅫⅡ	fnParetoI	NOPARAM	0	0	CAT_FNCT	PTP_NONE	SLS_ENABLED	Prto⁻¹	133 10	Prto^-1 PrtoⅫ;1
1291	ITM_PARETO2P	Prto2⒫	Prto2⒫	fnPareto2P	NOPARAM	0	0	CAT_FNCT	PTP_NONE	SLS_ENABLED	Prto2_p	133 11	Prto2p
1292	ITM_PARETO2L	Prto2◭	Prto2◭	fnPareto2L	NOPARAM	0	0	CAT_FNCT	PTP_NONE	SLS_ENABLED	Prto2_ΦL	133 12	Prto2◭
1293	ITM_PARETO2U	Prto2◮	Prto2◮	fnPareto2U	NOPARAM	0	0	CAT_FNCT	PTP_NONE	SLS_ENABLED	Prto2_ΦR	133 13	Prto2◮
1294	ITM_PARETO2M1	Prto2ⅫⅡ	Prto2ⅫⅡ	fnPareto2I	NOPARAM	0	0	CAT_FNCT	PTP_NONE	SLS_ENABLED	Prto2⁻¹	133 14	Prto2^-1 Prto2Ⅻ;1
1297	ITM_BESTF_OLD	>BestF<	>BestF<	fnCurveFitting	TM_VALUE	0	511	CAT_NONE	PTP_NUMBER_16	SLS_ENABLED			
1298	ITM_T_EXPF	ExpF	ExpF	fnCurveFitting_T	CF_EXPONENTIAL_FITTING	0	0	CAT_FNCT	PTP_DISABLED	SLS_ENABLED			
1299	ITM_T_LINF	LinF	LinF	fnCurveFitting_T	CF_LINEAR_FITTING	0	0	CAT_FNCT	PTP_DISABLED	SLS_ENABLED			
1300	ITM_T_LOGF	LogF	LogF	fnCurveFitting_T	CF_LOGARITHMIC_FITTING	0	0	CAT_FNCT	PTP_DISABLED	SLS_ENABLED			
1301	ITM_T_ORTHOF	OrthoF	OrthoF	fnCurveFitting_T	CF_ORTHOGONAL_FITTING	0	0	CAT_FNCT	PTP_DISABLED	SLS_ENABLED			
1302	ITM_T_POWERF	PowerF	PowerF	fnCurveFitting_T	CF_POWER_FITTING	0	0	CAT_FNCT	PTP_DISABLED	SLS_ENABLED			
1303	ITM_T_GAUSSF	GaussF	GaussF	fnCurveFitting_T	CF_GAUSS_FITTING	0	0	CAT_FNCT	PTP_DISABLED	SLS_ENABLED			
1304	ITM_T_CAUCHF	CauchF	CauchF	fnCurveFitting_T	CF_CAUCHY_FITTING	0	0	CAT_FNCT	PTP_DISABLED	SLS_ENABLED			
1305	ITM_T_PARABF	ParabF	ParabF	fnCurveFitting_T	CF_PARABOLIC_FITTING	0	0	CAT_FNCT	PTP_DISABLED	SLS_ENABLED			
1306	ITM_T_HYPF	HypF	HypF	fnCurveFitting_T	CF_HYPERBOLIC_FITTING	0	0	CAT_FNCT	PTP_DISABLED	SLS_ENABLED			
1307	ITM_T_ROOTF	RootF	RootF	fnCurveFitting_T	CF_ROOT_FITTING	0	0	CAT_FNCT	PTP_DISABLED	SLS_ENABLED			
1308	ITM_SETALLF	AllF	AllF	fnCurveFittingReset	1	0	0	CAT_FNCT	PTP_NONE	SLS_UNCHANGED	AllF	133 28	
1309	ITM_RSTF	ResetF	ResetF	fnCurveFittingReset	0	0	0	CAT_FNCT	PTP_NONE	SLS_ENABLED	ResetF	133 29	
1310	ITM_BESTF	BestF	BestF	fnCurveFitting	TM_VALUE	0	511	CAT_FNCT	PTP_NUMBER_16	SLS_ENABLED	BestF	133 30	
1317	ITM_RM_HALF_EVEN	½E	½E	fnSetRoundingMode	0	0	0	CAT_FNCT	PTP_NONE	SLS_UNCHANGED	½E	133 37	RMHalfEven
1318	ITM_RM_HALF_UP	½↑	½↑	fnSetRoundingMode	1	0	0	CAT_FNCT	PTP_NONE	SLS_UNCHANGED	½↑	133 38	RMHalfUp
1319	ITM_RM_HALF_DOWN	½↓	½↓	fnSetRoundingMode	2	0	0	CAT_FNCT	PTP_NONE	SLS_UNCHANGED	½↓	133 39	RMHalfDn
1320	ITM_RM_UP	←0→	←0→	fnSetRoundingMode	3	0	0	CAT_FNCT	PTP_NONE	SLS_UNCHANGED	→0→	133 40	RMAway0
1321	ITM_RM_DOWN	→0←	→0←	fnSetRoundingMode	4	0	0	CAT_FNCT	PTP_NONE	SLS_UNCHANGED	→0←	133 41	RMto0
1322	ITM_RM_CEILING	⎡x⎤	⎡x⎤	fnSetRoundingMode	5	0	0	CAT_FNCT	PTP_NONE	SLS_UNCHANGED	⎡x⎤	133 42	RMCeiling
1323	ITM_RM_FLOOR	⎣x⎦	⎣x⎦	fnSetRoundingMode	6	0	0	CAT_FNCT	PTP_NONE	SLS_UNCHANGED	⎣x⎦	133 43	RMFloor
1324	ITM_ROUNDMM	PseudoMenu	RM	fnSetRoundingModeM	NOPARAM	0	0	CAT_NONE	PTP_DISABLED	SLS_UNCHANGED			
1325	ITM_SET_RM	RM	RM	fnSetRoundingModeRegist	REGISTER_X	0	99	CAT_FNCT	PTP_NONE	SLS_ENABLED	RM	133 45	
1327	ITM_SET_42ALPHAX	αREGX	αREGX	fnSet42AlphaX	REGISTER_X	0	99	CAT_FNCT	PTP_NONE	SLS_ENABLED	αREGX	133 47	
1328	ITM_GET_LPFCT	LP%#	LP%#	LPDP_fnGetLP	NOPARAM	0	0		PTP_NONE	SLS_ENABLED	LP%#	133 48	
1329	ITM_SET_LPFCT	LP%	LP%	LPDP_fnSetLP	REGISTER_X	0	99		PTP_NONE	SLS_ENABLED	LP%	133 49	
1330	ITM_GET_DPFCT	DP%#	DP%#	LPDP_fnGetDP	NOPARAM	0	0		PTP_NONE	SLS_ENABLED	DP%#	133 50	
1331	ITM_SET_DPFCT	DP%	DP%	LPDP_fnSetDP	REGISTER_X	0	99		PTP_NONE	SLS_ENABLED	DP%	133 51	
1332	ITM_SET_42ALPHA	αREG	αREG	fnSet42Alpha	TM_REGISTER	0	99	CAT_FNCT	PTP_REGISTER	SLS_ENABLED	αREG	133 52	
1333	ITM_GET_42ALPHA	αREG#	αREG#	fnGet42Alpha	NOPARAM	0	0	CAT_FNCT	PTP_NONE	SLS_UNCHANGED	αREG#	133 53	
1334	ITM_BASEMENU	MyMenu	MyM	fnBaseMenu	NOPARAM	0	0	CAT_NONE	PTP_DISABLED	SLS_UNCHANGED			
1340	ITM_ATEXT	ATEXT	ATEXT	ATX_fnAText	ATX_TM	0	99	ATX_FNCT	PTP_REGISTER	SLS_ENABLED	ATEXT	133 60	
1341	ITM_GET_GRFNT	GRFNT#	GRFNT#	ATF_fnGetGRFNT	NOPARAM	0	0	ATF_FNCT	PTP_NONE	SLS_ENABLED	GRFNT#	133 61	
1342	ITM_SET_GRFNT	GRFNT	GRFNT	ATF_fnSetGRFNT	REGISTER_X	0	99	ATF_FNCT	PTP_NONE	SLS_ENABLED	GRFNT	133 62	
1401		i%	i%	fnTvmVarIp	RESERVED_VARIABLE_IP	0	0	CAT_RVAR	PTP_NONE	SLS_UNCHANGED	i%	133 121	
1402	ITM_CLRTVM	CLRTVM	CLRTVM	fnClrTvm	NOPARAM	0	0	CAT_FNCT	PTP_NONE	SLS_ENABLED	CLRTVM	133 122	
1403	ITM_RSTTVM	RSTTVM	RSTTVM	fnRstTvm	NOPARAM	0	0	CAT_FNCT	PTP_NONE	SLS_ENABLED	RSTTVM	133 123	
1404	ITM_1COMPL	1COMPL	1COMPL	fnIntegerMode	SIM_1COMPL	0	0	CAT_FNCT	PTP_NONE	SLS_ENABLED	1COMPL	133 124	1CMPL 1’s
1405	ITM_SNAP	SNAP	SNAP	fnSNAP	NOPARAM	0	0	CAT_FNCT	PTP_NONE	SLS_UNCHANGED	SNAP	133 125	
1406	ITM_2COMPL	2COMPL	2COMPL	fnIntegerMode	SIM_2COMPL	0	0	CAT_FNCT	PTP_NONE	SLS_ENABLED	2COMPL	133 126	2CMPL 2’s
1407	ITM_ABS	>ABS<	>ABS<	fnMagnitude	NOPARAM	0	0	CAT_NONE	PTP_NONE	SLS_ENABLED			
1408	ITM_AGM	AGM	AGM	fnAgm	NOPARAM	0	0	CAT_FNCT	PTP_NONE	SLS_ENABLED	AGM	133 128	
1409	ITM_AGRAPH	AGRAPH	AGRAPH	fnAGraph	TM_REGISTER	0	99	CAT_FNCT	PTP_REGISTER	SLS_ENABLED	AGRAPH	133 129	
1410	ITM_ALL	ALL	ALL	fnDisplayFormatAll	TM_VALUE	0	DSP_MAX	CAT_FNCT	PTP_NUMBER_8	SLS_ENABLED	ALL	133 130	
1411	ITM_ASSIGN	ASSIGN	ASN	fnAssign	0	0	0	CAT_FNCT	PTP_NONE	SLS_ENABLED	ASSIGN	133 131	ASN
1412	ITM_BACK	BACK	BACK	fnBack	TM_VALUE	0	255	CAT_FNCT	PTP_SKIP_BACK	SLS_ENABLED	BACK	133 132	
1413	ITM_BATT	BATT#	BATT#	fnBatteryVoltage	NOPARAM	0	0	CAT_FNCT	PTP_NONE	SLS_ENABLED	BATT#	133 133	
1414	ITM_BEEP	BEEP	BEEP	fnBeep	NOPARAM	0	0	CAT_FNCT	PTP_NONE	SLS_UNCHANGED	BEEP	133 134	
1415	ITM_BEGINP	BeginP	Begin	fnTvmBeginMode	NOPARAM	0	0	CAT_FNCT	PTP_NONE	SLS_ENABLED	BeginP	133 135	
1416	ITM_BN	B⒩	B⒩	fnBn	NOPARAM	0	0	CAT_FNCT	PTP_NONE	SLS_ENABLED	B_n	133 136	Bn
1417	ITM_BNS	Bё	Bё	fnBnStar	NOPARAM	0	0	CAT_FNCT	PTP_NONE	SLS_ENABLED	B_n^*	133 137	
1418	ITM_CASE	CASE	CASE	fnCase	TM_REGISTER	0	99	CAT_FNCT	PTP_REGISTER	SLS_ENABLED	CASE	133 138	
1419	ITM_DELALL	DELall	DELall	fnClAll	NOT_CONFIRMED	0	0	CAT_FNCT	PTP_DISABLED	SLS_ENABLED			
1420	ITM_CLCVAR	CLCVAR	CLCVAR	fnClCVar	NOPARAM	0	0	CAT_FNCT	PTP_NONE	SLS_ENABLED	CLCVAR	133 140	
1421	ITM_CLFALL	CLFALL	CLFall	fnClFAll	NOT_CONFIRMED	0	0	CAT_FNCT	PTP_NONE	SLS_ENABLED	CLFALL	133 141	
1422	ITM_TGLFRT	a b/c	a b/c	fnFractionType	NOPARAM	0	0	CAT_NONE	PTP_NONE	SLS_ENABLED	a-b/c	133 142	
1423	ITM_CLLCD_XY	CLLCD⒳⒴	CLLCD⒳⒴	fnClLcd	CLLCD_XY	0	0	CAT_FNCT	PTP_NONE	SLS_ENABLED	CLLCDxy	133 143	CLLCD⒳⒴
1424	ITM_CLMENU	CLMENU	CLMENU	fnClearMenu	NOPARAM	0	0	CAT_FNCT	PTP_NONE	SLS_ENABLED	CLMENU	133 144	
1425	ITM_DELP	DELP	DELP	fnClP	TM_LBLONLY	0	0	CAT_FNCT	PTP_DISABLED	SLS_ENABLED			
1426	ITM_DELPALL	DELPALL	DELPall	fnClPAll	NOT_CONFIRMED	0	0	CAT_FNCT	PTP_DISABLED	SLS_ENABLED			
1427	ITM_CLREGS	CLREGS	CLREGS	fnClearRegisters	NOT_CONFIRMED	0	0	CAT_FNCT	PTP_NONE	SLS_ENABLED	CLREGS	133 147	
1428	ITM_CLSTK	CLSTK	CLSTK	fnClearStack	NOPARAM	0	0	CAT_FNCT	PTP_NONE	SLS_ENABLED	CLSTK	133 148	
1429	ITM_CLSIGMA	CLΣ	CLΣ	fnClSigma	NOPARAM	0	0	CAT_FNCT	PTP_NONE	SLS_ENABLED	CLΣ	133 149	CLSUM
1430	ITM_STOMAX	STO↑	STO↑	fnStoreMax	TM_REGISTER	0	99	CAT_FNCT	PTP_REGISTER	SLS_ENABLED	STO↑	133 150	
1431	ITM_CONJ	CONJ	conj	fnConjugate	NOPARAM	0	0	CAT_FNCT	PTP_NONE	SLS_ENABLED	CONJ	133 151	
1432	ITM_RCLMAX	RCL↑	RCL↑	fnRecallMax	TM_REGISTER	0	99	CAT_FNCT	PTP_REGISTER	SLS_ENABLED	RCL↑	133 152	
1433	ITM_CORR	CORR	r	fnCoefficientDetermination	NOPARAM	0	0	CAT_FNCT	PTP_NONE	SLS_ENABLED	CORR	133 153	r
1434	ITM_COV	COV	cov	fnPopulationCovariance	NOPARAM	0	0	CAT_FNCT	PTP_NONE	SLS_ENABLED	COV	133 154	
1435	ITM_BESTFQ	BestF#	BestF#	fnCurveFittingLR	NOPARAM	0	0	CAT_FNCT	PTP_NONE	SLS_ENABLED	BestF#	133 155	BestF?
1436	ITM_CROSS_PROD	CROSS	cross	fnCross	NOPARAM	0	0	CAT_FNCT	PTP_NONE	SLS_ENABLED	CROSS	133 156	
1437	ITM_CXtoRE	ℂ→ℝ	ℂ→ℝ	fnCxToRe	NOPARAM	0	0	CAT_FNCT	PTP_NONE	SLS_ENABLED	ℂ→ℝ	133 157	C->R Cu2192R
1438	ITM_DATE	Date→ⅅ	Date→ⅅ	fnDate	NOPARAM	0	0	CAT_FNCT	PTP_NONE	SLS_ENABLED	Date→𝔻	133 158	DATE Date->D Date→ⅅ
1439	ITM_DATEto	ⅅ→zyx	ⅅ→zyx	fnDateTo	NOPARAM	0	0	CAT_FNCT	PTP_NONE	SLS_ENABLED	𝔻→𝑧𝑦𝑥	133 159	D->zyx ⅅ→zyx
1440	ITM_DAY	DAY	DAY	fnDay	NOPARAM	0	0	CAT_FNCT	PTP_NONE	SLS_ENABLED	DAY	133 160	
1441	ITM_DBLR	DBLR	DBLR	fnDblDivideRemainder	NOPARAM	0	0	CAT_FNCT	PTP_NONE	SLS_ENABLED	DBLR	133 161	
1442	ITM_DBLMULT	DBL×	DBL×	fnDblMultiply	NOPARAM	0	0	CAT_FNCT	PTP_NONE	SLS_ENABLED	DBL×	133 162	DBL* DBLx
1443	ITM_DBLDIV	DBL÷	DBL÷	fnDblDivide	NOPARAM	0	0	CAT_FNCT	PTP_NONE	SLS_ENABLED	DBL÷	133 163	DBL/
1444	ITM_DECOMP	DECOMP	DECOMP	fnDecomp	NOPARAM	0	0	CAT_FNCT	PTP_NONE	SLS_ENABLED	DECOMP	133 164	
1445	ITM_DEG	DEG	DEG	fnAngularMode	amDegree	0	0	CAT_FNCT	PTP_NONE	SLS_ENABLED	DEG	133 165	
1446	ITM_LOADEDFILE	STATE#	STATE#	fnLoadedFile	NOPARAM	0	0	CAT_FNCT	PTP_NONE	SLS_ENABLED	STATE#	133 166	
1447	ITM_SA	s(a)	s(a)	fnStatSa	NOPARAM	0	0	CAT_FNCT	PTP_NONE	SLS_ENABLED	s(a)	133 167	
1448	ITM_PMT_Beg	PmtBeg	Beg	fnTvmBegToggle	NOPARAM	0	0	CAT_FNCT	PTP_DISABLED	SLS_UNCHANGED			
1449	ITM_DOT_PROD	DOT	dot	fnDot	NOPARAM	0	0	CAT_FNCT	PTP_NONE	SLS_ENABLED	DOT	133 169	
1450	ITM_DSTACK	dSTACK	dSTACK	fnDisplayStack	TM_VALUE	1	4	CAT_FNCT	PTP_NUMBER_8	SLS_ENABLED	dSTACK	133 170	
1451	ITM_DMS	D.MS	D.MS	fnAngularMode	amDMS	0	0	CAT_FNCT	PTP_NONE	SLS_ENABLED	D.MS	133 171	
1452	ITM_CLFIN	CLFIN	CLFIN	fnClearAllFin	NOPARAM	0	0	CAT_FNCT	PTP_NONE	SLS_ENABLED	CLFIN	133 172	CLTVM
1453	ITM_DMY	DMY	DMY	fnSetDateFormat	ITM_DMY	0	0	CAT_FNCT	PTP_NONE	SLS_ENABLED	DF.DMY	133 173	
1454	ITM_DtoJ	ⅅ→J	ⅅ→J	fnDateToJulian	NOPARAM	0	0	CAT_FNCT	PTP_NONE	SLS_ENABLED	𝔻→J	133 174	D->J ⅅ→J
1455	ITM_DELITM	DELITM	DELITM	fnDeleteVariable	TM_DELITM	0	0	CAT_FNCT	PTP_REGISTER	SLS_UNCHANGED	DELITM	133 175	CLV
1456	ITM_EIGVAL	EIGVAL	EIGVAL	fnEigenvalues	NOPARAM	0	0	CAT_FNCT	PTP_NONE	SLS_ENABLED	EIGVAL	133 176	
1457	ITM_EIGVEC	EIGVEC	EIGVEC	fnEigenvectors	NOPARAM	0	0	CAT_FNCT	PTP_NONE	SLS_ENABLED	EIGVEC	133 177	
1458	ITM_END	END	END	fnReturn	0	0	0	CAT_FNCT	PTP_NONE	SLS_UNCHANGED	END	133 178	PGMEND
1459	ITM_ENDP	ENDP	End	fnTvmEndMode	NOPARAM	0	0	CAT_FNCT	PTP_NONE	SLS_ENABLED	ENDP	133 179	
1460	ITM_ENG	ENG	ENG	fnDisplayFormatEng	TM_VALUE	0	DSP_MAX	CAT_FNCT	PTP_NUMBER_8	SLS_ENABLED	ENG	133 180	
1461	ITM_ENORM	ENORM	ENORM	fnPNorm	pNorm_2_ENORM	0	0	CAT_FNCT	PTP_NONE	SLS_ENABLED	ENORM	133 181	FNRM
1462	ITM_RCLMIN	RCL↓	RCL↓	fnRecallMin	TM_REGISTER	0	99	CAT_FNCT	PTP_REGISTER	SLS_ENABLED	RCL↓	133 182	RCLv
1463	ITM_EQ_DEL	EQ.DEL	DELETE	fnEqDelete	NOPARAM	0	0	CAT_FNCT	PTP_DISABLED	SLS_ENABLED			
1464	ITM_EQ_EDI	EQ.EDIT	EDIT	fnEqEdit	NOPARAM	0	0	CAT_FNCT	PTP_DISABLED	SLS_ENABLED			
1465	ITM_EQ_NEW	EQ.NEW	NEW	fnEqNew	NOPARAM	0	0	CAT_FNCT	PTP_DISABLED	SLS_ENABLED			
1466	ITM_ERF	erf	erf	fnErf	NOPARAM	0	0	CAT_FNCT	PTP_NONE	SLS_ENABLED	erf	133 186	
1467	ITM_ERFC	erfc	erfc	fnErfc	NOPARAM	0	0	CAT_FNCT	PTP_NONE	SLS_ENABLED	erfc	133 187	
1468	ITM_ERR	ERR	ERR	fnRaiseError	TM_VALUE	1	LAST_ERROR_MESSAGE	CAT_FNCT	PTP_NUMBER_8	SLS_ENABLED	ERR	133 188	
1469	ITM_EXITALL	EXITALL	EXITall	fnExitAllMenus	NOPARAM	0	0	CAT_FNCT	PTP_NONE	SLS_UNCHANGED	EXITALL	133 189	
1470	ITM_EXPT	EXPT	EXPT	fnExpt	NOPARAM	0	0	CAT_FNCT	PTP_NONE	SLS_ENABLED	EXPT	133 190	
1471	ITM_GET_JUL_GREG	J/G#	J/G#	fnGetFirstGregorianDay	NOPARAM	0	0	CAT_FNCT	PTP_NONE	SLS_ENABLED	J/G#	133 191	
1472	ITM_FIB	FIB	FIB	fnFib	NOPARAM	0	0	CAT_FNCT	PTP_NONE	SLS_ENABLED	FIB	133 192	
1473	ITM_FIX	FIX	FIX	fnDisplayFormatFix	TM_VALUE	0	DSP_MAX	CAT_FNCT	PTP_NUMBER_8	SLS_ENABLED	FIX	133 193	
1474	ITM_DISK	DISK	DISK	fnDiskInfo	NOPARAM	0	0	CAT_FNCT	PTP_NONE	SLS_ENABLED	!DISK	133 194	DISK DISK? getDISK
1475	ITM_FQX	>f'(x)<	>f'(x)<	fnOldItemError	NOPARAM	0	99	CAT_NONE	PTP_LABEL	SLS_ENABLED			
1476	ITM_FDQX	>f"(x)<	>f"(x)<	fnOldItemError	NOPARAM	0	99	CAT_NONE	PTP_LABEL	SLS_ENABLED			
1477	ITM_FACTORS	FACTORS	FACTORS	fnPrimeFactors	NOPARAM	0	0	CAT_FNCT	PTP_NONE	SLS_ENABLED	FACTORS	133 197	
1478	ITM_GD	g⒟	g⒟	fnGd	NOPARAM	0	0	CAT_FNCT	PTP_NONE	SLS_ENABLED	g_d	133 198	gd
1479	ITM_GDM1	gђ	gђ	fnInvGd	NOPARAM	0	0	CAT_FNCT	PTP_NONE	SLS_ENABLED	g_d⁻¹	133 199	g_d^-1 g 
1480	ITM_GRAD	GRAD	GRAD	fnAngularMode	amGrad	0	0	CAT_FNCT	PTP_NONE	SLS_ENABLED	GRAD	133 200	
1481	ITM_GETFDIGS	FDIGS#	FDIGS#	fnGetFractionDigits	NOPARAM	0	0	CAT_FNCT	PTP_NONE	SLS_ENABLED	FDIGS#	133 201	
1482	ITM_GTOP	GTO.	GTO.	fnGotoDot	NOPARAM	0	16383	CAT_NONE	PTP_DISABLED	SLS_ENABLED			
1483	ITM_HN	H⒩	H⒩	fnHermite	NOPARAM	0	0	CAT_FNCT	PTP_NONE	SLS_ENABLED	H_n	133 203	Hn
1484	ITM_HNP	H⒩ⓟ	H⒩ⓟ	fnHermiteP	NOPARAM	0	0	CAT_FNCT	PTP_NONE	SLS_ENABLED	H_(nP)	133 204	HnP
1485	ITM_IM	Im	Im	fnImaginaryPart	NOPARAM	0	0	CAT_FNCT	PTP_NONE	SLS_ENABLED	Im	133 205	
1486	ITM_INDEX	INDEX	INDEX	fnIndexMatrix	TM_REGISTER	0	99	CAT_FNCT	PTP_REGISTER	SLS_UNCHANGED	INDEX	133 206	
1487	ITM_IXYZ	I⒳⒴⒵	I⒳⒴⒵	fnIxyz	NOPARAM	0	0	CAT_FNCT	PTP_NONE	SLS_ENABLED	I_(𝑥𝑦𝑧)	133 207	I_(xyz) Ixyz
1488	ITM_IGAMMAP	IΓ⒫	IΓ⒫	fnGammaX	GAMMA_P	0	0	CAT_FNCT	PTP_NONE	SLS_ENABLED	IΓ_p	133 208	IGamma_p IΓp
1489	ITM_IGAMMAQ	IΓ⒬	IΓ⒬	fnGammaX	GAMMA_Q	0	0	CAT_FNCT	PTP_NONE	SLS_ENABLED	IΓ_q	133 209	IGamma_q IΓq
1490	ITM_IPLUS	I+	I+	fnIncDecI	INC_FLAG	0	0	CAT_FNCT	PTP_NONE	SLS_ENABLED	I+	133 210	
1491	ITM_IMINUS	I-	I-	fnIncDecI	DEC_FLAG	0	0	CAT_FNCT	PTP_NONE	SLS_ENABLED	I-	133 211	
1492	ITM_JYX	J⒴(x)	J⒴(x)	fnBesselJ	NOPARAM	0	0	CAT_FNCT	PTP_NONE	SLS_ENABLED	J_𝑦(𝑥)	133 212	J_y(x) Jy(x)
1493	ITM_JPLUS	J+	J+	fnIncDecJ	INC_FLAG	0	0	CAT_FNCT	PTP_NONE	SLS_ENABLED	J+	133 213	
1494	ITM_JMINUS	J-	J-	fnIncDecJ	DEC_FLAG	0	0	CAT_FNCT	PTP_NONE	SLS_ENABLED	J-	133 214	
1495	ITM_JUL_GREG	J/G	J/G	fnSetFirstGregorianDay	NOPARAM	0	0	CAT_FNCT	PTP_NONE	SLS_ENABLED	J/G	133 215	
1496	ITM_MSG	MSG	MSG	fnErrorMessage	TM_VALUE		(1 << TAM_MAX_BITS) | (NUMBER_OF_ERROR_CODES-1)	CAT_FNCT	PTP_NUMBER_8	SLS_ENABLED	MSG	133 216	
1497	ITM_KEY	KEY	KEY	fnKeyGtoXeq	TM_VALUE	1	21	CAT_NONE	PTP_KEYG_KEYX	SLS_UNCHANGED	KEY	133 217	
1498	ITM_KEYG	KEYG	KEYG	fnKeyGto	TM_KEY	1	21	CAT_FNCT	PTP_DISABLED	SLS_UNCHANGED			
1499	ITM_KEYX	KEYX	KEYX	fnKeyXeq	TM_KEY	1	21	CAT_FNCT	PTP_DISABLED	SLS_UNCHANGED			
1500	ITM_sinc	sinc	sinc	fnSinc	NOPARAM	0	0	CAT_FNCT	PTP_NONE	SLS_ENABLED	sinc(𝑥)	133 220	SINC sinc(x)
1501	ITM_KTYP	KTYP	KTYP	fnKeyType	TM_REGISTER	0	99	CAT_FNCT	PTP_REGISTER	SLS_ENABLED	KTYP	133 221	KTYP?
1502	ITM_LASTX	LASTx	LASTx	fnLastX	NOPARAM	0	0	CAT_FNCT	PTP_NONE	SLS_ENABLED	LAST𝑥	133 222	LASTx LSTx
1503	ITM_LBLQ	LBL?	LBL?	fnCheckLabel	TM_LABEL	0	99	CAT_FNCT	PTP_LABEL	SLS_UNCHANGED	LBL?	133 223	
1504	ITM_LEAPQ	LEAP?	LEAP?	fnIsLeap	NOPARAM	0	0	CAT_FNCT	PTP_NONE	SLS_ENABLED	LEAP?	133 224	
1505	ITM_Lm	L⒨	L⒨	fnLaguerre	NOPARAM	0	0	CAT_FNCT	PTP_NONE	SLS_ENABLED	L_m	133 225	Lm
1506	ITM_LmALPHA	Lѐ	Lѐ	fnLaguerreAlpha	NOPARAM	0	0	CAT_FNCT	PTP_NONE	SLS_ENABLED	L_(mα)	133 226	L_(m-alpha) Lmα
1507	ITM_LNBETA	LNβ	LNβ	fnLnBeta	NOPARAM	0	0	CAT_FNCT	PTP_NONE	SLS_ENABLED	LNβ	133 227	LN-beta
1508	ITM_LNGAMMA	LNΓ	LNΓ	fnLnGamma	NOPARAM	0	0	CAT_FNCT	PTP_NONE	SLS_ENABLED	LNΓ	133 228	LN-gamma
1509	ITM_LOAD	LOAD	LOAD	fnLoad	LM_ALL	0	0	CAT_FNCT	PTP_DISABLED	SLS_ENABLED			
1510	ITM_LOADP	LOADP	LOADP	fnLoad	LM_PROGRAMS	0	0	CAT_FNCT	PTP_DISABLED	SLS_ENABLED			
1511	ITM_LOADR	LOADR	LOADR	fnLoad	LM_REGISTERS	0	0	CAT_FNCT	PTP_DISABLED	SLS_ENABLED			
1512	ITM_LOADSS	LOADSS	LOADSS	fnLoad	LM_SYSTEM_STATE	0	0	CAT_FNCT	PTP_DISABLED	SLS_ENABLED			
1513	ITM_LOADSIGMA	LOADΣ	LOADΣ	fnLoad	LM_SUMS	0	0	CAT_FNCT	PTP_DISABLED	SLS_ENABLED			
1514	ITM_LocR	LocR	LocR	allocateLocalRegisters	TM_VALUE	0	99	CAT_FNCT	PTP_NUMBER_8	SLS_ENABLED	LocR	133 234	
1515	ITM_LocRQ	LocR#	LocR#	fnGetLocR	NOPARAM	0	0	CAT_FNCT	PTP_NONE	SLS_ENABLED	LocR#	133 235	
1516	ITM_LR	L.R.	L.R.	fnProcessLR	7	0	0	CAT_FNCT	PTP_NONE	SLS_ENABLED	L.R.	133 236	
1517	ITM_MANT	MANT	MANT	fnMant	NOPARAM	0	0	CAT_FNCT	PTP_NONE	SLS_ENABLED	MANT	133 237	
1518	ITM_MATX	Mat_X	Mat X	fnEditLinearEquationMatrixX	NOPARAM	0	0	CAT_FNCT	PTP_DISABLED	SLS_ENABLED			
1519	ITM_MEM	MEM#	MEM#	fnFreeMemory	NOPARAM	0	0	CAT_FNCT	PTP_NONE	SLS_ENABLED	MEM#	133 239	
1520	ITM_MENU	MENU	MENU	fnProgrammableMenu	NOPARAM	0	0	CAT_FNCT	PTP_NONE	SLS_ENABLED	MENU	133 240	
1521	ITM_MONTH	MONTH	MONTH	fnMonth	NOPARAM	0	0	CAT_FNCT	PTP_NONE	SLS_ENABLED	MONTH	133 241	
1522	ITM_MSG_OLD	>MSG<	>MSG<	fnOldItemError	NOPARAM	0	99	CAT_NONE	PTP_REGISTER	SLS_ENABLED			
1523	ITM_MULPI	MULπ	MULπ	fnAngularMode	amMultPi	0	0	CAT_FNCT	PTP_NONE	SLS_ENABLED	MULπ	133 243	MULpi
1524	ITM_MVAR	MVAR	MVAR	fnNop	TM_VARONLY	0	99	CAT_FNCT	PTP_REGISTER	SLS_UNCHANGED	MVAR	133 244	INPUT
1525	ITM_M_DELR	M.DELR	DELR	fnDelRow	NOPARAM	0	0	CAT_FNCT	PTP_DISABLED	SLS_ENABLED			
1526	ITM_M_DIM	M.DIM	DIM	fnSetMatrixDimensions	TM_M_DIM	0	99	CAT_FNCT	PTP_REGISTER	SLS_UNCHANGED	M.DIM	133 246	DIM
1527	ITM_M_DIMQ	42DIM#	42DIM#	fnGetMatrixDimensions42	NOPARAM	0	0	CAT_FNCT	PTP_NONE	SLS_ENABLED	42DIM#	133 247	
1528	ITM_MDY	MDY	MDY	fnSetDateFormat	ITM_MDY	0	0	CAT_FNCT	PTP_NONE	SLS_ENABLED	DF.MDY	133 248	
1529	ITM_M_EDI	M.EDIT	EDIT	fnEditMatrix	NOPARAM	0	0	CAT_FNCT	PTP_DISABLED	SLS_UNCHANGED			
1530	ITM_M_EDIN	M.EDITN	EDITN	fnEditMatrix	TM_REGISTER	0	99	CAT_FNCT	PTP_DISABLED	SLS_UNCHANGED			
1531	ITM_M_GET	M.GETM	GETM	fnGetMatrix	NOPARAM	0	0	CAT_FNCT	PTP_NONE	SLS_ENABLED	M.GETM	133 251	GETM
1532	ITM_M_GOTO	M.GOTO	GOTO	fnGoToElement	NOPARAM	0	0	CAT_FNCT	PTP_DISABLED	SLS_ENABLED			
1533	ITM_M_GROW	M.GROW	GROW	fnSetGrowMode	ON	0	0	CAT_FNCT	PTP_DISABLED	SLS_UNCHANGED			
1534	ITM_M_INSR	M.INSR	INSR	fnInsRow	NOPARAM	0	0	CAT_FNCT	PTP_DISABLED	SLS_ENABLED			
1535	ITM_M_LU	M.LU	M.LU	fnLuDecomposition	NOPARAM	0	0	CAT_FNCT	PTP_NONE	SLS_ENABLED	M.LU	133 255	
1536	ITM_M_NEW	M.NEW	NEW	fnNewMatrix	NOPARAM	0	0	CAT_FNCT	PTP_NONE	SLS_ENABLED	M.NEW	134 0	NEW NEWMAT
1537	ITM_M_OLD	M.OLD	OLD	fnOldMatrix	NOPARAM	0	0	CAT_FNCT	PTP_DISABLED	SLS_ENABLED			
1538	ITM_M_PUT	M.PUTM	PUTM	fnPutMatrix	NOPARAM	0	0	CAT_FNCT	PTP_NONE	SLS_ENABLED	M.PUTM	134 2	PUTM
1539	ITM_M_RR	M.R⇄R	R⇄R	fnSwapRows	NOPARAM	0	0	CAT_FNCT	PTP_NONE	SLS_ENABLED	M.R⇄R	134 3	M.R<>R R⇄R
1540	ITM_sincpi	sincπ	sincπ	fnSincpi	NOPARAM	0	0	CAT_FNCT	PTP_NONE	SLS_ENABLED	sinc𝜋	134 4	SINCpi sincπ
1541	ITM_M_WRAP	M.WRAP	WRAP	fnSetGrowMode	OFF	0	0	CAT_FNCT	PTP_DISABLED	SLS_UNCHANGED			
1542	ITM_NOP	NOP	NOP	fnNop	NOPARAM	0	0	CAT_FNCT	PTP_NONE	SLS_ENABLED	NOP	134 6	
1543	ITM_OFF	OFF	OFF	fnOff	NOPARAM	0	0	CAT_FNCT	PTP_NONE	SLS_ENABLED	OFF	134 7	
1544	ITM_DROPY	DROPy	DROPy	fnDropY	NOPARAM	0	0	CAT_FNCT	PTP_NONE	SLS_ENABLED	DROP𝑦	134 8	DROPy
1545	ITM_STOMIN	STO↓	STO↓	fnStoreMin	TM_REGISTER	0	99	CAT_FNCT	PTP_REGISTER	SLS_ENABLED	STO↓	134 9	STOv
1546	ITM_PGMINT	PGMINT	PGMINT	fnPgmInt	TM_LBLONLY	0	99	CAT_FNCT	PTP_LABEL	SLS_ENABLED	PGMINT	134 10	\integ;FN ∫FNd
1547	ITM_PGMSLV	PGMSLV	PGMSLV	fnPgmSlv	TM_LBLONLY	0	99	CAT_FNCT	PTP_LABEL	SLS_ENABLED	PGMSLV	134 11	SOLVE
1548	ITM_PIXEL	PIXEL	PIXEL	fnPixel	NOPARAM	0	0	CAT_FNCT	PTP_NONE	SLS_ENABLED	PIXEL	134 12	
1549	ITM_PLOT_SCATR	SCATR	SCATR	fnPlotStat	PLOT_START	0	0	CAT_FNCT	PTP_NONE	SLS_ENABLED	SCATR	134 13	
1550	ITM_Pn	P⒩	P⒩	fnLegendre	NOPARAM	0	0	CAT_FNCT	PTP_NONE	SLS_ENABLED	P_n	134 14	Pn
1551	ITM_POINT	POINT	POINT	fnPoint	NOPARAM	0	0	CAT_FNCT	PTP_NONE	SLS_ENABLED	POINT	134 15	
1552	ITM_LOADV	LOADV	LOADV	fnLoad	LM_NAMED_VARIABLES	0	0	CAT_FNCT	PTP_DISABLED	SLS_ENABLED			
1553	ITM_POPLR	PopLR	PopLR	allocateLocalRegisters	0	0	0	CAT_FNCT	PTP_NONE	SLS_ENABLED	PopLR	134 17	
1554	ITM_REM	REM	REM	fnNop	NOPARAM	0	0	CAT_FNCT	PTP_REM	SLS_ENABLED	REM	134 18	#
1555	ITM_SLVC	SLVC	SLVC	fnSlvc	NOPARAM	0	0	CAT_FNCT	PTP_NONE	SLS_ENABLED	SLVC	134 19	
1556	ITM_PUTK	PUTK	PUTK	fnPutKey	TM_REGISTER	0	99	CAT_FNCT	PTP_REGISTER	SLS_ENABLED	PUTK	134 20	
1557	ITM_RAD	RAD	RAD	fnAngularMode	amRadian	0	0	CAT_FNCT	PTP_NONE	SLS_ENABLED	RAD	134 21	
1558	ITM_GET_DMX	DMX#	DMX#	fnGetDMX	NOPARAM	0	0	CAT_FNCT	PTP_NONE	SLS_ENABLED	DMX#	134 22	
1559	ITM_RAN	RAN#	RAN#	fnRandom	NOPARAM	0	0	CAT_FNCT	PTP_NONE	SLS_ENABLED	RAN#	134 23	R RAN RAND RANDOM
1560	ITM_RBR	REGS	REGS	registerBrowser	NOPARAM	0	0	CAT_FNCT	PTP_NONE	SLS_ENABLED	REGS	134 24	
1561	ITM_RCLCFG	RCLCFG	RCLCFG	fnRecallConfig	TM_REGISTER	0	99	CAT_FNCT	PTP_REGISTER	SLS_ENABLED	RCLCFG	134 25	
1562	ITM_RCLEL	RCLEL	RCLEL	fnRecallElement	NOPARAM	0	0	CAT_FNCT	PTP_NONE	SLS_ENABLED	RCLEL	134 26	
1563	ITM_RCLIJ	RCLIJ	RCLIJ	fnRecallIJ	NOPARAM	0	0	CAT_FNCT	PTP_NONE	SLS_ENABLED	RCLIJ	134 27	
1564	ITM_RCLS	RCLS	RCLS	fnRecallStack	TM_REGISTER	0	99	CAT_FNCT	PTP_REGISTER	SLS_ENABLED	RCLS	134 28	
1565	ITM_RDP	RDP	RDP	fnRdp	TM_VALUE	0	99	CAT_FNCT	PTP_NUMBER_8	SLS_ENABLED	RDP	134 29	
1566	ITM_RE	Re	Re	fnRealPart	NOPARAM	0	0	CAT_FNCT	PTP_NONE	SLS_ENABLED	Re	134 30	
1567	ITM_READP	READP	READP	fnLoadProgram	NOPARAM	0	0	CAT_FNCT	PTP_DISABLED	SLS_ENABLED			
1568	ITM_RESET	RESET	RESET	fnReset	NOT_CONFIRMED	0	0	CAT_FNCT	PTP_DISABLED	SLS_ENABLED			
1569	ITM_REtoCX	ℝ→ℂ	ℝ→ℂ	fnReToCx	NOPARAM	0	0	CAT_FNCT	PTP_NONE	SLS_ENABLED	ℝ→ℂ	134 33	R->C Ru2192C
1570	ITM_REexIM	Re⇄Im	Re⇄Im	fnSwapRealImaginary	NOPARAM	0	0	CAT_FNCT	PTP_NONE	SLS_ENABLED	Re⇄Im	134 34	Re<>Im
1571	ITM_DELITM_PROG	DELITM	DELITM	fnClP	TM_DELITM	0	0	CAT_NONE	PTP_DISABLED	SLS_UNCHANGED			
1572	ITM_DELITM_MENU	DELITM	DELITM	fnDeleteMenu	TM_DELITM	0	0	CAT_NONE	PTP_DISABLED	SLS_UNCHANGED			
1573	ITM_DSP	DSP	DSP	fnDisplayFormatDsp	TM_VALUE	0	DSP_MAX	CAT_FNCT	PTP_NUMBER_8	SLS_ENABLED	DSP	134 37	
1574	ITM_RNORM	RNORM	RNORM	fnPNorm	pNorm_inf_RNORM	0	0	CAT_FNCT	PTP_NONE	SLS_ENABLED	RNORM	134 38	RNRM
1575	ITM_EX1	ⅇˣ-1	ⅇˣ-1	fnExpM1	NOPARAM	0	0	CAT_FNCT	PTP_NONE	SLS_ENABLED	ℯˣ-1	134 39	e^x-1 ⅇˣ-1
1576	ITM_EXPORTP	XPORTP	XPORTP	fnExportProgram	TM_LBLONLY	0	0	CAT_FNCT	PTP_DISABLED	SLS_ENABLED			
1577	ITM_RSD	RSD	RSD	fnRsd	TM_VALUE	1	34	CAT_FNCT	PTP_NUMBER_8	SLS_ENABLED	RSD	134 41	
1578	ITM_RSUM	RSUM	RSUM	fnRowColSum	1	0	0	CAT_FNCT	PTP_NONE	SLS_ENABLED	RSUM	134 42	
1579	ITM_RTNP1	RTN.SKP	RTN.SKP	fnReturn	1	0	0	CAT_FNCT	PTP_NONE	SLS_UNCHANGED	RTN.SKP	134 43	
1580	ITM_R_CLR	R-CLR	R-CLR	fnRegClr	NOPARAM	0	0	CAT_FNCT	PTP_NONE	SLS_ENABLED	R-CLR	134 44	
1581	ITM_R_COPY	R-COPY	R-COPY	fnRegCopy	NOPARAM	0	0	CAT_FNCT	PTP_NONE	SLS_ENABLED	R-COPY	134 45	
1582	ITM_R_SORT	R-SORT	R-SORT	fnRegSort	NOPARAM	0	0	CAT_FNCT	PTP_NONE	SLS_ENABLED	R-SORT	134 46	
1583	ITM_R_SWAP	R-SWAP	R-SWAP	fnRegSwap	NOPARAM	0	0	CAT_FNCT	PTP_NONE	SLS_ENABLED	R-SWAP	134 47	
1584	ITM_am	am(u,m)	am(u,m)	fnJacobiAmplitude	NOPARAM	0	0	CAT_FNCT	PTP_NONE	SLS_ENABLED	am(u,m)	134 48	
1585	ITM_STDDEVWEIGHTED	s	s	fnSampleStdDev	NOPARAM	0	0	CAT_FNCT	PTP_NONE	SLS_ENABLED	𝑠	134 49	SDEV s sx
1586	ITM_SAVE	SAVE	SAVE	fnSave	SM_MANUAL_SAVE	0	0	CAT_FNCT	PTP_DISABLED	SLS_ENABLED			
1587	ITM_SCI	SCI	SCI	fnDisplayFormatSci	TM_VALUE	0	DSP_MAX	CAT_FNCT	PTP_NUMBER_8	SLS_ENABLED	SCI	134 51	SC
1588	ITM_GETSDIGS	SDIGS#	SDIGS#	fnGetSignificantDigits	NOPARAM	0	0	CAT_FNCT	PTP_NONE	SLS_ENABLED	SDIGS#	134 52	
1589	ITM_SEED	SEED	SEED	fnSeed	NOPARAM	0	0	CAT_FNCT	PTP_NONE	SLS_ENABLED	SEED	134 53	SD
1590	ITM_WRITEP	WRITEP	WRITEP	fnSaveProgram	TM_LBLONLY	0	0	CAT_FNCT	PTP_DISABLED	SLS_ENABLED			
1591	ITM_SETCHN	S.CHN	CHINA	configCommon	CFG_CHINA	0	0	CAT_FNCT	PTP_NONE	SLS_ENABLED	setCHN	134 55	CHINA S.CHN
1592	ITM_SETDAT	SETDAT	SETDAT	fnSetDate	NOPARAM	0	0	CAT_FNCT	PTP_NONE	SLS_ENABLED	SETDAT	134 56	
1593	ITM_SETEUR	S.EUR	EUROP	configCommon	CFG_EUROPE	0	0	CAT_FNCT	PTP_NONE	SLS_ENABLED	setEUR	134 57	EUROP S.EUR
1594	ITM_SETIND	S.IND	INDIA	configCommon	CFG_INDIA	0	0	CAT_FNCT	PTP_NONE	SLS_ENABLED	setIND	134 58	INDIA S.IND
1595	ITM_SETJPN	S.JPN	JAPAN	configCommon	CFG_JAPAN	0	0	CAT_FNCT	PTP_NONE	SLS_ENABLED	setJPN	134 59	JAPAN S.JPN
1596	ITM_SETDFLT	S.DFLT	DEFLT	configCommon	CFG_DFLT	0	0	CAT_FNCT	PTP_NONE	SLS_ENABLED	setDFLT	134 60	DEFLT S.DFLT
1597	ITM_SETTIM	SETTIM	SETTIM	fnSetTime	NOPARAM	0	0	CAT_FNCT	PTP_NONE	SLS_ENABLED	SETTIM	134 61	
1598	ITM_SETUK	S.UK	UK	configCommon	CFG_UK	0	0	CAT_FNCT	PTP_NONE	SLS_ENABLED	setUK	134 62	S.UK UK
1599	ITM_SETUSA	S.USA	USA	configCommon	CFG_USA	0	0	CAT_FNCT	PTP_NONE	SLS_ENABLED	setUSA	134 63	S.USA USA
1600	ITM_SIGN	sign	sign	fnSign	NOPARAM	0	0	CAT_FNCT	PTP_NONE	SLS_ENABLED	SIGN	134 64	SGN
1601	ITM_SIGNMT	SIGNMT	SIGNMT	fnIntegerMode	SIM_SIGNMT	0	0	CAT_FNCT	PTP_NONE	SLS_ENABLED	SIGNMT	134 65	
1602	ITM_SIM_EQ	SIM_EQ	SIM EQ	fnSimultaneousLinearEquation	TM_VALUE	1	99	CAT_FNCT	PTP_NUMBER_8	SLS_ENABLED	SIM_EQ	134 66	SIMEQ
1603	ITM_SKIP	SKIP	SKIP	fnSkip	TM_VALUE	0	255	CAT_FNCT	PTP_SKIP_BACK	SLS_ENABLED	SKIP	134 67	
1604	ITM_SLVQ	SLVQ	SLVQ	fnSlvq	NOPARAM	0	0	CAT_FNCT	PTP_NONE	SLS_ENABLED	SLVQ	134 68	
1605	ITM_SM	s⒨	s⒨	fnStandardError	NOPARAM	0	0	CAT_FNCT	PTP_NONE	SLS_ENABLED	s_m	134 69	STDERR sm
1606	ITM_GET_ISM	ISM#	ISM#	fnGetIntegerSignMode	NOPARAM	0	0	CAT_FNCT	PTP_NONE	SLS_ENABLED	ISM#	134 70	
1607	ITM_SMW	s⒨⒲	s⒨⒲	fnWeightedStandardError	NOPARAM	0	0	CAT_FNCT	PTP_NONE	SLS_ENABLED	𝑠_(𝑚𝑤)	134 71	s_(mw) smw
1608	ITM_SOLVE	SOLVE	SOLVE	fnSolve	TM_SOLVE	0	99	CAT_FNCT	PTP_REGISTER	SLS_ENABLED	SOLVE	134 72	
1609	ITM_SSIZE	SSIZE#	SSIZE#	fnGetStackSize	NOPARAM	0	0	CAT_FNCT	PTP_NONE	SLS_ENABLED	SSIZE#	134 73	
1610	ITM_STATUS	STATUS	STATUS	flagBrowser	STATUS_SCREEN	0	0	CAT_FNCT	PTP_NONE	SLS_ENABLED	STATUS	134 74	
1611	ITM_STOCFG	STOCFG	STOCFG	fnStoreConfig	TM_REGISTER	0	99	CAT_FNCT	PTP_REGISTER	SLS_ENABLED	STOCFG	134 75	
1612	ITM_STOEL	STOEL	STOEL	fnStoreElement	NOPARAM	0	0	CAT_FNCT	PTP_NONE	SLS_ENABLED	STOEL	134 76	
1613	ITM_STOIJ	STOIJ	STOIJ	fnStoreIJ	NOPARAM	0	0	CAT_FNCT	PTP_NONE	SLS_ENABLED	STOIJ	134 77	
1614	ITM_LN1X	LN(1+x)	LN(1+x)	fnLnP1	NOPARAM	0	0	CAT_FNCT	PTP_NONE	SLS_ENABLED	ln(1+𝑥)	134 78	ln(1+x)
1615	ITM_STOS	STOS	STOS	fnStoreStack	TM_REGISTER	0	99	CAT_FNCT	PTP_REGISTER	SLS_ENABLED	STOS	134 79	
1616	ITM_SUM	xⓢⓤⓜ	xⓢⓤⓜ	fnSumXY	NOPARAM	0	0	CAT_FNCT	PTP_NONE	SLS_ENABLED	𝑥_(SUM)	134 80	x_(SUM)
1617	ITM_SW	s⒲	s⒲	fnWeightedSampleStdDev	NOPARAM	0	0	CAT_FNCT	PTP_NONE	SLS_ENABLED	𝑠_𝑤	134 81	s_w sw
1618	ITM_SXY	s⒳⒴	s⒳⒴	fnSampleCovariance	NOPARAM	0	0	CAT_FNCT	PTP_NONE	SLS_ENABLED	𝑠_(𝑥𝑦)	134 82	s_(xy)
1619	ITM_TDISP	TDISP	TDISP	fnDisplayFormatTime	TM_VALUE	0	6	CAT_FNCT	PTP_NUMBER_8	SLS_ENABLED	TDISP	134 83	
1620	ITM_TICKS	TICKS#	TICKS#	fnTicks	NOPARAM	0	0	CAT_FNCT	PTP_NONE	SLS_ENABLED	TICKS#	134 84	TICKS
1621	ITM_TIME	Time→ℸ	Time→ℸ	fnTime	NOPARAM	0	0	CAT_FNCT	PTP_NONE	SLS_ENABLED	Time→𝕋	134 85	TIME Time->T Time→ℸ
1622	ITM_TIMER	STOPW	STOPW	fnItemTimerApp	NOPARAM	0	0	CAT_FNCT	PTP_DISABLED	SLS_ENABLED			
1623	ITM_Tn	T⒩	T⒩	fnChebyshevT	NOPARAM	0	0	CAT_FNCT	PTP_NONE	SLS_ENABLED	T_n	134 87	Tn
1624	ITM_TONE	TONE	TONE	fnTone	TM_VALUE	0	9	CAT_FNCT	PTP_NUMBER_8	SLS_UNCHANGED	TONE	134 88	
1625	ITM_Tex	t⇄	t⇄	fnSwapT	TM_REGISTER	0	99	CAT_FNCT	PTP_REGISTER	SLS_ENABLED	𝑡⇄	134 89	T<> t<>
1626	ITM_ULP	ULP	ULP	fnUlp	NOPARAM	0	0	CAT_FNCT	PTP_NONE	SLS_ENABLED	ULP	134 90	
1627	ITM_Un	U⒩	U⒩	fnChebyshevU	NOPARAM	0	0	CAT_FNCT	PTP_NONE	SLS_ENABLED	U_n	134 91	Un
1628	ITM_UNITV	UNITV	UNITV	fnUnitVector	NOPARAM	0	0	CAT_FNCT	PTP_NONE	SLS_ENABLED	UNITV	134 92	UVEC
1629	ITM_UNSIGN	UNSIGN	UNSIGN	fnIntegerMode	SIM_UNSIGN	0	0	CAT_FNCT	PTP_NONE	SLS_ENABLED	UNSIGN	134 93	UNSGN
1630	ITM_VARMNU	VARMNU	VarMNU	fnVarMnu	TM_LBLONLY	0	99	CAT_FNCT	PTP_LABEL	SLS_UNCHANGED	VARMENU	134 94	VarMNU
1631	ITM_VERS	VERS	VERS	fnVersion	NOPARAM	0	0	CAT_FNCT	PTP_DISABLED	SLS_ENABLED			
1632	ITM_IDIVR	IDIVR	IDIVR	fnIDivR	NOPARAM	0	0	CAT_FNCT	PTP_NONE	SLS_ENABLED	IDIVR	134 96	
1633	ITM_WDAY	WDAY	WDAY	fnWday	NOPARAM	0	0	CAT_FNCT	PTP_NONE	SLS_ENABLED	WDAY	134 97	
1634	ITM_WHO	WHO	WHO	fnWho	NOPARAM	0	0	CAT_FNCT	PTP_DISABLED	SLS_ENABLED			
1635	ITM_WM	W⒨	W⒨	fnWnegative	NOPARAM	0	0	CAT_FNCT	PTP_NONE	SLS_ENABLED	W_m	134 99	
1636	ITM_WP	W⒫	W⒫	fnWpositive	NOPARAM	0	0	CAT_FNCT	PTP_NONE	SLS_ENABLED	W_p	134 100	
1637	ITM_WM1	WⅫⅡ	WⅫⅡ	fnWinverse	NOPARAM	0	0	CAT_FNCT	PTP_NONE	SLS_ENABLED	W⁻¹	134 101	W^-1
1638	ITM_WSIZE	WSIZE	WSIZE	fnSetWordSize	TM_VALUE	0	64	CAT_FNCT	PTP_NUMBER_8	SLS_ENABLED	WSIZE	134 102	
1639	ITM_WSIZEQ	WSIZE#	WSIZE#	fnGetWordSize	NOPARAM	0	0	CAT_FNCT	PTP_NONE	SLS_ENABLED	WSIZE#	134 103	
1640	ITM_XBAR	͸	͸	fnMeanXY	NOPARAM	0	0	CAT_FNCT	PTP_NONE	SLS_ENABLED	𝑥̄	134 104	MEAN \xbar; x-bar x-mean x̄
1641	ITM_XG	͸ⓖ	͸ⓖ	fnGeometricMeanXY	NOPARAM	0	0	CAT_FNCT	PTP_NONE	SLS_ENABLED	𝑥̄_G	134 105	x-bar-G x-mean_G x_G
1642	ITM_XW	͸⒲	͸⒲	fnWeightedMeanX	NOPARAM	0	0	CAT_FNCT	PTP_NONE	SLS_ENABLED	𝑥̄_w	134 106	WMEAN Wm \xbar;w x-bar_w x-mean_w x̄w
1643	ITM_XCIRC	͹	͹	fnXIsFny	NOPARAM	0	0	CAT_FNCT	PTP_NONE	SLS_ENABLED	𝑥̂	134 107	FCSTX \\xhat; x-circ x-hat x̂
1644	ITM_XtoDATE	x→ⅅ	x→ⅅ	fnXToDate	NOPARAM	0	0	CAT_FNCT	PTP_NONE	SLS_ENABLED	𝑥→𝔻	134 108	x->Date x→Date x→ᵓB x→ⅅ
1645	ITM_XtoALPHA_OLD	>x→α<	>x→α<	fnXToAlphaOld	NOPARAM	0	0	CAT_NONE	PTP_NONE	SLS_ENABLED			
1646	ITM_M_QR	M.QR	M.QR	fnQrDecomposition	NOPARAM	0	0	CAT_FNCT	PTP_NONE	SLS_ENABLED	M.QR	134 110	
1647	ITM_YEAR	YEAR	YEAR	fnYear	NOPARAM	0	0	CAT_FNCT	PTP_NONE	SLS_ENABLED	YEAR	134 111	
1648	ITM_YCIRC	ŷ	ŷ	fnYIsFnx	NOPARAM	0	0	CAT_FNCT	PTP_NONE	SLS_ENABLED	𝑦̂	134 112	FCSTY \\yhat; y-circ y-hat ŷ ŷ
1649	ITM_YMD	YMD	YMD	fnSetDateFormat	ITM_YMD	0	0	CAT_FNCT	PTP_NONE	SLS_ENABLED	DF.YMD	134 113	YMD
1650	ITM_Yex	y⇄	y⇄	fnSwapY	TM_REGISTER	0	99	CAT_FNCT	PTP_REGISTER	SLS_ENABLED	𝑦⇄	134 114	Y<> y<>
1651	ITM_Zex	z⇄	z⇄	fnSwapZ	TM_REGISTER	0	99	CAT_FNCT	PTP_REGISTER	SLS_ENABLED	𝑧⇄	134 115	Z<> z<>
1652	ITM_ALPHALENG	αLENG	αLENG	fnAlphaLeng	TM_REGISTER	0	99	CAT_FNCT	PTP_REGISTER	SLS_ENABLED	αLENG	134 116	ALENG
1653	ITM_XMAX	xⓜⓐⓧ	xⓜⓐⓧ	fnXmax	NOPARAM	0	0	CAT_FNCT	PTP_NONE	SLS_ENABLED	𝑥_(MAX)	134 117	xMAX x_(MAX)
1654	ITM_XMIN	xⓜⓘⓝ	xⓜⓘⓝ	fnXmin	NOPARAM	0	0	CAT_FNCT	PTP_NONE	SLS_ENABLED	𝑥_(MIN)	134 118	xMIN x_(MIN)
1655	ITM_ALPHAPOS	αPOS	αPOS	fnAlphaPos	TM_REGISTER	0	99	CAT_FNCT	PTP_REGISTER	SLS_ENABLED	αPOS	134 119	APOS
1656	ITM_ALPHARL	αRL	αRL	fnAlphaRL	TM_REGISTER	0	99	CAT_FNCT	PTP_REGISTER	SLS_ENABLED	αRL	134 120	alphaRL
1657	ITM_ALPHARR	αRR	αRR	fnAlphaRR	TM_REGISTER	0	99	CAT_FNCT	PTP_REGISTER	SLS_ENABLED	αRR	134 121	alphaRR
1658	ITM_ALPHASL	αSL	αSL	fnAlphaSL	TM_REGISTER	0	99	CAT_FNCT	PTP_REGISTER	SLS_ENABLED	αSL	134 122	alphaSL
1659	ITM_ALPHASR	αSR	αSR	fnAlphaSR	TM_REGISTER	0	99	CAT_FNCT	PTP_REGISTER	SLS_ENABLED	αSR	134 123	alphaSR
1660	ITM_ALPHAtoX	α→x	α→x	fnAlphaToX	TM_REGISTER	0	99	CAT_FNCT	PTP_REGISTER	SLS_ENABLED	α→𝑥	134 124	ATOX alpha->x α->x α→x
1661	ITM_BETAXY	β(x,y)	β(x,y)	fnBeta	NOPARAM	0	0	CAT_FNCT	PTP_NONE	SLS_ENABLED	β(𝑥,𝑦)	134 125	beta(x,y) β(x,y)
1662	ITM_gammaXY	γ⒳⒴	γ⒳⒴	fnGammaX	GAMMA_XYLOWER	0	0	CAT_FNCT	PTP_NONE	SLS_ENABLED	𝛾_(𝑥𝑦)	134 126	gamma(xy) γ_(xy) γxy
1663	ITM_GAMMAXY	Γ⒳⒴	Γ⒳⒴	fnGammaX	GAMMA_XYUPPER	0	0	CAT_FNCT	PTP_NONE	SLS_ENABLED	Γ_(xy)	134 127	upperGamma(xy) Γxy
1664	ITM_GAMMAX	Γ(x)	Γ(x)	fnGamma	NOPARAM	0	0	CAT_FNCT	PTP_NONE	SLS_ENABLED	Γ(𝑥)	134 128	GAMMA gamma(x) Γ(x)
1665	ITM_YYX	Y⒴(x)	Y⒴(x)	fnBesselY	NOPARAM	0	0	CAT_FNCT	PTP_NONE	SLS_ENABLED	Y_𝑦(𝑥)	134 129	Y_y(x) Yy(x)
1666	ITM_DELTAPC	Δ%	Δ%	fnDeltaPercent	NOPARAM	0	0	CAT_FNCT	PTP_NONE	SLS_ENABLED	Δ%	134 130	%CH %CHG Delta%
1667	ITM_SCATTFACT	ε	ε	fnGeometricSampleStdDev	NOPARAM	0	0	CAT_FNCT	PTP_NONE	SLS_ENABLED	ε	134 131	epsilon
1668	ITM_SCATTFACTm	ε⒨	ε⒨	fnGeometricStandardError	NOPARAM	0	0	CAT_FNCT	PTP_NONE	SLS_ENABLED	εₘ	134 132	epsilon_m ε_m εm
1669	ITM_SCATTFACTp	ε⒫	ε⒫	fnGeometricPopulationStdDev	NOPARAM	0	0	CAT_FNCT	PTP_NONE	SLS_ENABLED	εₚ	134 133	epsilon_p ε_p εp
1670	ITM_zetaX	ζ(x)	ζ(x)	fnZeta	NOPARAM	0	0	CAT_FNCT	PTP_NONE	SLS_ENABLED	ζ(𝑥)	134 134	zeta(x) ζ(x)
1671	ITM_PIn	∏⒩	∏⒩	fnProgrammableProduct	TM_LBLONLY	0	99	CAT_FNCT	PTP_LABEL	SLS_ENABLED	Πₙ	134 135	Pi_n ∏n
1672	ITM_SIGMAn	∑⒩	∑⒩	fnProgrammableSum	TM_LBLONLY	0	99	CAT_FNCT	PTP_LABEL	SLS_ENABLED	Σₙ	134 136	Σ_n ∑n
1673	ITM_STDDEV	σ	σ	fnPopulationStdDev	NOPARAM	0	0	CAT_FNCT	PTP_NONE	SLS_ENABLED	σ	134 137	STDDEV \sig;x sigma σx
1674	ITM_STDDEVPOP	σ⒲	σ⒲	fnWeightedPopulationStdDev	NOPARAM	0	0	CAT_FNCT	PTP_NONE	SLS_ENABLED	σ𝑤	134 138	sigma-w σw
1675	ITM_RANI	RANI#	RANI#	fnRandomI	NOPARAM	0	0	CAT_FNCT	PTP_NONE	SLS_ENABLED	RANI#	134 139	
1676	ITM_PRINTERX	⎙x	⎙x	fnP_All_Regs	PRN_Xr	0	0	CAT_FNCT	PTP_NONE	SLS_ENABLED	🖨x	134 140	PrintX ⎙x
1677	ITM_LASTT	LASTT#	LASTT#	fnLastT	NOPARAM	0	0	CAT_FNCT	PTP_NONE	SLS_ENABLED	LASTT#	134 141	
1678	ITM_GETRANGE	RNG#	RNG#	fnGetRange	NOPARAM	0	0	CAT_FNCT	PTP_NONE	SLS_ENABLED	RANGE#	134 142	RNG#
1679	ITM_M1X	(-1)ˣ	(-1)ˣ	fnM1Pow	NOPARAM	0	0	CAT_FNCT	PTP_NONE	SLS_ENABLED	(-1)ˣ	134 143	(-1)^x
1680	ITM_XMOD	×MOD	×MOD	fnMulMod	NOPARAM	0	0	CAT_FNCT	PTP_NONE	SLS_ENABLED	×MOD	134 144	*MOD
1681	ITM_toDATE	zyx→ⅅ	zyx→ⅅ	fnToDate	NOPARAM	0	0	CAT_FNCT	PTP_NONE	SLS_ENABLED	𝑧𝑦𝑥→𝔻	134 145	zyx->D zyx->Date zyx→D zyx→Date zyx→ⅅ
1682	ITM_sn	sn(u,m)	sn(u,m)	fnJacobiSn	NOPARAM	0	0	CAT_FNCT	PTP_NONE	SLS_ENABLED	sn(𝑢,𝑚)	134 146	sn(u,m)
1683	ITM_cn	cn(u,m)	cn(u,m)	fnJacobiCn	NOPARAM	0	0	CAT_FNCT	PTP_NONE	SLS_ENABLED	cn(𝑢,𝑚)	134 147	cn(u,m)
1684	ITM_dn	dn(u,m)	dn(u,m)	fnJacobiDn	NOPARAM	0	0	CAT_FNCT	PTP_NONE	SLS_ENABLED	dn(𝑢,𝑚)	134 148	dn(u,m)
1685	ITM_toHR_OLD	>→HR<	>→HR<	fnOldItemError	NOPARAM	0	0	CAT_NONE	PTP_NONE	SLS_ENABLED			
1686	ITM_HRtoTM	H→ℸ	H→ℸ	fnHRtoTM	NOPARAM	0	0	CAT_FNCT	PTP_NONE	SLS_ENABLED	H→𝕋	134 150	H->T H→ℸ
1687	ITM_toINT	→INT	#	fnChangeBase	TM_VALUE_CHB	2	16	CAT_NONE	PTP_NUMBER_8	SLS_ENABLED	→BASE	134 151	->BASE
1688	ITM_HMStoTM	H.MS→ℸ	H.MS→ℸ	fnHMStoTM	NOPARAM	0	0	CAT_FNCT	PTP_NONE	SLS_ENABLED	H.MS->𝕋	134 152	H.MS->T H.MS→ℸ H.MS→𝕋
1689	ITM_BASENR	dBASE	dBASE	fnSetBaseNr	TM_VALUE	0	62	CAT_FNCT	PTP_NUMBER_8	SLS_ENABLED	dBASE	134 153	
1690	ITM_INTEGRAL_YX	∫⧰	∫⧰	fnIntegrateYX	TM_REGISTER	0	99	CAT_FNCT	PTP_REGISTER	SLS_ENABLED	∫^𝑥_𝑦	134 154	∫^x_y ∫⧰
1691	ITM_toREAL	→REAL	.d	fnToReal	NOPARAM	0	0	CAT_FNCT	PTP_NONE	SLS_ENABLED	→REAL	134 155	->REAL
1692	ITM_PCSGM_DPCMN	%Σ,Δ%͸₁	%Σ,Δ%͸₁	fnPcSigmaDeltaPcXmean	NOPARAM	0	0	CAT_FNCT	PTP_NONE	SLS_ENABLED	%Σ,Δ%𝑥̄_1	134 156	%Σ,Δ%\x̄_1
1693	ITM_DPCMEAN	Δ%͸₁	Δ%͸₁	fnDeltaPercentXmean	NOPARAM	0	0	CAT_FNCT	PTP_NONE	SLS_ENABLED	Δ%x̄₁	134 157	Delta%xMean
1694	ITM_SHUFFLE	⇄	⇄	fnShuffle	TM_SHUFFLE	0	0	CAT_FNCT	PTP_SHUFFLE	SLS_ENABLED	⇄	134 158	<> SHUF SHUFFLE
1695	ITM_PC	%	%	fnPercent	NOPARAM	0	0	CAT_FNCT	PTP_NONE	SLS_ENABLED	%	134 159	
1696	ITM_PCMRR	%MRR	%MRR	fnPercentMRR	NOPARAM	0	0	CAT_FNCT	PTP_NONE	SLS_ENABLED	%MRR	134 160	
1697	ITM_PCT	%T	%T	fnPercentT	NOPARAM	0	0	CAT_FNCT	PTP_NONE	SLS_ENABLED	%T	134 161	
1698	ITM_PCSIGMA	%Σ	%Σ	fnPercentSigma	NOPARAM	0	0	CAT_FNCT	PTP_NONE	SLS_ENABLED	%Σ	134 162	%Sigma
1699	ITM_PCPMG	%+MG	%+MG	fnPercentPlusMG	NOPARAM	0	0	CAT_FNCT	PTP_NONE	SLS_ENABLED	%+MG	134 163	
1700	ITM_INTEGRAL	∫f d	∫	fnIntegrate	TM_REGISTER	0	99	CAT_FNCT	PTP_REGISTER	SLS_ENABLED	∫fd	134 164	INTEG integrate(f,d) ∫f d
1701	ITM_PMOD	^MOD	^MOD	fnExpMod	NOPARAM	0	0	CAT_FNCT	PTP_NONE	SLS_ENABLED	^MOD	134 165	
1702	ITM_M_DET	|M|	|M|	fnDeterminant	NOPARAM	0	0	CAT_FNCT	PTP_NONE	SLS_ENABLED	|𝑀|	134 166	det(M) |M|
1703	ITM_PARALLEL	∥	∥	fnParallel	NOPARAM	0	0	CAT_FNCT	PTP_NONE	SLS_ENABLED	∥	134 167	parallel ||
1704	ITM_M_TRANSP	[M]⊤	[M]⊤	fnTranspose	NOPARAM	0	0	CAT_FNCT	PTP_NONE	SLS_ENABLED	[𝑀]ᵀ	134 168	[M]^T [M]⊤ transpose(M)
1705	ITM_M_INV	[M]ⅫⅡ	[M]ⅫⅡ	fnInvertMatrix	NOPARAM	0	0	CAT_FNCT	PTP_NONE	SLS_ENABLED	[𝑀]⁻¹	134 169	INVRT [M]^-1 inv(M)
1706	ITM_ARG	∡	∡	fnArg	NOPARAM	0	0	CAT_FNCT	PTP_NONE	SLS_ENABLED	∡	134 170	angle ∠
1707	ITM_PRINTERXY	⎙xy	⎙xy	fnP_All_Regs	PRN_XYr	0	0	CAT_FNCT	PTP_NONE	SLS_ENABLED	🖨xy	134 171	PrintXY ⎙xy
1708	ITM_PRINTERADV	⎙ADV	⎙ADV	fnP_Advance	NOPARAM	0	0	CAT_FNCT	PTP_NONE	SLS_ENABLED	🖨ADV	134 172	PrintADV ⎙ADV
1709	ITM_PRINTERCHAR_OLD	>⎙CHAR<	>⎙CHAR<	itemToBeCoded	NOPARAM	0	127	CAT_NONE	PTP_NUMBER_8	SLS_ENABLED			
1710	ITM_PRINTERDLAY	⎙DLAY	⎙DLAY	fnP_SetDelay	TM_VALUE	0	99	CAT_FNCT	PTP_NUMBER_8	SLS_ENABLED	🖨DLAY	134 174	⎙DLAY
1711	ITM_PRINTERLCD	⎙LCD	⎙LCD	fnP_LCD	NOPARAM	0	0	CAT_FNCT	PTP_NONE	SLS_ENABLED	🖨LCD	134 175	⎙LCD
1712	ITM_PRINTERMODE	⎙MODE	⎙MODE	itemToBeCoded	NOPARAM	0	3	CAT_FNCT	PTP_NUMBER_8	SLS_ENABLED	🖨MODE	134 176	⎙MODE
1713	ITM_PRINTERPROG	⎙PROG	⎙PROG	fnExportProgram	TM_LBLONLY	0	0	CAT_FNCT	PTP_DISABLED	SLS_ENABLED			
1714	ITM_PRINTERR	⎙r	⎙r	fnP_Regs	TM_REGISTER	0	99	CAT_FNCT	PTP_REGISTER	SLS_ENABLED	🖨r	134 178	PrintR ⎙r
1715	ITM_PRINTERREGS	⎙REGS	⎙REGS	fnP_All_Regs	PRN_REGS	0	0	CAT_FNCT	PTP_NONE	SLS_ENABLED	🖨REGS	134 179	PRREG PrintREGS ⎙REGS
1716	ITM_PRINTERSTK	⎙STK	⎙STK	fnP_All_Regs	PRN_STK	0	0	CAT_FNCT	PTP_NONE	SLS_ENABLED	🖨Stk	134 180	PRSTK PrintStk ⎙STK
1717	ITM_PRINTERTAB_OLD	>⎙TAB<	>⎙TAB<	itemToBeCoded	NOPARAM	0	127	CAT_NONE	PTP_NUMBER_8	SLS_ENABLED			
1718	ITM_PRINTERUSER	⎙USER	⎙USER	fnP_User	NOPARAM	0	0	CAT_FNCT	PTP_NONE	SLS_ENABLED	🖨USER	134 182	PrintUSER ⎙USER
1719	ITM_PRINTERWIDTH	⎙WIDTH	⎙WIDTH	itemToBeCoded	NOPARAM	0	0	CAT_FNCT	PTP_NONE	SLS_ENABLED	🖨WIDTH	134 183	PrintWIDTH ⎙WIDTH
1720	ITM_PRINTERSIGMA	⎙Σ	⎙Σ	fnP_Sigma	NOPARAM	0	0	CAT_FNCT	PTP_NONE	SLS_ENABLED	🖨Σ	134 184	PrintSIGMA PrintΣ ⎙Σ
1721	ITM_PRINTERHASH_OLD	>⎙#<	>⎙#<	itemToBeCoded	NOPARAM	0	0	CAT_NONE	PTP_NONE	SLS_ENABLED			
1722	ITM_FBR	FBR	FBR	fontBrowser	NOPARAM	0	0	CAT_FNCT	PTP_DISABLED	SLS_ENABLED			
1723	ITM_UNDO	UNDO	⎌	fnUndo	NOPARAM	0	0	CAT_FNCT	PTP_DISABLED	SLS_UNCHANGED			
1724	ITM_PR	PRGM	PRGM	fnPem	NOPARAM	0	0	CAT_NONE	PTP_DISABLED	SLS_ENABLED			
1725	ITM_RS	R/S	R/S	fnRunProgram	NOPARAM	0	0	CAT_NONE	PTP_DISABLED	SLS_ENABLED			
1726	ITM_Kk	K(m)	K(m)	fnEllipticK	NOPARAM	0	0	CAT_FNCT	PTP_NONE	SLS_ENABLED	K(m)	134 190	
1727	ITM_Ek	E(m)	E(m)	fnEllipticE	NOPARAM	0	0	CAT_FNCT	PTP_NONE	SLS_ENABLED	E(m)	134 191	
1728	ITM_PInk	Π(n,m)	Π(n,m)	fnEllipticPi	NOPARAM	0	0	CAT_FNCT	PTP_NONE	SLS_ENABLED	Π(n,m)	134 192	Pi(n,m)
1729	ITM_USERMODE	USER	USER	fnFlipFlag	FLAG_USER	0	0	CAT_NONE	PTP_DISABLED	SLS_ENABLED			
1730	ITM_CC	CC	CC	fnKeyCC	NOPARAM	0	0	CAT_FNCT	PTP_NONE	SLS_ENABLED	CC	134 194	
1731	ITM_SHIFTf	f	f	fnSHIFTf	NOPARAM	0	0	CAT_FNCT	PTP_DISABLED	SLS_ENABLED			
1732	ITM_SHIFTg	g	g	fnSHIFTg	NOPARAM	0	0	CAT_FNCT	PTP_DISABLED	SLS_ENABLED			
1733	ITM_UP1	UP	↑	fnKeyUp	NOPARAM	0	0	CAT_NONE	PTP_DISABLED	SLS_ENABLED			
1734	ITM_BST	BST	BST	fnBst	NOPARAM	0	0	CAT_FNCT	PTP_DISABLED	SLS_ENABLED			
1735	ITM_DOWN1	DOWN	↓	fnKeyDown	NOPARAM	0	0	CAT_NONE	PTP_DISABLED	SLS_ENABLED			
1736	ITM_SST	SST	SST	fnSst	NOPARAM	0	0	CAT_FNCT	PTP_DISABLED	SLS_ENABLED			
1737	ITM_EXIT1	EXIT	EXIT	fnKeyExit	NOPARAM	0	0	CAT_NONE	PTP_DISABLED	SLS_ENABLED			
1738	ITM_BACKSPACE	BKSPC	←	fnKeyBackspace	NOPARAM	0	0	CAT_NONE	PTP_DISABLED	SLS_UNCHANGED			
1739	ITM_M_DIM_GR	M.DIMgr	DIMgr	fnSetMatrixDimensionsGr	TM_M_DIM	0	99	CAT_FNCT	PTP_REGISTER	SLS_UNCHANGED	M.DIMgr	134 203	DIMgr
1740	ITM_AIM	α	α	fnAim	NOPARAM	0	0	CAT_NONE	PTP_NONE	SLS_ENABLED	α	134 204	AIM AON
1741	ITM_dotD	.d	.d	fnKeyDotD	NOPARAM	0	0	CAT_NONE	PTP_NONE	SLS_ENABLED	.d	134 205	
1742	ITM_SHOW	SHOW	SHOW	fnC47Show	NOPARAM	0	0	CAT_FNCT	PTP_NONE	SLS_ENABLED	SHOW	134 206	
1743	ITM_XMEAN	͸₁	͸₁	fnMeanX	NOPARAM	0	0	CAT_FNCT	PTP_NONE	SLS_ENABLED	𝑥̄₁	134 207	x-bar_1 x̄_1
1744	ITM_FRACT	FRACT	FRACT	SetSetting	FLAG_FRACT	0	0	CAT_FNCT	PTP_DISABLED	SLS_UNCHANGED			
1745	ITM_VANGLE	∡ ͸, ȳ	∡ ͸, ȳ	fnVectorAngle	NOPARAM	0	0	CAT_FNCT	PTP_NONE	SLS_ENABLED	∡𝑥̄,𝑦̄	134 209	angle(v)
1746	ITM_XH	͸ⓗ	͸ⓗ	fnHarmonicMeanXY	NOPARAM	0	0	CAT_FNCT	PTP_NONE	SLS_ENABLED	𝑥̅_H	134 210	x-bar_H x-mean_H x_H
1747	ITM_XRMS	͸ⓡⓜⓢ	͸ⓡⓜⓢ	fnRMSMeanXY	NOPARAM	0	0	CAT_FNCT	PTP_NONE	SLS_ENABLED	𝑥̅_(RMS)	134 211	x-bar_(RMS) x-mean_(RMS)
1748	ITM_ACOS	>ACOS<	>ACOS<	fnArccos	NOPARAM	0	0	CAT_NONE	PTP_NONE	SLS_ENABLED			
1749	ITM_ASIN	>ASIN<	>ASIN<	fnArcsin	NOPARAM	0	0	CAT_NONE	PTP_NONE	SLS_ENABLED			
1750	ITM_ATAN	>ATAN<	>ATAN<	fnArctan	NOPARAM	0	0	CAT_NONE	PTP_NONE	SLS_ENABLED			
1751	ITM_DET	>DET<	>DET<	fnDeterminant	NOPARAM	0	0	CAT_NONE	PTP_NONE	SLS_ENABLED			
1752	ITM_INVRT	>INVRT<	>INVRT<	fnInvertMatrix	NOPARAM	0	0	CAT_NONE	PTP_NONE	SLS_ENABLED			
1753	ITM_TRANS	>TRANS<	>TRANS<	fnTranspose	NOPARAM	0	0	CAT_NONE	PTP_NONE	SLS_ENABLED			
1754	ITM_iPIn	i∏⒩	i∏⒩	fnProgrammableiProduct	TM_LBLONLY	0	99	CAT_FNCT	PTP_LABEL	SLS_ENABLED	iΠₙ	134 218	iPi_n i∏n
1755	ITM_iSIGMAn	i∑⒩	i∑⒩	fnProgrammableiSum	TM_LBLONLY	0	99	CAT_FNCT	PTP_LABEL	SLS_ENABLED	iΣₙ	134 219	iSigma_n i∑n
1756	ITM_PLOT_CENTRL	CENTRL	CENTRL	fnPlotStat	PLOT_ORTHOF	0	0	CAT_FNCT	PTP_NONE	SLS_ENABLED	CENTRL	134 220	
1757	ITM_HIDE_OLD	>HIDE<	>HIDE<	fnOldItemError	NOPARAM	0	0	CAT_NONE	PTP_NONE	SLS_ENABLED			
1758	ITM_SMI	s⒨⒤	s⒨⒤	fnPlotCloseSmi	NOPARAM	0	0	CAT_FNCT	PTP_NONE	SLS_UNCHANGED	s_(mi)	134 222	
1759	ITM_PLOT_ASSESS	ASSESS	ASSESS	fnPlotStat	PLOT_LR	0	0	CAT_NONE	PTP_NONE	SLS_ENABLED	ASSESS	134 223	
1760	ITM_PLOT_NXT	NXTFIT	NXTFIT	fnPlotStat	PLOT_NXT	0	0	CAT_NONE	PTP_NONE	SLS_ENABLED	NXTFIT	134 224	
1761	ITM_PLOT_REV			fnPlotStat	PLOT_REV	0	0	CAT_NONE	PTP_NONE	SLS_ENABLED			
1762	ITM_PLOTZOOM	ZOOM	ZOOM	fnPlotZoom	NOPARAM	0	0	CAT_FNCT	PTP_NONE	SLS_ENABLED	ZOOM	134 226	
1763	ITM_Fphik	F(ϕ,m)	F(ϕ,m)	fnEllipticFphi	NOPARAM	0	0	CAT_FNCT	PTP_NONE	SLS_ENABLED	F(ϕ,m)	134 227	F(phi,m)
1764	ITM_Ephik	E(ϕ,m)	E(ϕ,m)	fnEllipticEphi	NOPARAM	0	0	CAT_FNCT	PTP_NONE	SLS_ENABLED	E(ϕ,m)	134 228	E(phi,m)
1765	ITM_ZETAphik	Ζ(ϕ,m)	Ζ(ϕ,m)	fnJacobiZeta	NOPARAM	0	0	CAT_FNCT	PTP_NONE	SLS_ENABLED	ζ(ϕ,𝑚)	134 229	zeta(phi,m) Ζ(ϕ,m)
1766	ITM_GETHIDE	HIDE#	HIDE#	fnGetHide	NOPARAM	0	0	CAT_FNCT	PTP_NONE	SLS_ENABLED	HIDE#	134 230	
1767	ITM_CALC	Calc f	Calc f	fnEqCalc	NOPARAM	0	0	CAT_FNCT	PTP_NONE	SLS_ENABLED	Calc-f	134 231	
1768	ITM_SQRT	>SQRT<	>SQRT<	fnSquareRoot	NOPARAM	0	0	CAT_NONE	PTP_NONE	SLS_ENABLED			
1769	ITM_RCL_FV	>FV<	>FV<	fnOldItemError	NOPARAM	0	0	CAT_NONE	PTP_NONE	SLS_UNCHANGED			
1770	ITM_RCL_IPonA	>I/a<	>I/a<	fnOldItemError	NOPARAM	0	0	CAT_NONE	PTP_NONE	SLS_UNCHANGED			
1771	ITM_RCL_NPPER	>n<	>n<	fnOldItemError	NOPARAM	0	0	CAT_NONE	PTP_NONE	SLS_UNCHANGED			
1772	ITM_RCL_PPERonA	>pp/a<	>pp/a<	fnOldItemError	NOPARAM	0	0	CAT_NONE	PTP_NONE	SLS_UNCHANGED			
1773	ITM_RCL_PMT	>PMT<	>PMT<	fnOldItemError	NOPARAM	0	0	CAT_NONE	PTP_NONE	SLS_UNCHANGED			
1774	ITM_RCL_PV	>PV<	>PV<	fnOldItemError	NOPARAM	0	0	CAT_NONE	PTP_NONE	SLS_UNCHANGED			
1775	ITM_atan2	ATAN2	ATAN2	fnAtan2	NOPARAM	0	0	CAT_FNCT	PTP_NONE	SLS_ENABLED	atan2(𝑥,𝑦)	134 239	ATAN2 atan2(x,y)
1776	ITM_EFFTOI	EFF→I/a	EFF→I/a	fnEffToI	NOPARAM	0	0	CAT_FNCT	PTP_NONE	SLS_ENABLED	EFF→I/a	134 240	EFF->I/a
1777	ITM_TIMER_0_1S	0.1s	0.1s	fnDecisecondTimerApp	NOPARAM	0	0	CAT_NONE	PTP_NONE	SLS_UNCHANGED	0.1s	134 241	
1778	ITM_TIMER_RESET	RESET	RESET	fnResetTimerApp	NOPARAM	0	0	CAT_NONE	PTP_DISABLED	SLS_UNCHANGED			
1779	ITM_TIMER_RCL	RCL	RCL	fnRecallTimerApp	TM_REGISTER	0	99	CAT_NONE	PTP_DISABLED	SLS_UNCHANGED			
1780	ITM_DELBKUP	DELBkup	DELBkup	fnDeleteBackup	NOT_CONFIRMED	0	0	CAT_FNCT	PTP_DISABLED	SLS_UNCHANGED			
1781	ITM_ITOEFF	I→EFF/a	I→EFF/a	fnEff	NOPARAM	0	0	CAT_FNCT	PTP_NONE	SLS_ENABLED	I→EFF/a	134 245	I->EFF/a
1782	ITM_TIMER_SIGMA_T	TIM→Σ	TIM→Σ	fnAddTimerApp	NOPARAM	0	0	CAT_NONE	PTP_DISABLED	SLS_UNCHANGED			
1783	ITM_TIMER_SIGMA_L	LAP→Σ	LAP→Σ	fnAddLapTimerApp	NOPARAM	0	0	CAT_NONE	PTP_DISABLED	SLS_UNCHANGED			
1784	ITM_TIMER_R_T	TIM→R	TIM→R	fnRegAddTimerApp	NOPARAM	0	0	CAT_NONE	PTP_DISABLED	SLS_UNCHANGED			
1785	ITM_TIMER_R_L	LAP→R	LAP→R	fnRegAddLapTimerApp	NOPARAM	0	0	CAT_NONE	PTP_DISABLED	SLS_UNCHANGED			
1786	ITM_TIMER_R_S	R/S	R/S	fnStartStopTimerApp	NOPARAM	0	0	CAT_NONE	PTP_DISABLED	SLS_UNCHANGED			
1787	ITM_nBINS	nBINS	nBINS	fnSetNBins	NOPARAM	0	0	CAT_NONE	PTP_NONE	SLS_UNCHANGED	nBINS	134 251	
1788	ITM_LOBIN	↓BIN	↓BIN	fnSetLoBin	NOPARAM	0	0	CAT_FNCT	PTP_NONE	SLS_UNCHANGED	↓BIN	134 252	vBIN
1789	ITM_HIBIN	↑BIN	↑BIN	fnSetHiBin	NOPARAM	0	0	CAT_FNCT	PTP_NONE	SLS_UNCHANGED	↑BIN	134 253	
1790	ITM_HISTOX	HISTOX	HISTOX	fnConvertStatsToHisto	ITM_X	0	0	CAT_FNCT	PTP_NONE	SLS_UNCHANGED	HISTOX	134 254	
1791	ITM_HISTOY	HISTOY	HISTOY	fnConvertStatsToHisto	ITM_Y	0	0	CAT_FNCT	PTP_NONE	SLS_UNCHANGED	HISTOY	134 255	
1792	ITM_HPLOT	HPLOT	HPLOT	fnPlotStat	H_PLOT	0	0	CAT_FNCT	PTP_NONE	SLS_UNCHANGED	HPLOT	135 0	
1793	ITM_HNORM	HNORM	HNORM	fnPlotStat	H_NORM	0	0	CAT_FNCT	PTP_NONE	SLS_UNCHANGED	HNORM	135 1	
1794	ITM_SQRT1PX2	√(1+xⅢ)	√(1+xⅢ)	fnSqrt1Px2	NOPARAM	0	0	CAT_FNCT	PTP_NONE	SLS_ENABLED	√(1-𝑥²)	135 2	sqrt(1-x^2) √(1-x^2)
1795	ITM_op_j_pol	op_ⅈ⊚	ⅈ⊚	fn_cnst_op_j_pol	NOPARAM	0	0	CAT_FNCT	PTP_NONE	SLS_ENABLED	𝒾⊙-op	135 3	PCOMPLEX i-pol-op ⅈ⊚
1796	ITM_BASE_MYM	MyMb	MyMb	SetSetting	FLAG_BASE_MYM	0	0	CAT_FNCT	PTP_DISABLED	SLS_UNCHANGED			
1797	ITM_G_DOUBLETAP	g.2Tp	g.2Tp	SetSetting	FLAG_G_DOUBLETAP	0	0	CAT_FNCT	PTP_DISABLED	SLS_UNCHANGED			
1798	ITM_CPXMULT	CPXmul	CPXmul	SetSetting	FLAG_CPXMULT	0	0	CAT_FNCT	PTP_DISABLED	SLS_UNCHANGED			
1799	ITM_P_ALLREGS	⎙ALLr	⎙ALLr	fnP_All_Regs	PRN_ALL	0	0	CAT_FNCT	PTP_NONE	SLS_UNCHANGED	🖨ALLr	135 7	PrintAll ⎙ALLr
1800	ITM_SI_f	·f	·f	fnMultiplySI	85	0	0	CAT_NONE	PTP_DISABLED	SLS_ENABLED			
1801	ITM_SI_p	·p	·p	fnMultiplySI	88	0	0	CAT_NONE	PTP_DISABLED	SLS_ENABLED			
1802	ITM_SI_n	·n	·n	fnMultiplySI	91	0	0	CAT_NONE	PTP_DISABLED	SLS_ENABLED			
1803	ITM_SI_u	·μ	·μ	fnMultiplySI	94	0	0	CAT_NONE	PTP_DISABLED	SLS_ENABLED			
1804	ITM_SI_m	·m	·m	fnMultiplySI	97	0	0	CAT_NONE	PTP_DISABLED	SLS_ENABLED			
1805	ITM_SI_k	·k	·k	fnMultiplySI	103	0	0	CAT_NONE	PTP_DISABLED	SLS_ENABLED			
1806	ITM_SI_M	·M	·M	fnMultiplySI	106	0	0	CAT_NONE	PTP_DISABLED	SLS_ENABLED			
1807	ITM_SI_G	·G	·G	fnMultiplySI	109	0	0	CAT_NONE	PTP_DISABLED	SLS_ENABLED			
1808	ITM_SI_T	·T	·T	fnMultiplySI	112	0	0	CAT_NONE	PTP_DISABLED	SLS_ENABLED			
1809	ITM_QOPPA		Ϙ	addItemToBuffer	ITM_QOPPA	0	0	CAT_NONE	PTP_DISABLED	SLS_UNCHANGED			
1810	ITM_DIGAMMA		Ϝ	addItemToBuffer	ITM_DIGAMMA	0	0	CAT_NONE	PTP_DISABLED	SLS_UNCHANGED			
1811	ITM_SAMPI		Ϡ	addItemToBuffer	ITM_SAMPI	0	0	CAT_NONE	PTP_DISABLED	SLS_UNCHANGED			
1812	ITM_EE_D2Y	Y → Δ	Y → Δ	fnStarToDelta	NOPARAM	0	0	CAT_FNCT	PTP_NONE	SLS_ENABLED	Y→Δ	135 20	Y->Δ Y → Δ
1813	ITM_EE_Y2D	Δ → Y	Δ → Y	fnDeltaToStar	NOPARAM	0	0	CAT_FNCT	PTP_NONE	SLS_ENABLED	Δ→Y	135 21	u0394->Y u0394u2004→u2004Y
1814	ITM_EE_A2S	AtoSYM	abc→012	fnAbcToSym	NOPARAM	0	0	CAT_FNCT	PTP_NONE	SLS_ENABLED	AtoSYM	135 22	abc→012
1815	ITM_EE_S2A	SYMtoA	012→abc	fnSymToAbc	NOPARAM	0	0	CAT_FNCT	PTP_NONE	SLS_ENABLED	SYMtoA	135 23	012→abc
1816	ITM_EE_EXP_TH	ⅇ⒊ˣ	ⅇ⒊ˣ	fnEulersFormula	NOPARAM	0	0	CAT_FNCT	PTP_NONE	SLS_ENABLED	ℯⁱˣ	135 24	e^(ix) ⅇiˣ
1817	ITM_EE_STO_Z	3STOZ₉₆	3STOZ₉₆	fn3Sto	96	0	0	CAT_FNCT	PTP_NONE	SLS_ENABLED	3STOZ_(96)	135 25	3STOZ96
1818	ITM_EE_RCL_Z	3RCLZ₉₆	3RCLZ₉₆	fn3Rcl	96	0	0	CAT_FNCT	PTP_NONE	SLS_ENABLED	3RCLZ_(96)	135 26	3RCLZ96
1819	ITM_EE_STO_V	3STOV₉₀	3STOV₉₀	fn3Sto	90	0	0	CAT_FNCT	PTP_NONE	SLS_ENABLED	3STOV_(90)	135 27	3STOV90
1820	ITM_EE_RCL_V	3RCLV₉₀	3RCLV₉₀	fn3Rcl	90	0	0	CAT_FNCT	PTP_NONE	SLS_ENABLED	3RCLV_(90)	135 28	3RCLV90
1821	ITM_EE_STO_I	3STOI₉₃	3STOI₉₃	fn3Sto	93	0	0	CAT_FNCT	PTP_NONE	SLS_ENABLED	3STOI_(93)	135 29	3STOI93
1822	ITM_EE_RCL_I	3RCLI₉₃	3RCLI₉₃	fn3Rcl	93	0	0	CAT_FNCT	PTP_NONE	SLS_ENABLED	3RCLI_(93)	135 30	3RCLI93
1823	ITM_EE_STO_V_I	Z=V÷I	Z=V÷I	fnTripleZfromVI	NOPARAM	0	0	CAT_FNCT	PTP_NONE	SLS_ENABLED	Z=V÷I	135 31	Z=V/I
1824	ITM_EE_STO_IR	V=I×Z	V=I×Z	fnTripleVfromIZ	NOPARAM	0	0	CAT_FNCT	PTP_NONE	SLS_ENABLED	V=I×Z	135 32	V=I*Z V=IZ
1825	ITM_EE_STO_V_Z	I=V÷Z	I=V÷Z	fnTripleIfromVZ	NOPARAM	0	0	CAT_FNCT	PTP_NONE	SLS_ENABLED	I=V÷Z	135 33	I=V/Z
1826	ITM_EE_X2BAL	X → BAL	X → BAL	fnCopyXtoAbc	NOPARAM	0	0	CAT_FNCT	PTP_NONE	SLS_ENABLED	X→Bal	135 34	X->Bal x →BAL
1827	ITM_MATX_A	op_A	[A]	fn_cnst_op_A	ITM_MATX_A	0	0	CAT_FNCT	PTP_NONE	SLS_UNCHANGED	ELEC-A	135 35	[A] op_A
1828	ITM_op_a	op_a	a	fn_cnst_op_a	NOPARAM	0	0	CAT_FNCT	PTP_NONE	SLS_ENABLED	ELEC-𝑎	135 36	op_a
1829	ITM_op_a2	op_aⅢ	aⅢ	fn_cnst_op_aa	NOPARAM	0	0	CAT_FNCT	PTP_NONE	SLS_ENABLED	ELEC-a²	135 37	ELEC-a^2
1830	ITM_op_j	op_ⅈ	ⅈ	fn_cnst_op_j	NOPARAM	0	0	CAT_FNCT	PTP_NONE	SLS_ENABLED	𝒾-op	135 38	RCOMPLEX i-op ⅈ
1831	ITM_2BIN	BIN	BIN	fnChangeBaseJM	2	0	0	CAT_FNCT	PTP_NONE	SLS_ENABLED	BIN	135 39	BINM BN
1832	ITM_2OCT	OCT	OCT	fnChangeBaseJM	8	0	0	CAT_FNCT	PTP_NONE	SLS_ENABLED	OCT	135 40	OC OCTM
1833	ITM_2DEC	DEC	DEC	fnChangeBaseJM	10	0	0	CAT_FNCT	PTP_NONE	SLS_ENABLED	DEC	135 41	DECM
1834	ITM_2HEX	HEX	HEX	fnChangeBaseJM	16	0	0	CAT_FNCT	PTP_NONE	SLS_ENABLED	HEX	135 42	HEXM HX
1835	ITM_WS8	8-BIT	8-BIT	fnSetWordSize	8	0	0	CAT_FNCT	PTP_NONE	SLS_UNCHANGED	8-BIT	135 43	
1836	ITM_WS16	16-BIT	16-BIT	fnSetWordSize	16	0	0	CAT_FNCT	PTP_NONE	SLS_UNCHANGED	16-BIT	135 44	
1837	ITM_WS32	32-BIT	32-BIT	fnSetWordSize	32	0	0	CAT_FNCT	PTP_NONE	SLS_UNCHANGED	32-BIT	135 45	
1838	ITM_WS64	64-BIT	64-BIT	fnSetWordSize	64	0	0	CAT_FNCT	PTP_NONE	SLS_UNCHANGED	64-BIT	135 46	
1839	ITM_HR_DEG	HOUR	HOUR	fnHrDeg	NOPARAM	0	0	CAT_FNCT	PTP_NONE	SLS_ENABLED	HOUR	135 47	
1840	ITM_MINUTE	MINUTE	MINUTE	fnMinute	NOPARAM	0	0	CAT_FNCT	PTP_NONE	SLS_ENABLED	MINUTE	135 48	
1841	ITM_SECOND	SECOND	SECOND	fnSecond	NOPARAM	0	0	CAT_FNCT	PTP_NONE	SLS_ENABLED	SECOND	135 49	
1842	ITM_toTIME	zyx→ℸ	zyx→ℸ	fnToTime	NOPARAM	0	0	CAT_FNCT	PTP_NONE	SLS_ENABLED	𝑧𝑦𝑥→𝕋	135 50	zyx->T zyx->Time zyx→T zyx→Time zyx→ℸ
1843	ITM_TIMEto	ℸ→zyx	ℸ→zyx	fnTimeTo	NOPARAM	0	0	CAT_FNCT	PTP_NONE	SLS_ENABLED	𝕋→𝑧𝑦𝑥	135 51	ᵔB->zyx ᵔB→zyx ℸ→zyx
1844	ITM_COUNTDN_RCL	RCL⧖	RCL⧖	fnSetCountDownTimerApp	TM_REGISTER	0	99	CAT_NONE	PTP_DISABLED	SLS_UNCHANGED			
1845	ITM_qoppa		ϙ	addItemToBuffer	ITM_qoppa	0	0	CAT_NONE	PTP_DISABLED	SLS_UNCHANGED			
1846	ITM_digamma		ϝ	addItemToBuffer	ITM_digamma	0	0	CAT_NONE	PTP_DISABLED	SLS_UNCHANGED			
1847	ITM_sampi		ϡ	addItemToBuffer	ITM_sampi	0	0	CAT_NONE	PTP_DISABLED	SLS_UNCHANGED			
1848		COMPLEX	COMPLEX	fnKeyCC	KEY_COMPLEX	0	0	CAT_FNCT	PTP_NONE	SLS_ENABLED	COMPLEX	135 56	
1849	ITM_toPOL2	→POLAR	→P	fnToPolar2	NOPARAM	0	0	CAT_FNCT	PTP_NONE	SLS_ENABLED	→POLAR	135 57	y,x\rarr;\theta;,r →P →POL
1850	ITM_toREC2	→RECT	→R	fnToRect2	NOPARAM	0	0	CAT_FNCT	PTP_NONE	SLS_ENABLED	→RECT	135 58	\theta;,r\rarr;y,x →R →REC
1851	ITM_CARRY	CARRY	CARRY	SetSetting	FLAG_CARRY	0	0	CAT_FNCT	PTP_DISABLED	SLS_UNCHANGED			
1852	ITM_OVERFLOW	OVERFL	OVERFL	SetSetting	FLAG_OVERFLOW	0	0	CAT_FNCT	PTP_DISABLED	SLS_UNCHANGED			
1853	ITM_ERPN	eRPN	eRPN	SetSetting	FLAG_ERPN	0	0	CAT_FNCT	PTP_DISABLED	SLS_UNCHANGED			
1854	ITM_HOMEx3	HOME⧱	HOME⧱	SetSetting	FLAG_HOME_TRIPLE	0	0	CAT_FNCT	PTP_DISABLED	SLS_UNCHANGED			
1855	ITM_SHTIM	SH.4s	SH.4s	SetSetting	FLAG_SHFT_4s	0	0	CAT_FNCT	PTP_DISABLED	SLS_UNCHANGED			
1856	ITM_CB_CPXRES	CPXRES	CPXRES	SetSetting	FLAG_CPXRES	0	0	CAT_FNCT	PTP_DISABLED	SLS_UNCHANGED			
1857	ITM_CB_LEADING_ZERO	LEAD.0	LEAD.0	SetSetting	FLAG_LEAD0	0	0	CAT_FNCT	PTP_DISABLED	SLS_UNCHANGED			
1858		CAPS	CAPS	SetSetting	JC_UC	0	0	CAT_NONE	PTP_DISABLED	SLS_UNCHANGED			
1859	ITM_BASE_HOME	HOMEb	HOMEb	SetSetting	FLAG_BASE_HOME	0	0	CAT_FNCT	PTP_DISABLED	SLS_UNCHANGED			
1861	ITM_MYMx3	MyM⧱	MyM⧱	SetSetting	FLAG_MYM_TRIPLE	0	0	CAT_FNCT	PTP_DISABLED	SLS_UNCHANGED			
1862	ITM_DTtoJ	ⅅℸ→J	ⅅℸ→J	fnDateTimeToJulian	NOPARAM	0	0	CAT_FNCT	PTP_NONE	SLS_ENABLED	𝔻𝕋→J	135 70	DT->J ⅅℸ→J
1863	ITM_JtoDT	J→ⅅℸ	J→ⅅℸ	fnJulianToDateTime	NOPARAM	0	0	CAT_FNCT	PTP_NONE	SLS_ENABLED	J→𝔻𝕋	135 71	J->DT J→ⅅℸ
1864	ITM_DSPCYCLE	FSE	FSE	fnDisplayFormatCycle	NOPARAM	0	0	CAT_FNCT	PTP_DISABLED	SLS_UNCHANGED			
1865	ITM_LARGELI	dLrgLI	dLrgLI	SetSetting	FLAG_LARGELI	0	0	CAT_FNCT	PTP_DISABLED	SLS_UNCHANGED			
1866	ITM_SIGFIG	SIG	SIG	fnDisplayFormatSigFig	TM_VALUE	0	DSP_MAX	CAT_FNCT	PTP_NUMBER_8	SLS_ENABLED	SIG	135 74	
1867	ITM_UNIT	UNIT	UNIT	fnDisplayFormatUnit	TM_VALUE	0	DSP_MAX	CAT_FNCT	PTP_NUMBER_8	SLS_ENABLED	UNIT	135 75	
1868	ITM_ROUND2	ROUND	ROUND	fnRound	NOPARAM	0	0	CAT_FNCT	PTP_NONE	SLS_ENABLED	ROUND	135 76	RND
1869	ITM_ROUNDI2	ROUNDI	ROUNDI	fnRoundi	NOPARAM	0	0	CAT_FNCT	PTP_NONE	SLS_ENABLED	ROUNDI	135 77	
1870	ITM_DMPMNU	DUMPMNU	DUMPMNU	fnDumpMenusWrapper	NOPARAM	0	0	CAT_NONE	PTP_DISABLED	SLS_ENABLED			
1871	ITM_RI	→I	→I	fnJM_2SI	NOPARAM	0	0	CAT_FNCT	PTP_NONE	SLS_ENABLED	→I	135 79	->I
1872	ITM_HASH_JM	→INT	#	fnChangeBaseMNU	TM_VALUE_CHB	2	16	CAT_FNCT	PTP_NUMBER_8	SLS_ENABLED	→INT	135 80	->INT
1873	ITM_DRG	DRG	DRG	fnDRG	NOPARAM	0	0	CAT_FNCT	PTP_DISABLED	SLS_ENABLED			
1874	ITM_CLA	CLA	CLA	fnCla	NOPARAM	0	0	CAT_NONE	PTP_DISABLED	SLS_DISABLED			
1875	ITM_CLN	CLN	CLN	fnCln	NOPARAM	0	0	CAT_NONE	PTP_DISABLED	SLS_ENABLED			
1876	ITM_DENANY	DENANY	DENANY	SetSetting	FLAG_DENANY	0	0	CAT_FNCT	PTP_DISABLED	SLS_UNCHANGED			
1877	ITM_DENFIX	DENFIX	DENFIX	SetSetting	FLAG_DENFIX	0	0	CAT_FNCT	PTP_DISABLED	SLS_UNCHANGED			
1878			CASE UP	itemToBeCoded	NOPARAM	0	0	CAT_NONE	PTP_NONE	SLS_UNCHANGED			
1879			CASE DN	itemToBeCoded	NOPARAM	0	0	CAT_NONE	PTP_NONE	SLS_UNCHANGED			
1880	ITM_LISTXY	LISTXY	LISTXY	fnListXY	NOPARAM	0	0	CAT_NONE	PTP_NONE	SLS_UNCHANGED	LISTXY	135 88	
1882	ITM_SYS_FREE_RAM	HEAP	HEAP	fnSysFreeMem	NOPARAM	0	0	CAT_NONE	PTP_DISABLED	SLS_ENABLED			
1884	ITM_TEST		Test	fnSetInlineTest	JC_ITM_TST	0	0	CAT_NONE	PTP_DISABLED	SLS_UNCHANGED			
1885	ITM_GET_TEST_BS	Get BS	Get BS	fnGetInlineTestBsToX	NOPARAM	0	0	CAT_NONE	PTP_DISABLED	SLS_ENABLED			
1886	ITM_SET_TEST_BS	Set BS	Set BS	fnSetInlineTestXToBs	NOPARAM	0	0	CAT_NONE	PTP_DISABLED	SLS_ENABLED			
1887	ITM_INP_DEF_DP	i ℝ	i ℝ	fnInDefault	ID_DP	0	0	CAT_FNCT	PTP_NONE	SLS_UNCHANGED	iℝ	135 95	iR iu2004ℝ
1888	ITM_PROPFR	PROPFR	PROPFR	SetSetting	FLAG_PROPFR	0	0	CAT_FNCT	PTP_DISABLED	SLS_UNCHANGED			
1889	ITM_INP_DEF_CPXDP	i ℂ	i ℂ	fnInDefault	ID_CPXDP	0	0	CAT_FNCT	PTP_NONE	SLS_UNCHANGED	iℂ	135 97	iC iu2004ℂ
1890	ITM_INP_DEF_43S	i LI/ℝ	i LI/ℝ	fnInDefault	ID_43S	0	0	CAT_FNCT	PTP_NONE	SLS_UNCHANGED	iLI/ℝ	135 98	iLI/R iu2004LI/ℝ
1891	ITM_INP_DEF_LI	i LI	i LI	fnInDefault	ID_LI	0	0	CAT_FNCT	PTP_NONE	SLS_UNCHANGED	iLI	135 99	i LI
1892	ITM_SI_P	·P	·P	fnMultiplySI	115	0	0	CAT_NONE	PTP_DISABLED	SLS_ENABLED			
1893		f/g	f/g	fnSHIFTfg	NOPARAM	0	0	CAT_FNCT	PTP_DISABLED	SLS_UNCHANGED			
1894	ITM_FROM_USER	U→N	U→N	fnKeysManagement	FROM_USER	0	0	CAT_NONE	PTP_NONE	SLS_UNCHANGED	U→N	135 102	U->N
1895	ITM_HPBASE	BASEⓗⓟ	BASEⓗⓟ	SetSetting	FLAG_HPBASE	0	0	CAT_FNCT	PTP_DISABLED	SLS_UNCHANGED			
1896	ITM_FRCYC	FRCYC	FRCYC	SetSetting	FLAG_FRCYC	0	0	CAT_FNCT	PTP_DISABLED	SLS_UNCHANGED			
1897	ITM_FGGR	fg.GR	fg.GR	SetSetting	FLAG_FGGR	0	0	CAT_FNCT	PTP_DISABLED	SLS_UNCHANGED			
1898	ITM_N_KEY_ALPHA		⇢ α	fnSigmaAssign	16384+ITM_AIM	0	0	CAT_NONE	PTP_NONE	SLS_UNCHANGED			
1899	ITM_DREAL	dℤ.0	dℤ.0	SetSetting	ITM_DREAL	0	0	CAT_FNCT	PTP_DISABLED	SLS_UNCHANGED			
1900	ITM_N_KEY_GSH		⇢ g	fnSigmaAssign	16384+ITM_SHIFTg	0	0	CAT_NONE	PTP_NONE	SLS_UNCHANGED			
1902	ITM_GLUStoFZUS	gal␮→	gal␮→	fnUnitConvert	constFactorGlusFzus | multiply	0	0	CAT_NONE	PTP_NONE	SLS_ENABLED	gal_(US)→floz_(US)	135 110	gal(US)->floz(US) galUS->fzUS
1903	ITM_FZUStoGLUS	floz␮→	floz␮→	fnUnitConvert	constFactorFzusGlus | divide	0	0	CAT_NONE	PTP_NONE	SLS_ENABLED	floz_(US)→gal_(US)	135 111	floz(US)->gal(US) fzUS->galUS
1904	ITM_N_KEY_USER		⇢ USER	fnSigmaAssign	16384+ITM_USERMODE	0	0	CAT_NONE	PTP_NONE	SLS_UNCHANGED			
1905	ITM_LASTERR	LSTERR#	LSTERR#	fnGetLastErr	NOPARAM	0	0	CAT_FNCT	PTP_NONE	SLS_ENABLED	LSTERR#	135 113	
1906	ITM_N_KEY_SIGMA		⇢ Σ+	fnSigmaAssign	16384+ITM_SIGMAPLUS	0	0	CAT_NONE	PTP_NONE	SLS_UNCHANGED			
1908	ITM_N_KEY_FSH		⇢ f	fnSigmaAssign	16384+ITM_SHIFTf	0	0	CAT_NONE	PTP_NONE	SLS_UNCHANGED			
1909	ITM_ms	.ms	.ms	fnTo_ms	NOPARAM	0	0	CAT_FNCT	PTP_NONE	SLS_ENABLED	.ms	135 117	
1910	ITM_msTo	.msⅫⅡ	.msⅫⅡ	fnFrom_ms	NOPARAM	0	0	CAT_FNCT	PTP_NONE	SLS_ENABLED	.ms⁻¹	135 118	from.ms
1911	ITM_ymdTo	ⅅ→x	ⅅ→x	fnFrom_ymd	NOPARAM	0	0	CAT_FNCT	PTP_NONE	SLS_ENABLED	𝔻→x	135 119	D->x ⅅ→x
1914	ITM_TO_USER	N→U	N→U	fnKeysManagement	TO_USER	0	0	CAT_NONE	PTP_NONE	SLS_UNCHANGED	N→U	135 122	N->U
1915	ITM_N_KEY_NIL		⇢ nil	fnSigmaAssign	16384+ITM_NULL	0	0	CAT_NONE	PTP_NONE	SLS_UNCHANGED			
1916	ITM_USER_DM42	DM42	DM42	fnKeysManagement	USER_DM42	0	0	CAT_NONE	PTP_DISABLED	SLS_UNCHANGED			
1917	ITM_HPRP	RPⓗⓟ	RPⓗⓟ	SetSetting	FLAG_HPRP	0	0	CAT_FNCT	PTP_DISABLED	SLS_UNCHANGED			
1918	ITM_N_KEY_FGSH		⇢ f/g	fnSigmaAssign	16384+KEY_fg	0	0	CAT_NONE	PTP_NONE	SLS_UNCHANGED			
1919	ITM_YY_OFF	YYoff	YYoff	fnYYDflt	YY_OFF	0	0	CAT_FNCT	PTP_NONE	SLS_UNCHANGED	YYoff	135 127	
1924	ITM_MNUp1	MNUp1	MNUp1	SetSetting	FLAG_MNUp1	0	0	CAT_FNCT	PTP_DISABLED	SLS_UNCHANGED			
1926	ITM_T_UP_ARROW		↑	fnT_ARROW	ITM_T_UP_ARROW	0	0	CAT_NONE	PTP_DISABLED	SLS_UNCHANGED			
1928	ITM_T_DOWN_ARROW		↓	fnT_ARROW	ITM_T_DOWN_ARROW	0	0	CAT_NONE	PTP_DISABLED	SLS_UNCHANGED			
1929	ITM_T_HOME		HOME	fnT_ARROW	ITM_T_HOME	0	0	CAT_NONE	PTP_DISABLED	SLS_UNCHANGED			
1930	ITM_T_END		END	fnT_ARROW	ITM_T_END	0	0	CAT_NONE	PTP_DISABLED	SLS_UNCHANGED			
1931	ITM_STKTO3x1	zyx→M	zyx→M	fnConvertStkToMx	M_CR_zyx	0	0	CAT_FNCT	PTP_NONE	SLS_UNCHANGED	𝑧𝑦𝑥→𝑀	135 139	zyx->M zyx→M
1932	ITM_XPARSE	αPARSE	αPARSE	itemToBeCoded	NOPARAM	0	0	CAT_FNCT	PTP_DISABLED	SLS_ENABLED			
1933	ITM_WRXPALL	WRXPall	WRXPall	fnSaveAllPrograms	NOPARAM	0	0	CAT_FNCT	PTP_DISABLED	SLS_ENABLED			
1934	ITM_RNG_OLD	>RNG<	>RNG<	fnRange	TM_VALUE	0	6145	CAT_NONE	PTP_NUMBER_16	SLS_ENABLED			
1935	ITM_FLGSV	FLGS	FLGS	flagBrowser	GLOBAL_FLAGS_SCREEN	0	0	CAT_FNCT	PTP_NONE	SLS_ENABLED	FLGS	135 143	
1936	ITM_CPXI	CPXⅈ	CPXⅈ	SetSetting	CU_I	0	0	CAT_FNCT	PTP_NONE	SLS_UNCHANGED	CPX𝒾	135 144	CPXi CPXⅈ
1937	ITM_CPXJ	CPXⅉ	CPXⅉ	SetSetting	CU_J	0	0	CAT_FNCT	PTP_NONE	SLS_UNCHANGED	CPX𝒿	135 145	CPXj CPXⅉ
1938	ITM_SSIZE4	SSIZE4	SSIZE4	SetSetting	SS_4	0	0	CAT_FNCT	PTP_NONE	SLS_UNCHANGED	SSIZE4	135 146	
1939	ITM_SSIZE8	SSIZE8	SSIZE8	SetSetting	SS_8	0	0	CAT_FNCT	PTP_NONE	SLS_UNCHANGED	SSIZE8	135 147	
1940	ITM_CB_SPCRES	SPCRES	SPCRES	SetSetting	FLAG_SPCRES	0	0	CAT_FNCT	PTP_DISABLED	SLS_UNCHANGED			
1941	ITM_CFG	CFLG	CFLG	fnCFGsettings	NOPARAM	0	0	CAT_NONE	PTP_DISABLED	SLS_UNCHANGED			
1942	ITM_CLK12	CLK12	CLK12	SetSetting	TF_H12	0	0	CAT_FNCT	PTP_NONE	SLS_UNCHANGED	CLK12	135 150	
1943	ITM_CLK24	CLK24	CLK24	SetSetting	TF_H24	0	0	CAT_FNCT	PTP_NONE	SLS_UNCHANGED	CLK24	135 151	
1944	ITM_MULTCR	MULT×	MULT×	SetSetting	PS_CROSS	0	0	CAT_FNCT	PTP_NONE	SLS_UNCHANGED	MULT×	135 152	
1945	ITM_MULTDOT	MULT·	MULT·	SetSetting	PS_DOT	0	0	CAT_FNCT	PTP_NONE	SLS_UNCHANGED	MULT·	135 153	MULT⋅
1946	ITM_POLAR	POLAR	POLAR	SetSetting	CM_POLAR	0	0	CAT_FNCT	PTP_NONE	SLS_ENABLED	POLAR	135 154	rTa 𝑟𝜃𝑎
1947	ITM_RESERVE2	RESERVE2	RESERVE2	itemToBeCoded	NOPARAM	0	0	CAT_NONE	PTP_DISABLED	SLS_UNCHANGED			
1948	ITM_PRTACT	PRNTR	PRNTR	SetSetting	FLAG_PRTACT	0	0	CAT_FNCT	PTP_DISABLED	SLS_UNCHANGED			
1949	ITM_RECT	RECT	RECT	SetSetting	CM_RECTANGULAR	0	0	CAT_FNCT	PTP_NONE	SLS_ENABLED	RECT	135 157	xiy 𝑥𝑖𝑦
1950	ITM_SCIOVR	SCIOVR	SCIOVR	SetSetting	DO_SCI	0	0	CAT_FNCT	PTP_NONE	SLS_UNCHANGED	SCIOVR	135 158	
1951	ITM_ENGOVR	ENGOVR	ENGOVR	SetSetting	DO_ENG	0	0	CAT_FNCT	PTP_NONE	SLS_UNCHANGED	ENGOVR	135 159	
1952	ITM_T_LEFT_ARROW		←	fnT_ARROW	ITM_T_LEFT_ARROW	0	0	CAT_NONE	PTP_DISABLED	SLS_UNCHANGED			
1953	ITM_T_RIGHT_ARROW		→	fnT_ARROW	ITM_T_RIGHT_ARROW	0	0	CAT_NONE	PTP_DISABLED	SLS_UNCHANGED			
1954	ITM_T_LLEFT_ARROW		⇠	fnT_ARROW	ITM_T_LLEFT_ARROW	0	0	CAT_NONE	PTP_DISABLED	SLS_UNCHANGED			
1955	ITM_T_RRIGHT_ARROW		⇢	fnT_ARROW	ITM_T_RRIGHT_ARROW	0	0	CAT_NONE	PTP_DISABLED	SLS_UNCHANGED			
1956	ITM_RLC1	RLC	RLC	fnRlc	1	0	0	CAT_FNCT	PTP_NONE	SLS_ENABLED	RLC	135 164	RLC1
1957	ITM_RRC1	RRC	RRC	fnRrc	1	0	0	CAT_FNCT	PTP_NONE	SLS_ENABLED	RRC	135 165	RRC1
1958	ITM_KEYMAP	KEYMAP	KEYMAP	fnAsnViewer	NOPARAM	0	0	CAT_FNCT	PTP_NONE	SLS_UNCHANGED	KEYMAP	135 166	
1959	ITM_USER_C47	C47	C47	fnKeysManagement	USER_C47	0	0	CAT_NONE	PTP_DISABLED	SLS_UNCHANGED			
1960	ITM_USER_V47	V47	V47	fnKeysManagement	USER_V47	0	0	CAT_NONE	PTP_DISABLED	SLS_UNCHANGED			
1961	ITM_USER_D47	D47	D47	fnKeysManagement	USER_D47	0	0	CAT_NONE	PTP_DISABLED	SLS_UNCHANGED			
1962	ITM_USER_N47	N47	N47	fnKeysManagement	USER_N47	0	0	CAT_NONE	PTP_DISABLED	SLS_UNCHANGED			
1963	ITM_USER_E47	E47	E47	fnKeysManagement	USER_E47	0	0	CAT_NONE	PTP_DISABLED	SLS_UNCHANGED			
1964	ITM_USER_R47	R47	R47	fnKeysManagement	USER_R47f_g	0	0	CAT_NONE	PTP_DISABLED	SLS_UNCHANGED			
1965	ITM_SLVP	SLVP	SLVP	fnSlvp	NOPARAM	0	0	CAT_FNCT	PTP_NONE	SLS_ENABLED	SLVP	135 173	
1966	ITM_STKtoV4	tzyx → ΁₄	tzyx → ΁₄	fnConvertStkToMx	VECT_CR_tzyx	0	0	CAT_FNCT	PTP_NONE	SLS_ENABLED	𝑡𝑧𝑦𝑥→𝑣̄₄	135 174	tzyx->v-bar_4 tzyx → ΁4 tzyx→΁4
1967	ITM_V4toSTK	΁₄ → tzyx	΁₄ → tzyx	fnConvertMxToStk	VECT_CR_tzyx	0	0	CAT_FNCT	PTP_NONE	SLS_ENABLED	𝑣̄₄→𝑡𝑧𝑦𝑥	135 175	v-bar_4->tzyx ΁4 → tzyx ΁4→tzyx
1968	ITM_stkexV4	tzyx↔ ΁₄	tzyx↔ ΁₄	fnExchangeStkToMx	ITM_stkexV4	0	0	CAT_FNCT	PTP_DISABLED	SLS_ENABLED			
1969	ITM_VtoEQ	V→EQ	V→EQ	fnVecToEqn	NOPARAM	0	0	CAT_FNCT	PTP_NONE	SLS_ENABLED	V→EQ	135 177	V->EQ VtoEQ
1970	ITM_RXtoVEC	Rⓧ⒩⒩→V	Rⓧ⒩⒩→V	fnStoreVectorX	TM_REGISTER	0	99	CAT_FNCT	PTP_REGISTER	SLS_ENABLED	Rₓₙₙ→V	135 178	Rxnn->V Rxnn→V Rₓnn→V
1971	ITM_XtoPOLY	x→POLY	x→POLY	ALG_fnAlgdep	TM_VALUE	1	10		PTP_NUMBER_8	SLS_ENABLED	x→POLY	135 179	x->POLY xtoPOLY
1972	ITM_VtoSUM0	V→Σ=0	V→Σ=0	ALG_fnLindep	NOPARAM	0	0		PTP_NONE	SLS_ENABLED	V→Σ=0	135 180	V->u03A3=0 VtoSIGMA=0
1974	ITM_N_KEY_XFACT		⇢ x!	fnSigmaAssign	16384+ITM_XFACT	0	0	CAT_NONE	PTP_NONE	SLS_UNCHANGED			
1975	ITM_N_KEY_DRG		⇢ DRG	fnSigmaAssign	16384+ITM_DRG	0	0	CAT_NONE	PTP_NONE	SLS_UNCHANGED			
1976	ITM_N_KEY_Rup		⇢ R↑	fnSigmaAssign	16384+ITM_Rup	0	0	CAT_NONE	PTP_NONE	SLS_UNCHANGED			
1977	ITM_N_KEY_op_j_pol		⇢ ⅈ⊚	fnSigmaAssign	16384+ITM_op_j_pol	0	0	CAT_NONE	PTP_NONE	SLS_UNCHANGED			
1978	ITM_N_KEY_SNAP		⇢ SNAP	fnSigmaAssign	16384+ITM_SNAP	0	0	CAT_NONE	PTP_NONE	SLS_UNCHANGED			
1979	ITM_N_KEY_STOPW		⇢ STPW	fnSigmaAssign	16384+ITM_TIMER	0	0	CAT_NONE	PTP_NONE	SLS_UNCHANGED			
1980	ITM_PCURVE	CURVE	CURVE	conditionalPCURVE	NOPARAM	0	0	CAT_NONE	PTP_DISABLED	SLS_UNCHANGED			
1981	ITM_toPOL_HP	→POL⒣⒫	→POL⒣⒫	fnToPolar_HP	NOPARAM	0	0	CAT_FNCT	PTP_NONE	SLS_ENABLED	→POL_(HP)	135 189	->POLAR →POLhp →θ,r
1982	ITM_toREC_HP	→RECT⒣⒫	→RECT⒣⒫	fnToRect_HP	NOPARAM	0	0	CAT_FNCT	PTP_NONE	SLS_ENABLED	→RECT_(HP)	135 190	->RECT →RECThp →y,x
1983	ITM_toPOL_CX	→POL⒞⒳	→POL⒞⒳	fnToPolar_CX	NOPARAM	0	0	CAT_FNCT	PTP_NONE	SLS_ENABLED	→POL_(cx)	135 191	->POL_(cx) →POLcx
1984	ITM_toREC_CX	→RECT⒞⒳	→RECT⒞⒳	fnToRect_CX	NOPARAM	0	0	CAT_FNCT	PTP_NONE	SLS_ENABLED	→RECT_(𝑐𝑥)	135 192	->RECT_(cx) →RECT_(cx) →RECTcx
1985	ITM_BCD	BCD	BCD	SetSetting	FLAG_BCD	0	0	CAT_FNCT	PTP_DISABLED	SLS_UNCHANGED			
1986	ITM_BCD9	9CMPL	9CMPL	fnSetBCD	BCD9c	0	0	CAT_FNCT	PTP_NONE	SLS_UNCHANGED	9CMPL	135 194	
1987	ITM_BCD10	10CMPL	10CMPL	fnSetBCD	BCD10c	0	0	CAT_FNCT	PTP_NONE	SLS_UNCHANGED	10CMPL	135 195	
1988	ITM_BCDU	BCDUNS	BCDUNS	fnSetBCD	BCDu	0	0	CAT_FNCT	PTP_NONE	SLS_UNCHANGED	BCDUNS	135 196	
1989	ITM_S06	6:2	6:2	fnByteShortcutsS	6	0	0	CAT_NONE	PTP_NONE	SLS_ENABLED	6:2	135 197	S06
1990	ITM_S08	8:2	8:2	fnByteShortcutsS	8	0	0	CAT_NONE	PTP_NONE	SLS_ENABLED	8:2	135 198	S08
1991	ITM_S16	16:2	16:2	fnByteShortcutsS	16	0	0	CAT_NONE	PTP_NONE	SLS_ENABLED	16:2	135 199	S16
1992	ITM_S32	32:2	32:2	fnByteShortcutsS	32	0	0	CAT_NONE	PTP_NONE	SLS_ENABLED	32:2	135 200	S32
1993	ITM_S64	64:2	64:2	fnByteShortcutsS	64	0	0	CAT_NONE	PTP_NONE	SLS_ENABLED	64:2	135 201	S64
1994	ITM_U06	6:u	6:u	fnByteShortcutsU	6	0	0	CAT_NONE	PTP_NONE	SLS_ENABLED	6:u	135 202	U06
1995	ITM_U08	8:u	8:u	fnByteShortcutsU	8	0	0	CAT_NONE	PTP_NONE	SLS_ENABLED	8:u	135 203	U08
1996	ITM_U16	16:u	16:u	fnByteShortcutsU	16	0	0	CAT_NONE	PTP_NONE	SLS_ENABLED	16:u	135 204	U16
1997	ITM_U32	32:u	32:u	fnByteShortcutsU	32	0	0	CAT_NONE	PTP_NONE	SLS_ENABLED	32:u	135 205	U32
1998	ITM_U64	64:u	64:u	fnByteShortcutsU	64	0	0	CAT_NONE	PTP_NONE	SLS_ENABLED	64:u	135 206	U64
1999	ITM_SL1	SL	SL	fnSl	1	0	0	CAT_FNCT	PTP_NONE	SLS_ENABLED	SL	135 207	SL1
2000	ITM_SR1	SR	SR	fnSr	1	0	0	CAT_FNCT	PTP_NONE	SLS_ENABLED	SR	135 208	SR1
2001	ITM_RL1	RL	RL	fnRl	1	0	0	CAT_FNCT	PTP_NONE	SLS_ENABLED	RL	135 209	RL1
2002	ITM_RR1	RR	RR	fnRr	1	0	0	CAT_FNCT	PTP_NONE	SLS_ENABLED	RR	135 210	RR1
2003	ITM_FWORD	W.SWP	W.SWP	fnSwapEndian	16	0	0	CAT_FNCT	PTP_NONE	SLS_UNCHANGED	W.SWP	135 211	
2004	ITM_FBYTE	B.SWP	B.SWP	fnSwapEndian	8	0	0	CAT_FNCT	PTP_NONE	SLS_UNCHANGED	B.SWP	135 212	
2005	ITM_CLRMOD	CLRMOD	CLRMOD	fnClrMod	NOPARAM	0	0	CAT_FNCT	PTP_NONE	SLS_UNCHANGED	CLRMOD	135 213	
2006	ITM_SHOIREP	dSI	dSI	fnShoiXRepeats	TM_VALUE	0	3	CAT_FNCT	PTP_NUMBER_8	SLS_UNCHANGED	dSI	135 214	
2007	ITM_SCALE	X:Y=1	X:Y=1	fnScale	NOPARAM	0	0	CAT_NONE	PTP_DISABLED	SLS_UNCHANGED			
2008	ITM_TOPHEX	KEYⓐ₋ⓕ	KEYⓐ₋ⓕ	SetSetting	FLAG_TOPHEX	0	0	CAT_FNCT	PTP_DISABLED	SLS_UNCHANGED			
2009	ITM_PLINE	LINE	LINE	fnPline	NOPARAM	0	0	CAT_NONE	PTP_DISABLED	SLS_UNCHANGED			
2010	ITM_PCROS	CROSS	CROSS	fnPcros	NOPARAM	0	0	CAT_NONE	PTP_DISABLED	SLS_UNCHANGED			
2011	ITM_PBOX	BOX	BOX	fnPbox	NOPARAM	0	0	CAT_NONE	PTP_DISABLED	SLS_UNCHANGED			
2012	ITM_VECT	VECT	VECT	fnPvect	NOPARAM	0	0	CAT_NONE	PTP_DISABLED	SLS_UNCHANGED			
2013	ITM_NVECT	N.VECT	N.VECT	fnPNvect	NOPARAM	0	0	CAT_NONE	PTP_DISABLED	SLS_UNCHANGED			
2014	ITM_SHOWX	Y.AXIS	Y.AXIS	fnPx	NOPARAM	0	0	CAT_NONE	PTP_DISABLED	SLS_UNCHANGED			
2015	ITM_SHOWY	X.AXIS	X.AXIS	fnPy	NOPARAM	0	0	CAT_NONE	PTP_DISABLED	SLS_UNCHANGED			
2016	ITM_DENMAX2_OLDER	>DMX<	>DMX<	fnOldItemError	NOPARAM	0	0	CAT_NONE	PTP_NONE	SLS_ENABLED			
2017	ITM_SETSIG2_OLD	>SDIGS<	>SDIGS<	fnOldItemError	NOPARAM	0	0	CAT_NONE	PTP_NONE	SLS_ENABLED			
2018	ITM_AVIEW	AVIEW	AVIEW	fnAview	TM_REGISTER	0	99	CAT_FNCT	PTP_REGISTER	SLS_UNCHANGED	AVIEW	135 226	
2019	ITM_GET_RM	RM#	RM#	fnGetRoundingMode	NOPARAM	0	0	CAT_FNCT	PTP_NONE	SLS_ENABLED	RM#	135 227	RMODE#
2020	ITM_PROMPT	PROMPT	PROMPT	fnPrompt	TM_REGISTER	0	99	CAT_FNCT	PTP_REGISTER	SLS_UNCHANGED	PROMPT	135 228	
2021	ITM_USER_ARESET	Myα.R	Myα.R	fnKeysManagement	USER_ARESET	0	0	CAT_NONE	PTP_DISABLED	SLS_UNCHANGED			
2022	ITM_USER_MRESET	MyM.R	MyM.R	fnKeysManagement	USER_MRESET	0	0	CAT_NONE	PTP_DISABLED	SLS_UNCHANGED			
2023	ITM_USER_KRESET	KEYS.R	KEYS.R	fnKeysManagement	USER_KRESET	0	0	CAT_NONE	PTP_DISABLED	SLS_UNCHANGED			
2024	ITM_INTG	ΣȳΔx	ΣȳΔx	fnPintg	NOPARAM	0	0	CAT_NONE	PTP_DISABLED	SLS_UNCHANGED			
2025	ITM_DIFF	Δy/Δx	Δy/Δx	fnPdiff	NOPARAM	0	0	CAT_NONE	PTP_DISABLED	SLS_UNCHANGED			
2026	ITM_RMS	RMS	RMS	fnPrms	NOPARAM	0	0	CAT_NONE	PTP_DISABLED	SLS_UNCHANGED			
2027	ITM_SHADE	∫AREA	∫AREA	fnPshade	NOPARAM	0	0	CAT_NONE	PTP_DISABLED	SLS_UNCHANGED			
2029		NUM	NUM	SetSetting	JC_NL	0	0	CAT_NONE	PTP_DISABLED	SLS_UNCHANGED			
2030			NLock	itemToBeCoded	NOPARAM	0	0	CAT_NONE	PTP_NONE	SLS_UNCHANGED			
2031			Nulock	itemToBeCoded	NOPARAM	0	0	CAT_NONE	PTP_NONE	SLS_UNCHANGED			
2032	ITM_EEXCHR		⁳	addItemToBuffer	ITM_EEXCHR	0	0	CAT_NONE	PTP_DISABLED	SLS_UNCHANGED			
2033	ITM_CLGRF	CLGRF	CLGRF	fnClGrf	NOPARAM	0	0	CAT_FNCT	PTP_DISABLED	SLS_UNCHANGED			
2034	ITM_MZOOMY	-ZOOM	-ZOOM	fnPMzoom	1	0	0	CAT_NONE	PTP_DISABLED	SLS_UNCHANGED			
2035	ITM_PZOOMY	+ZOOM	+ZOOM	fnPMzoom	2	0	0	CAT_NONE	PTP_DISABLED	SLS_UNCHANGED			
2038	ITM_SAFERESET	SRESET	SRESET	fnSafeReset	NOPARAM	0	0	CAT_FNCT	PTP_DISABLED	SLS_ENABLED			
2039	ITM_SH_LONGPRESS	KEY.LP	KEY.LP	fnFlipFlag	FLAG_SH_LONGPRESS	0	0	CAT_FNCT	PTP_DISABLED	SLS_UNCHANGED			
2040	ITM_PLOT_STAT	PLSTAT	PLSTAT	graph_stat	NOPARAM	0	0	CAT_FNCT	PTP_NONE	SLS_ENABLED	PLSTAT	135 248	
2041	ITM_3x1TOSTK	M→zyx	M→zyx	fnConvertMxToStk	M_CR_zyx	0	0	CAT_FNCT	PTP_NONE	SLS_UNCHANGED	𝑀→𝑧𝑦𝑥	135 249	M->zyx M→zyx
2042	ITM_PLOTRST	PLTRST	PLTRST	fnPlotReset	NOPARAM	0	0	CAT_FNCT	PTP_NONE	SLS_ENABLED	PLTRST	135 250	
2043	ITM_SYSTEM2	DMCP	DMCP	runDMCPmenu	CONFIRMED	0	0	CAT_FNCT	PTP_DISABLED	SLS_UNCHANGED			
2044	ITM_ACTUSB	ActUSB	ActUSB	activateUSBdisk	CONFIRMED	0	0	CAT_FNCT	PTP_DISABLED	SLS_UNCHANGED			
2050	ITM_SIGZEROS	TRL0	TRL0	SetSetting	FLAG_SIGZEROS	0	0	CAT_FNCT	PTP_DISABLED	SLS_UNCHANGED			
2051	ITM_BOLD	BOLD	BOLD	SetSetting	FLAG_BOLD	0	0	CAT_FNCT	PTP_DISABLED	SLS_UNCHANGED			
2052	ITM_AMORT_HP12C	HP12C	HP12C	SetSetting	FLAG_AMORT_HP12C	0	0	CAT_FNCT	PTP_DISABLED	SLS_UNCHANGED			
2053	ITM_2TO10	1024⒏	1024⒏	SetSetting	FLAG_2TO10	0	0	CAT_FNCT	PTP_DISABLED	SLS_UNCHANGED			
2054	ITM_USER_HRESET	HOME.R	HOME.R	fnKeysManagement	USER_HRESET	0	0	CAT_NONE	PTP_DISABLED	SLS_UNCHANGED			
2055	ITM_USER_PRESET	PFN.R	PFN.R	fnKeysManagement	USER_PRESET	0	0	CAT_NONE	PTP_DISABLED	SLS_UNCHANGED			
2056	ITM_IRFRAC	IRFRAC	IRFRAC	SetSetting	FLAG_IRFRAC	0	0	CAT_FNCT	PTP_DISABLED	SLS_UNCHANGED			
2057	ITM_FGLNOFF	>fgOFF<	>fgOFF<	fnOldItemError	NOPARAM	0	0	CAT_NONE	PTP_NONE	SLS_ENABLED			
2058	ITM_FGLNLIM	fg.LIM	fg.LIM	SetSetting	FLAG_FGLNLIM	0	0	CAT_FNCT	PTP_DISABLED	SLS_UNCHANGED			
2059	ITM_FGLNFUL	fg.FUL	fg.FUL	SetSetting	FLAG_FGLNFUL	0	0	CAT_FNCT	PTP_DISABLED	SLS_UNCHANGED			
2060	ITM_M124	M.124	M.124	fnLongPressSwitches	RBX_M124	0	0	CAT_NONE	PTP_NONE	SLS_ENABLED	M.124	136 12	
2061	ITM_F1234	F.1234	F.1234	fnLongPressSwitches	RBX_F1234	0	0	CAT_NONE	PTP_NONE	SLS_ENABLED	F.1234	136 13	
2062	ITM_M1234	M.1234	M.1234	fnLongPressSwitches	RBX_M1234	0	0	CAT_NONE	PTP_NONE	SLS_ENABLED	M.1234	136 14	
2063	ITM_F14	F.14	F.14	fnLongPressSwitches	RBX_F14	0	0	CAT_NONE	PTP_NONE	SLS_ENABLED	F.14	136 15	
2064	ITM_M14	M.14	M.14	fnLongPressSwitches	RBX_M14	0	0	CAT_NONE	PTP_NONE	SLS_ENABLED	M.14	136 16	
2065	ITM_F124	F.124	F.124	fnLongPressSwitches	RBX_F124	0	0	CAT_NONE	PTP_NONE	SLS_ENABLED	F.124	136 17	
2069	ITM_LG_SIGN	LOG	LOG	addItemToBuffer	ITM_LG_SIGN	0	0	CAT_NONE	PTP_DISABLED	SLS_UNCHANGED			
2070	ITM_LN_SIGN	LN	LN	addItemToBuffer	ITM_LN_SIGN	0	0	CAT_NONE	PTP_DISABLED	SLS_UNCHANGED			
2071	ITM_SIN_SIGN	SIN	SIN	addItemToBuffer	ITM_SIN_SIGN	0	0	CAT_NONE	PTP_DISABLED	SLS_UNCHANGED			
2072	ITM_COS_SIGN	COS	COS	addItemToBuffer	ITM_COS_SIGN	0	0	CAT_NONE	PTP_DISABLED	SLS_UNCHANGED			
2073	ITM_TAN_SIGN	TAN	TAN	addItemToBuffer	ITM_TAN_SIGN	0	0	CAT_NONE	PTP_DISABLED	SLS_UNCHANGED			
2074	ITM_MEDIAN	xⓜⓔⓓⓝ	xⓜⓔⓓⓝ	fnMedianXY	NOPARAM	0	0	CAT_FNCT	PTP_NONE	SLS_ENABLED	𝑥_(MEDN)	136 26	xMEDN x_(MEDN)
2075	ITM_LOWER_QUARTILE	xⓠ₁	xⓠ₁	fnLowerQuartileXY	NOPARAM	0	0	CAT_FNCT	PTP_NONE	SLS_ENABLED	𝑥_(Q1)	136 27	xQ1 x_(Q1)
2076	ITM_UPPER_QUARTILE	xⓠ₃	xⓠ₃	fnUpperQuartileXY	NOPARAM	0	0	CAT_FNCT	PTP_NONE	SLS_ENABLED	𝑥_(Q3)	136 28	xQ3 x_(Q3)
2077	ITM_MAD	xⓜⓐⓓ	xⓜⓐⓓ	fnMADXY	NOPARAM	0	0	CAT_FNCT	PTP_NONE	SLS_ENABLED	𝑥_(MAD)	136 29	xMAD x_(MAD)
2078	ITM_IQR	xⓘⓠⓡ	xⓘⓠⓡ	fnIQRXY	NOPARAM	0	0	CAT_FNCT	PTP_NONE	SLS_ENABLED	𝑥_(IQR)	136 30	xIQR x_(IQR)
2079	ITM_SIGMARANGE	xⓡⓐⓝⓖⓔ	xⓡⓐⓝⓖⓔ	fnRangeXY	NOPARAM	0	0	CAT_FNCT	PTP_NONE	SLS_ENABLED	𝑥_(RANGE)	136 31	xRANGE x_(RANGE)
2082	ITM_PERCENTILE	x%ⓘⓛⓔ	x%ⓘⓛⓔ	fnPercentileXY	NOPARAM	0	0	CAT_FNCT	PTP_NONE	SLS_ENABLED	𝑥%_(ILE)	136 34	x%ILE x%ile
2083	ITM_LINPOL	LINPOL	LINPOL	fnLINPOL	NOPARAM	0	0	CAT_FNCT	PTP_NONE	SLS_ENABLED	LINPOL	136 35	
2084	ITM_KNOTtoKMH	knot→	knot→	fnUnitConvert	constFactorNmiKm | multiply	0	0	CAT_NONE	PTP_NONE	SLS_ENABLED	knot→km/h	136 36	knot->km/h
2085	ITM_KMHtoKNOT	km/h→	km/h→	fnUnitConvert	constFactorNmiKm | divide	0	0	CAT_NONE	PTP_NONE	SLS_ENABLED	km/h→knot	136 37	km/h->knot
2086	ITM_KMHtoMPS	km/h→	km/h→	fnUnitConvert	constFactorKmphmps | multiply	0	0	CAT_NONE	PTP_NONE	SLS_ENABLED	km/h→m/s	136 38	km/h->m/s
2087	ITM_MPStoKMH	m/s→	m/s→	fnUnitConvert	constFactorKmphmps | divide	0	0	CAT_NONE	PTP_NONE	SLS_ENABLED	m/s→km/h	136 39	m/s->km/h
2088	ITM_RPMtoDEGPS	RPM→	RPM→	fnUnitConvert	constFactorRpmDegps | multiply	0	0	CAT_NONE	PTP_NONE	SLS_ENABLED	RPM→deg/s	136 40	RPM->deg/s
2089	ITM_DEGPStoRPM	deg/s→	deg/s→	fnUnitConvert	constFactorRpmDegps | divide	0	0	CAT_NONE	PTP_NONE	SLS_ENABLED	deg/s→RPM	136 41	deg/s->RPM
2090	ITM_MPHtoKMH	mph→	mph→	fnUnitConvert	constFactorMiKm | multiply	0	0	CAT_NONE	PTP_NONE	SLS_ENABLED	mph→km/h	136 42	mph->km/h
2091	ITM_KMHtoMPH	km/h→	km/h→	fnUnitConvert	constFactorMiKm | divide	0	0	CAT_NONE	PTP_NONE	SLS_ENABLED	km/h→mph	136 43	km/h->mph
2092	ITM_MPHtoMPS	mph→	mph→	fnUnitConvert	constFactorMphmps | multiply	0	0	CAT_NONE	PTP_NONE	SLS_ENABLED	mph→m/s	136 44	mph->m/s
2093	ITM_MPStoMPH	m/s→	m/s→	fnUnitConvert	constFactorMphmps | divide	0	0	CAT_NONE	PTP_NONE	SLS_ENABLED	m/s→mph	136 45	m/s->mph
2094	ITM_RPMtoRADPS	RPM→	RPM→	fnUnitConvert	constFactorRpmRadps | multiply	0	0	CAT_NONE	PTP_NONE	SLS_ENABLED	RPM→rad/s	136 46	RPM->rad/s
2095	ITM_RADPStoRPM	rad/s→	rad/s→	fnUnitConvert	constFactorRpmRadps | divide	0	0	CAT_NONE	PTP_NONE	SLS_ENABLED	rad/s→RPM	136 47	rad/s->RPM
2096	ITM_DEGtoRAD	deg→	deg→	fnCvtDegRad	divide	0	0	CAT_NONE	PTP_NONE	SLS_ENABLED	deg→rad	136 48	\rarr;RAD deg->rad →RAD
2097	ITM_RADtoDEG	rad→	rad→	fnCvtDegRad	multiply	0	0	CAT_NONE	PTP_NONE	SLS_ENABLED	rad→deg	136 49	rad->deg
2098	ITM_DEGtoGRAD	deg→	deg→	fnCvtDegGrad	divide	0	0	CAT_NONE	PTP_NONE	SLS_ENABLED	deg→grad	136 50	deg->grad
2099	ITM_GRADtoDEG	grad→	grad→	fnCvtDegGrad	multiply	0	0	CAT_NONE	PTP_NONE	SLS_ENABLED	grad→deg	136 51	grad->deg
2100	ITM_GRADtoRAD	grad→	grad→	fnCvtGradRad	divide	0	0	CAT_NONE	PTP_NONE	SLS_ENABLED	grad→rad	136 52	grad->rad
2101	ITM_RADtoGRAD	rad→	rad→	fnCvtGradRad	multiply	0	0	CAT_NONE	PTP_NONE	SLS_ENABLED	rad→grad	136 53	rad->grad
2104	ITM_KtoM	k→m	k→m	fnKtoM	NOPARAM	0	0	CAT_FNCT	PTP_NONE	SLS_ENABLED	k→m	136 56	k->m
2105	ITM_MtoK	m→k	m→k	fnMtoK	NOPARAM	0	0	CAT_FNCT	PTP_NONE	SLS_ENABLED	m→k	136 57	m->k
2110	ITM_TAMMAX	DMXmax	DMXmax	fnDenMax	0	0	0	CAT_FNCT	PTP_NONE	SLS_UNCHANGED	DMXmax	136 62	/c
2111	ITM_GAPDOT_L	IDOT·	DOT·	fnSetGapChar	ITM_DOT	0	0	CAT_FNCT	PTP_NONE	SLS_UNCHANGED	IDOT.	136 63	DOT· IDOT·
2112	ITM_GAPWIDDOT_L	IWDOT ⋅	WDOT ⋅	fnSetGapChar	ITM_WDOT	0	0	CAT_FNCT	PTP_NONE	SLS_UNCHANGED	IWDOT⋅	136 64	IWDOT ⋅ IWDOT• WDOT ⋅
2113	ITM_GAPPER_L	IPER.	PER.	fnSetGapChar	ITM_PERIOD	0	0	CAT_FNCT	PTP_NONE	SLS_UNCHANGED	IPER.	136 65	PER.
2114	ITM_GAPWIDPER_L	IWPER ➉	WPER ➉	fnSetGapChar	ITM_WPERIOD	0	0	CAT_FNCT	PTP_NONE	SLS_UNCHANGED	IWPER.	136 66	IWPER ➉ WPER ➉
2115	ITM_GAPCOM_L	ICOM,	COM,	fnSetGapChar	ITM_COMMA	0	0	CAT_FNCT	PTP_NONE	SLS_UNCHANGED	ICOM,	136 67	COM,
2116	ITM_GAPWIDCOM_L	IWCOM ➈	WCOM ➈	fnSetGapChar	ITM_WCOMMA	0	0	CAT_FNCT	PTP_NONE	SLS_UNCHANGED	IWCOM,	136 68	IWCOM ➈ WCOM ➈
2117	ITM_GAPAPO_L	IWTICK '	WTICK '	fnSetGapChar	ITM_QUOTE	0	0	CAT_FNCT	PTP_NONE	SLS_UNCHANGED	IWTICKʼ	136 69	IWTICK ' WTICK '
2118	ITM_GAPNARAPO_L	ITICKʼ	TICKʼ	fnSetGapChar	ITM_NQUOTE	0	0	CAT_FNCT	PTP_NONE	SLS_UNCHANGED	ITICKʼ	136 70	TICKʼ
2119	ITM_GAPSPC_L	ISPC␣	SPC␣	fnSetGapChar	ITM_SPACE_PUNCTUATION	0	0	CAT_FNCT	PTP_NONE	SLS_UNCHANGED	ISPC␣	136 71	SPC␣
2120	ITM_GAPNARSPC_L	INSPC⎵	NSPC⎵	fnSetGapChar	ITM_SPACE_4_PER_EM	0	0	CAT_FNCT	PTP_NONE	SLS_UNCHANGED	INSPC␣	136 72	INSPCu23b5 NSPC⎵
2121	ITM_GAPDBLSPC_L	IWSPC⎵⎵	WSPC⎵⎵	fnSetGapChar	ITM_SPACE_EM	0	0	CAT_FNCT	PTP_NONE	SLS_UNCHANGED	IWSPC␣	136 73	IWSPC⎵⎵ WSPC⎵⎵
2122	ITM_GAPUND_L	IUNDR_	UNDR_	fnSetGapChar	ITM_UNDERSCORE	0	0	CAT_FNCT	PTP_NONE	SLS_UNCHANGED	IUNDR_	136 74	UNDR_
2123	ITM_GAPNIL_L	INONE	NONE	fnSetGapChar	ITM_NULL	0	0	CAT_FNCT	PTP_NONE	SLS_UNCHANGED	INONE	136 75	NONE
2124	ITM_GAPDOT_R	FDOT·	DOT·	fnSetGapChar	32768+ITM_DOT	0	0	CAT_FNCT	PTP_NONE	SLS_UNCHANGED	FDOT.	136 76	DOT· FDOT· RDX.
2125	ITM_GAPWIDDOT_R	FWDOT ⋅	WDOT ⋅	fnSetGapChar	32768+ITM_WDOT	0	0	CAT_FNCT	PTP_NONE	SLS_UNCHANGED	FWDOT⋅	136 77	FWDOTu2005u22c5 FWDOT ⋅ FWDOT• WDOT ⋅
2126	ITM_GAPPER_R	FPER.	PER.	fnSetGapChar	32768+ITM_PERIOD	0	0	CAT_FNCT	PTP_NONE	SLS_UNCHANGED	FPER·	136 78	FPER. PER.
2127	ITM_GAPWIDPER_R	FWPER ➉	WPER ➉	fnSetGapChar	32768+ITM_WPERIOD	0	0	CAT_FNCT	PTP_NONE	SLS_UNCHANGED	FWPER·	136 79	FWPER. FWPERu2005u2789 WPER ➉
2128	ITM_GAPCOM_R	FCOM,	COM,	fnSetGapChar	32768+ITM_COMMA	0	0	CAT_FNCT	PTP_NONE	SLS_UNCHANGED	FCOM,	136 80	COM, RDX,
2129	ITM_GAPWIDCOM_R	FWCOM ➈	WCOM ➈	fnSetGapChar	32768+ITM_WCOMMA	0	0	CAT_FNCT	PTP_NONE	SLS_UNCHANGED	FWCOM,	136 81	FWCOMu2005u2788 WCOM ➈
2130	ITM_GAPAPO_R	FWTICK '	WTICK '	fnSetGapChar	32768+ITM_QUOTE	0	0	CAT_FNCT	PTP_NONE	SLS_UNCHANGED	FWTICKʼ	136 82	FWTICKu2005' WTICK '
2131	ITM_GAPNARAPO_R	FTICKʼ	TICKʼ	fnSetGapChar	32768+ITM_NQUOTE	0	0	CAT_FNCT	PTP_NONE	SLS_UNCHANGED	FTICKʼ	136 83	TICKʼ
2132	ITM_GAPSPC_R	FSPC␣	SPC␣	fnSetGapChar	32768+ITM_SPACE_PUNCTUATION	0	0	CAT_FNCT	PTP_NONE	SLS_UNCHANGED	FSPC␣	136 84	SPC␣
2133	ITM_GAPNARSPC_R	FNSPC⎵	NSPC⎵	fnSetGapChar	32768+ITM_SPACE_4_PER_EM	0	0	CAT_FNCT	PTP_NONE	SLS_UNCHANGED	FNSPC␣	136 85	FNSPCu23b5 NSPC⎵
2134	ITM_GAPDBLSPC_R	FWSPC⎵⎵	WSPC⎵⎵	fnSetGapChar	32768+ITM_SPACE_EM	0	0	CAT_FNCT	PTP_NONE	SLS_UNCHANGED	FWSPC␣	136 86	FWSPCu23b5u23b5 WSPC⎵⎵
2135	ITM_GAPUND_R	FUNDR_	UNDR_	fnSetGapChar	32768+ITM_UNDERSCORE	0	0	CAT_FNCT	PTP_NONE	SLS_UNCHANGED	FUNDR_	136 87	UNDR_
2136	ITM_GAPNIL_R	FNONE	NONE	fnSetGapChar	32768+ITM_NULL	0	0	CAT_FNCT	PTP_NONE	SLS_UNCHANGED	FNONE	136 88	NONE
2137	ITM_GAPDOT_RX	RDOT·	DOT·	fnSetGapChar	49152+ITM_DOT	0	0	CAT_FNCT	PTP_NONE	SLS_UNCHANGED	RDOT.	136 89	DOT· RDOT·
2138	ITM_GAPWIDDOT_RX	RWDOT ⋅	WDOT ⋅	fnSetGapChar	49152+ITM_WDOT	0	0	CAT_FNCT	PTP_NONE	SLS_UNCHANGED	RWDOT⋅	136 90	RWDOT RWDOT ⋅ RWDOT• WDOT ⋅
2139	ITM_GAPPER_RX	RPER.	PER.	fnSetGapChar	49152+ITM_PERIOD	0	0	CAT_FNCT	PTP_NONE	SLS_UNCHANGED	RPER.	136 91	PER.
2140	ITM_GAPWIDPER_RX	RWPER ➉	WPER ➉	fnSetGapChar	49152+ITM_WPERIOD	0	0	CAT_FNCT	PTP_NONE	SLS_UNCHANGED	RWPER·	136 92	RWPER. RWPERu2005u2789 WPER ➉
2141	ITM_GAPCOM_RX	RCOM,	COM,	fnSetGapChar	49152+ITM_COMMA	0	0	CAT_FNCT	PTP_NONE	SLS_UNCHANGED	RCOM,	136 93	COM,
2142	ITM_GAPWIDCOM_RX	RWCOM ➈	WCOM ➈	fnSetGapChar	49152+ITM_WCOMMA	0	0	CAT_FNCT	PTP_NONE	SLS_UNCHANGED	RWCOM,	136 94	RWCOM ➈ WCOM ➈
2143	ITM_WDOT		⋅	itemToBeCoded	NOPARAM	0	0	CAT_NONE	PTP_DISABLED	SLS_UNCHANGED			
2144	ITM_WPERIOD		➉	itemToBeCoded	NOPARAM	0	0	CAT_NONE	PTP_DISABLED	SLS_UNCHANGED			
2145	ITM_WCOMMA		➈	itemToBeCoded	NOPARAM	0	0	CAT_NONE	PTP_DISABLED	SLS_UNCHANGED			
2146	ITM_NQUOTE		ʼ	itemToBeCoded	NOPARAM	0	0	CAT_NONE	PTP_DISABLED	SLS_UNCHANGED			
2147	ITM_JUL_GREG_1582	JG.1582	JG.1582	fnSetFirstGregorianDay	ITM_JUL_GREG_1582	0	0	CAT_FNCT	PTP_NONE	SLS_UNCHANGED	JG.1582	136 99	
2148	ITM_JUL_GREG_1752	JG.1752	JG.1752	fnSetFirstGregorianDay	ITM_JUL_GREG_1752	0	0	CAT_FNCT	PTP_NONE	SLS_UNCHANGED	JG.1752	136 100	
2149	ITM_JUL_GREG_1873	JG.1873	JG.1873	fnSetFirstGregorianDay	ITM_JUL_GREG_1873	0	0	CAT_FNCT	PTP_NONE	SLS_UNCHANGED	JG.1873	136 101	
2150	ITM_JUL_GREG_1949	JG.1949	JG.1949	fnSetFirstGregorianDay	ITM_JUL_GREG_1949	0	0	CAT_FNCT	PTP_NONE	SLS_UNCHANGED	JG.1949	136 102	
2152	ITM_GRP_HEX	HXGRP	HXGRP	fnSettingsDispFormatGrpHex	TM_VALUE	2	16	CAT_FNCT	PTP_NUMBER_8	SLS_ENABLED	HXGRP	136 104	
2153	ITM_GRP_BIN	BNGRP	BNGRP	fnSettingsDispFormatGrpBin	TM_VALUE	3	64	CAT_FNCT	PTP_NUMBER_8	SLS_ENABLED	BNGRP	136 105	
2154	ITM_SETFDIGS	FDIGS	FDIGS	fnSetFractionDigits	TM_VALUE	0	34	CAT_FNCT	PTP_NUMBER_8	SLS_ENABLED	FDIGS	136 106	
2155	ITM_GRP_L	IPGRP	IPGRP	fnSettingsDispFormatGrpL	TM_VALUE	2	9	CAT_FNCT	PTP_NUMBER_8	SLS_ENABLED	IPGRP	136 107	
2156	ITM_GRP1_L_OF	IPGRP1x	IPGRP1x	fnSettingsDispFormatGrp1Lo	TM_VALUE	0	9	CAT_FNCT	PTP_NUMBER_8	SLS_ENABLED	IPGRP1x	136 108	
2157	ITM_GRP1_L	IPGRP1	IPGRP1	fnSettingsDispFormatGrp1L	TM_VALUE	0	9	CAT_FNCT	PTP_NUMBER_8	SLS_ENABLED	IPGRP1	136 109	
2158	ITM_GRP_R	FPGRP	FPGRP	fnSettingsDispFormatGrpR	TM_VALUE	2	9	CAT_FNCT	PTP_NUMBER_8	SLS_ENABLED	FPGRP	136 110	
2159	ITM_GAP_L	IPART	IPART	fnMenuGapL	MNU_GAP_L	0	0	CAT_NONE	PTP_DISABLED	SLS_UNCHANGED			
2160	ITM_GAP_RX	RADIX	RADIX	fnMenuGapRX	MNU_GAP_RX	0	0	CAT_NONE	PTP_DISABLED	SLS_UNCHANGED			
2161	ITM_GAP_R	FPART	FPART	fnMenuGapR	MNU_GAP_R	0	0	CAT_NONE	PTP_DISABLED	SLS_UNCHANGED			
2162	ITM_PPLUS	PLUS	PLUS	fnPplus	NOPARAM	0	0	CAT_NONE	PTP_DISABLED	SLS_UNCHANGED			
2163	ITM_INCHtoCM	in→	in→	fnUnitConvert	constFactorInchCm | multiply	0	0	CAT_NONE	PTP_NONE	SLS_ENABLED	in→cm	136 115	\rarr;CM in->cm →CM
2164	ITM_CMtoINCH	cm→	cm→	fnUnitConvert	constFactorInchCm | divide	0	0	CAT_NONE	PTP_NONE	SLS_ENABLED	cm→in	136 116	\rarr;IN cm->in →IN
2165	ITM_op_j_SIGN	op_ⅈ	ⅈ	addItemToBuffer	ITM_op_j_SIGN	0	0	CAT_NONE	PTP_DISABLED	SLS_UNCHANGED			
2166	ITM_poly_SIGN	Poly4	Poly4	addItemToBuffer	ITM_poly_SIGN	0	0	CAT_NONE	PTP_DISABLED	SLS_UNCHANGED			
2167	ITM_NMItoMI	nmi→	nmi→	fnUnitConvert	constFactorNmiMi | multiply	0	0	CAT_NONE	PTP_NONE	SLS_ENABLED	nmi→mi	136 119	nmi->mi
2168	ITM_MItoNMI	mi→	mi→	fnUnitConvert	constFactorNmiMi | divide	0	0	CAT_NONE	PTP_NONE	SLS_ENABLED	mi→nmi	136 120	mi->nmi
2169	ITM_FURtoM	fur→	fur→	fnUnitConvert	constFactorFurtom | multiply	0	0	CAT_NONE	PTP_NONE	SLS_ENABLED	fur→m	136 121	fur->m
2170	ITM_MtoFUR	m→	m→	fnUnitConvert	constFactorFurtom | divide	0	0	CAT_NONE	PTP_NONE	SLS_ENABLED	m→fur	136 122	m->fur
2171	ITM_FTNtoS	ftn→	ftn→	fnUnitConvert	constFactorFtntos | multiply	0	0	CAT_NONE	PTP_NONE	SLS_ENABLED	ftn→s	136 123	ftn->s
2172	ITM_StoFTN	s→	s→	fnUnitConvert	constFactorFtntos | divide	0	0	CAT_NONE	PTP_NONE	SLS_ENABLED	s→ftn	136 124	s->ftn
2173	ITM_FPFtoMPS	fur/ftn→	fur/ftn→	fnUnitConvert	constFactorFpftomps | multiply	0	0	CAT_NONE	PTP_NONE	SLS_ENABLED	fur/ftn→m/s	136 125	fur/ftn->m/s
2174	ITM_MPStoFPF	m/s→	m/s→	fnUnitConvert	constFactorFpftomps | divide	0	0	CAT_NONE	PTP_NONE	SLS_ENABLED	m/s→fur/ftn	136 126	m/s->fur/ftn
2175	ITM_BRDStoM	brds→	brds→	fnUnitConvert	constFactorBrdstom | multiply	0	0	CAT_NONE	PTP_NONE	SLS_ENABLED	brds→m	136 127	brds->m
2176	ITM_MtoBRDS	m→	m→	fnUnitConvert	constFactorBrdstom | divide	0	0	CAT_NONE	PTP_NONE	SLS_ENABLED	m→brds	136 128	m->brds
2177	ITM_FIRtoKG	fir→	fir→	fnUnitConvert	constFactorFirtokg | multiply	0	0	CAT_NONE	PTP_NONE	SLS_ENABLED	fir→kg	136 129	fir->kg
2178	ITM_KGtoFIR	kg→	kg→	fnUnitConvert	constFactorFirtokg | divide	0	0	CAT_NONE	PTP_NONE	SLS_ENABLED	kg→fir	136 130	kg->fir
2179	ITM_FPFtoKPH	fur/ftn→	fur/ftn→	fnUnitConvert	constFactorFpftokph | multiply	0	0	CAT_NONE	PTP_NONE	SLS_ENABLED	fur/ftn→km/h	136 131	fur/ftn->km/h
2180	ITM_KPHtoFPF	km/h→	km/h→	fnUnitConvert	constFactorFpftokph | divide	0	0	CAT_NONE	PTP_NONE	SLS_ENABLED	km/h→fur/ftn	136 132	km/h->fur/ftn
2181	ITM_BRDStoIN	brds→	brds→	fnUnitConvert	constFactorBrdstoin | multiply	0	0	CAT_NONE	PTP_NONE	SLS_ENABLED	brds→in	136 133	brds->in
2182	ITM_INtoBRDS	in→	in→	fnUnitConvert	constFactorBrdstoin | divide	0	0	CAT_NONE	PTP_NONE	SLS_ENABLED	in→brds	136 134	in->brds
2183	ITM_FIRtoLB	fir→	fir→	fnUnitConvert	constFactorFirtolb | multiply	0	0	CAT_NONE	PTP_NONE	SLS_ENABLED	fir→lb	136 135	fir->lb
2184	ITM_LBtoFIR	lbs→	lbs→	fnUnitConvert	constFactorFirtolb | divide	0	0	CAT_NONE	PTP_NONE	SLS_ENABLED	lb→fir	136 136	lb->fir
2185	ITM_FPFtoMPH	fur/ftn→	fur/ftn→	fnUnitConvert	constFactorFpftomph | multiply	0	0	CAT_NONE	PTP_NONE	SLS_ENABLED	fur/ftn→mph	136 137	fur/ftn->mph
2186	ITM_MPHtoFPF	mph→	mph→	fnUnitConvert	constFactorFpftomph | divide	0	0	CAT_NONE	PTP_NONE	SLS_ENABLED	mph→fur/ftn	136 138	mph->fur/ftn
2187	ITM_FPStoKMH	ft/s→	ft/s→	fnUnitConvert	constFactorFpstokph | multiply	0	0	CAT_NONE	PTP_NONE	SLS_ENABLED	ft/s→km/h	136 139	ft/s->km/h
2188	ITM_KMHtoFPS	km/h→	km/h→	fnUnitConvert	constFactorFpstokph | divide	0	0	CAT_NONE	PTP_NONE	SLS_ENABLED	km/h→ft/s	136 140	km/h->ft/s
2189	ITM_FPStoMPS	ft/s→	ft/s→	fnUnitConvert	constFactorFpstomps | multiply	0	0	CAT_NONE	PTP_NONE	SLS_ENABLED	ft/s→m/s	136 141	ft/s->m/s
2190	ITM_MPStoFPS	m/s→	m/s→	fnUnitConvert	constFactorFpstomps | divide	0	0	CAT_NONE	PTP_NONE	SLS_ENABLED	m/s→ft/s	136 142	m/s->ft/s
2191	ITM_SCR	ⓈⓊⓅⓢⓤⓑ	ⓈⓊⓅⓢⓤⓑ	SetSetting	JC_SS	0	0	CAT_NONE	PTP_DISABLED	SLS_UNCHANGED			
2192	ITM_SCRNRM		SCRNRM	itemToBeCoded	NOPARAM	0	0	CAT_NONE	PTP_NONE	SLS_UNCHANGED			
2193	ITM_SCRSUP		SCRSUP	itemToBeCoded	NOPARAM	0	0	CAT_NONE	PTP_NONE	SLS_UNCHANGED			
2194	ITM_SCRSUB		SCRSUB	itemToBeCoded	NOPARAM	0	0	CAT_NONE	PTP_NONE	SLS_UNCHANGED			
2195	ITM_HIDE	HIDE	HIDE	fnHide	TM_VALUE	0	99	CAT_FNCT	PTP_NUMBER_8	SLS_ENABLED	HIDE	136 147	
2196	ITM_DENMAX2_OLD	>DMX<	>DMX<	fnDenMax	TM_VALUE_MAX	0	MAX_DENMAX	CAT_NONE	PTP_NUMBER_16	SLS_ENABLED			
2197	ITM_SETSIG2	SDIGS	SDIGS	fnSetSignificantDigits	TM_VALUE	0	34	CAT_FNCT	PTP_NUMBER_8	SLS_ENABLED	SDIGS	136 149	
2198	ITM_VOL	VOL	VOL	fnSetVolume	TM_VALUE	0	11	CAT_FNCT	PTP_NUMBER_8	SLS_ENABLED	VOL	136 150	
2199	ITM_VOLQ	VOL#	VOL#	fnGetVolume	NOPARAM	0	0	CAT_FNCT	PTP_NONE	SLS_ENABLED	VOL#	136 151	
2200	ITM_VOLPLUS	VOL↑	VOL↑	fnVolumeUp	NOPARAM	0	0	CAT_FNCT	PTP_NONE	SLS_UNCHANGED	VOL↑	136 152	
2201	ITM_VOLMINUS	VOL↓	VOL↓	fnVolumeDown	NOPARAM	0	0	CAT_FNCT	PTP_NONE	SLS_UNCHANGED	VOL↓	136 153	VOLv
2202	ITM_BUZZ	BUZZ	BUZZ	fnBuzz	NOPARAM	0	0	CAT_FNCT	PTP_NONE	SLS_UNCHANGED	BUZZ	136 154	
2203	ITM_PLAY	PLAY	PLAY	fnPlay	TM_REGISTER	0	99	CAT_FNCT	PTP_REGISTER	SLS_UNCHANGED	PLAY	136 155	
2204	ITM_L100toKML	ℓ/hkm→	ℓ/100km→	fnUnitConvert	constFactorL100Tokml | invert | multiply	0	0	CAT_NONE	PTP_NONE	SLS_ENABLED	ℓ/100km→km/ℓ	136 156	L/100km->km/L L/100km→km/L ℓ/hkm→km/ℓ
2205	ITM_KMLtoL100	km/ℓ→	km/ℓ→	fnUnitConvert	constFactorL100Tokml | invert | multiply	0	0	CAT_NONE	PTP_NONE	SLS_ENABLED	km/ℓ→ℓ/100km	136 157	km/L->L/100km km/L→L/100km km/ℓ→ℓ/hkm
2206	ITM_KMLEtoK100K	km/ℓ⒠→	km/ℓ⒠→	fnKmletok100K	multiply	0	0	CAT_NONE	PTP_NONE	SLS_ENABLED	km/ℓₑ→E/hkm	136 158	km/Lu2091->E/hkm km/Lₑ→E/hkm km/ℓ⒠→
2207	ITM_K100KtoKMLE	E/hkm→	kWh/100km→	fnKmletok100K	divide	0	0	CAT_NONE	PTP_NONE	SLS_ENABLED	E/hkm→km/ℓₑ	136 159	E/hkm->km/Lu2091 E/hkm→km/Lₑ kWh/100km→
2208	ITM_K100KtoKMK	E/hkm→	kWh/100km→	fnUnitConvert	constFactorK100Ktokmk | invert | multiply	0	0	CAT_NONE	PTP_NONE	SLS_ENABLED	E/hkm→km/E	136 160	E/hkm->km/E
2209	ITM_KMKtoK100K	km/E→	km/kWh→	fnUnitConvert	constFactorK100Ktokmk | invert | multiply	0	0	CAT_NONE	PTP_NONE	SLS_ENABLED	km/E→E/hkm	136 161	km/E->E/hkm
2210	ITM_L100toMGUS	ℓ/hkm→	ℓ/100km→	fnL100Tomgus	multiply	0	0	CAT_NONE	PTP_NONE	SLS_ENABLED	ℓ/100km→mpg_(US)	136 162	L/100km->mpg-US L/100km→mpg-US ℓ/100km→
2211	ITM_MGUStoL100	mpg␮→	mpg␮→	fnL100Tomgus	divide	0	0	CAT_NONE	PTP_NONE	SLS_ENABLED	mpg_(US)→ℓ/100km	136 163	mpg-US->L/100km mpg-US→L/100km mpg␮→
2212	ITM_MGEUStoK100M	mge␮→	mge␮→	fnMgeustok100M	multiply	0	0	CAT_NONE	PTP_NONE	SLS_ENABLED	mge_(US)→E/100mi	136 164	mge-US->E/100mi mge␮→
2213	ITM_K100MtoMGEUS	E/100mi→	kWh/100mi→	fnMgeustok100M	divide	0	0	CAT_NONE	PTP_NONE	SLS_ENABLED	E/100mi→mge_(US)	136 165	E/100mi->mge-US kWh/100mi→
2214	ITM_K100KtoK100M	E/hkm→	kWh/100km→	fnUnitConvert	constFactorK100Ktok100M | multiply	0	0	CAT_NONE	PTP_NONE	SLS_ENABLED	E/hkm→E/100mi	136 166	E/hkm->E/100mi
2215	ITM_K100MtoK100K	E/100mi→	kWh/100mi→	fnUnitConvert	constFactorK100Ktok100M | divide	0	0	CAT_NONE	PTP_NONE	SLS_ENABLED	E/100mi→E/hkm	136 167	E/100mi->E/hkm
2216	ITM_L100toMGUK	ℓ/hkm→	ℓ/100km→	fnL100Tomguk	multiply	0	0	CAT_NONE	PTP_NONE	SLS_ENABLED	ℓ/100km→mpg_(UK)	136 168	L/100km->mpg-UK L/100km→mpg-UK ℓ/100km→
2217	ITM_MGUKtoL100	mpg␭→	mpg␭→	fnL100Tomguk	divide	0	0	CAT_NONE	PTP_NONE	SLS_ENABLED	mpg_(UK)→ℓ/100km	136 169	mpg-UK->L/100km mpg-UK→L/100km mpg␭→
2218	ITM_MGEUKtoK100M	mge␭→	mge␭→	fnMgeuktok100M	multiply	0	0	CAT_NONE	PTP_NONE	SLS_ENABLED	mge_(UK)→E/100mi	136 170	mge-UK->E/100mi mge␭→
2219	ITM_K100MtoMGEUK	E/100mi→	kWh/100mi→	fnMgeuktok100M	divide	0	0	CAT_NONE	PTP_NONE	SLS_ENABLED	E/100mi→mge_(UK)	136 171	E/100mi->mge-UK kWh/100mi→
2220	ITM_K100MtoMIK	E/100mi→	kWh/100mi→	fnUnitConvert	constFactorK100Mtomik | invert | multiply	0	0	CAT_NONE	PTP_NONE	SLS_ENABLED	E/100mi→mi/E	136 172	E/100mi->mi/E
2221	ITM_MIKtoK100M	mi/E→	mi/kWh→	fnUnitConvert	constFactorK100Mtomik | invert | multiply	0	0	CAT_NONE	PTP_NONE	SLS_ENABLED	mi/E→E/100mi	136 173	mi/E->E/100mi
2223	ITM_XEQP1	XEQ.SKP	XEQ.SKP	fnExecutePlusSkip	TM_LABEL	0	99	CAT_FNCT	PTP_LABEL	SLS_ENABLED	XEQ.SKP	136 175	
2224	ITM_RCLP1	RCL.SKP	RCL.SKP	fnRecallPlusSkip	TM_STORCL	0	99	CAT_FNCT	PTP_REGISTER	SLS_ENABLED	RCL.SKP	136 176	
2236	ITM_YY_DFLT_OLD	>YY<	>YY<	fnYYDflt	TM_VALUE_TRK	0	9999	CAT_NONE	PTP_NUMBER_16	SLS_ENABLED			
2237	ITM_YY_TRACK	YYtrack	YYtrack	fnYYDflt	YY_TRACKING	0	0	CAT_FNCT	PTP_NONE	SLS_UNCHANGED	YYtrack	136 189	
2239	ITM_CLMALL	CLMall	CLMall	fnClearUserMenus	NOT_CONFIRMED	0	0	CAT_FNCT	PTP_NONE	SLS_ENABLED	CLMall	136 191	
2240	ITM_CLVALL	CLVall	CLVall	fnClearAllVariables	NOT_CONFIRMED	0	0	CAT_FNCT	PTP_NONE	SLS_ENABLED	CLVall	136 192	
2241	ITM_DELMALL	DELMall	DELMall	fnDeleteUserMenus	NOT_CONFIRMED	0	0	CAT_FNCT	PTP_NONE	SLS_ENABLED	DELMall	136 193	
2242	ITM_DELVALL	DELVall	DELVall	fnDeleteAllVariables	NOT_CONFIRMED	0	0	CAT_FNCT	PTP_NONE	SLS_ENABLED	DELVall	136 194	
2245	ITM_YES	YES	YES	fnConfirmationYes	NOPARAM	0	0	CAT_NONE	PTP_DISABLED	SLS_UNCHANGED			
2246	ITM_NO	NO	NO	fnConfirmationNo	NOPARAM	0	0	CAT_NONE	PTP_DISABLED	SLS_UNCHANGED			
2247	ITM_RCLVEL_OLD	>RCLVEL<	>RCLVEL<	fnRecallVElement	TM_VALUE	0	249	CAT_NONE	PTP_NUMBER_8	SLS_UNCHANGED			
2248	ITM_STOVEL_OLD	>STOVEL<	>STOVEL<	fnStoreVElement	TM_VALUE	0	249	CAT_NONE	PTP_NUMBER_8	SLS_UNCHANGED			
2249	ITM_RCLELPLUS	RCLSEQ	RCLSEQ	fnRecallElementPlus	NOPARAM	0	0	CAT_FNCT	PTP_NONE	SLS_ENABLED	RCLSEQ	136 201	
2250	ITM_STOELPLUS	STOSEQ	STOSEQ	fnStoreElementPlus	NOPARAM	0	0	CAT_FNCT	PTP_NONE	SLS_ENABLED	STOSEQ	136 202	
2251		MONIT	MONIT	fnGetSystemFlag	FLAG_MONIT	0	0	CAT_SYFL	PTP_DISABLED	SLS_ENABLED			
2252		FRCYC	FRCYC	fnGetSystemFlag	FLAG_FRCYC	0	0	CAT_SYFL	PTP_DISABLED	SLS_ENABLED			
2253		CONVⓗⓟ	CONVⓗⓟ	fnGetSystemFlag	FLAG_HPCONV	0	0	CAT_SYFL	PTP_DISABLED	SLS_ENABLED			
2254		NUM	NUM	fnGetSystemFlag	FLAG_NUMLOCK	0	0	CAT_SYFL	PTP_DISABLED	SLS_ENABLED			
2255		CPXmul	CPXmul	fnGetSystemFlag	FLAG_CPXMULT	0	0	CAT_SYFL	PTP_DISABLED	SLS_ENABLED			
2256		eRPN	eRPN	fnGetSystemFlag	FLAG_ERPN	0	0	CAT_SYFL	PTP_DISABLED	SLS_ENABLED			
2257		dLrgLI	dLrgLI	fnGetSystemFlag	FLAG_LARGELI	0	0	CAT_SYFL	PTP_DISABLED	SLS_ENABLED			
2258		IRFRAC	IRFRAC	fnGetSystemFlag	FLAG_IRFRAC	0	0	CAT_SYFL	PTP_DISABLED	SLS_ENABLED			
2259		IRFR	IRFR	fnGetSystemFlag	FLAG_IRFRQ	0	0	CAT_SYFL	PTP_DISABLED	SLS_ENABLED			
2260		PFX.All	PFX.All	fnGetSystemFlag	FLAG_PFX_ALL	0	0	CAT_SYFL	PTP_DISABLED	SLS_ENABLED			
2261		dℤ.0	dℤ.0	fnGetSystemFlag	FLAG_DREAL	0	0	CAT_SYFL	PTP_DISABLED	SLS_ENABLED			
2262		PLcxp	PLcxp	fnGetSystemFlag	FLAG_CPXPLOT	0	0	CAT_SYFL	PTP_DISABLED	SLS_ENABLED			
2263		PLx.ax	PLx.ax	fnGetSystemFlag	FLAG_SHOWX	0	0	CAT_SYFL	PTP_DISABLED	SLS_ENABLED			
2264		PLy.ax	PLy.ax	fnGetSystemFlag	FLAG_SHOWY	0	0	CAT_SYFL	PTP_DISABLED	SLS_ENABLED			
2265		PLbox	PLbox	fnGetSystemFlag	FLAG_PBOX	0	0	CAT_SYFL	PTP_DISABLED	SLS_ENABLED			
2266		PLcros	PLcros	fnGetSystemFlag	FLAG_PCROS	0	0	CAT_SYFL	PTP_DISABLED	SLS_ENABLED			
2267		PLplus	PLplus	fnGetSystemFlag	FLAG_PPLUS	0	0	CAT_SYFL	PTP_DISABLED	SLS_ENABLED			
2268		PLline	PLline	fnGetSystemFlag	FLAG_PLINE	0	0	CAT_SYFL	PTP_DISABLED	SLS_ENABLED			
2269		PLxy:1	PLxy:1	fnGetSystemFlag	FLAG_SCALE	0	0	CAT_SYFL	PTP_DISABLED	SLS_ENABLED			
2270		PLvec	PLvec	fnGetSystemFlag	FLAG_VECT	0	0	CAT_SYFL	PTP_DISABLED	SLS_ENABLED			
2271		PLnvec	PLnvec	fnGetSystemFlag	FLAG_NVECT	0	0	CAT_SYFL	PTP_DISABLED	SLS_ENABLED			
2272		CONVⓤⓢ	CONVⓤⓢ	fnGetSystemFlag	FLAG_US	0	0	CAT_SYFL	PTP_DISABLED	SLS_ENABLED			
2273		MNUp1	MNUp1	fnGetSystemFlag	FLAG_MNUp1	0	0	CAT_SYFL	PTP_DISABLED	SLS_ENABLED			
2274		SBwoy	SBwoy	fnGetSystemFlag	FLAG_SBwoy	0	0	CAT_SYFL	PTP_DISABLED	SLS_ENABLED			
2275		KEYⓐ₋ⓕ	KEYⓐ₋ⓕ	fnGetSystemFlag	FLAG_TOPHEX	0	0	CAT_SYFL	PTP_DISABLED	SLS_ENABLED			
2276		BCD	BCD	fnGetSystemFlag	FLAG_BCD	0	0	CAT_SYFL	PTP_DISABLED	SLS_ENABLED			
2277		PLcurve	PLcurve	fnGetSystemFlag	FLAG_PCURVE	0	0	CAT_SYFL	PTP_DISABLED	SLS_ENABLED			
2278		←DROP	←DROP	fnGetSystemFlag	FLAG_CLX_DROP	0	0	CAT_SYFL	PTP_DISABLED	SLS_ENABLED			
2279		MyMb	MyMb	fnGetSystemFlag	FLAG_BASE_MYM	0	0	CAT_SYFL	PTP_DISABLED	SLS_ENABLED			
2280		g.2Tp	g.2Tp	fnGetSystemFlag	FLAG_G_DOUBLETAP	0	0	CAT_SYFL	PTP_DISABLED	SLS_ENABLED			
2281		HOMEb	HOMEb	fnGetSystemFlag	FLAG_BASE_HOME	0	0	CAT_SYFL	PTP_DISABLED	SLS_ENABLED			
2282		MyM⧱	MyM⧱	fnGetSystemFlag	FLAG_MYM_TRIPLE	0	0	CAT_SYFL	PTP_DISABLED	SLS_ENABLED			
2283		HOME⧱	HOME⧱	fnGetSystemFlag	FLAG_HOME_TRIPLE	0	0	CAT_SYFL	PTP_DISABLED	SLS_ENABLED			
2284		SH.4s	SH.4s	fnGetSystemFlag	FLAG_SHFT_4s	0	0	CAT_SYFL	PTP_DISABLED	SLS_ENABLED			
2285		fg.LIM	fg.LIM	fnGetSystemFlag	FLAG_FGLNLIM	0	0	CAT_SYFL	PTP_DISABLED	SLS_ENABLED			
2286		fg.FUL	fg.FUL	fnGetSystemFlag	FLAG_FGLNFUL	0	0	CAT_SYFL	PTP_DISABLED	SLS_ENABLED			
2287		fg.GR	fg.GR	fnGetSystemFlag	FLAG_FGGR	0	0	CAT_SYFL	PTP_DISABLED	SLS_ENABLED			
2288		3DPHYS	3DPHYS	fnGetSystemFlag	FLAG_3DPHYS	0	0	CAT_SYFL	PTP_DISABLED	SLS_ENABLED			
2289		3Dxyz	3Dxyz	fnGetSystemFlag	FLAG_3DXYZ	0	0	CAT_SYFL	PTP_DISABLED	SLS_ENABLED			
2290		⎙EN	⎙EN	fnGetSystemFlag	FLAG_PRTEN	0	0	CAT_SYFL	PTP_DISABLED	SLS_ENABLED			
2291		⎙NORM	⎙NORM	fnGetSystemFlag	FLAG_NORM	0	0	CAT_SYFL	PTP_DISABLED	SLS_ENABLED			
2292		BOLD	BOLD	fnGetSystemFlag	FLAG_BOLD	0	0	CAT_SYFL	PTP_DISABLED	SLS_ENABLED			
2293		TRL0	TRL0	fnGetSystemFlag	FLAG_SIGZEROS	0	0	CAT_SYFL	PTP_DISABLED	SLS_ENABLED			
2294		PLrms	PLrms	fnGetSystemFlag	FLAG_PRMS	0	0	CAT_SYFL	PTP_DISABLED	SLS_ENABLED			
2295		PLintg	PLintg	fnGetSystemFlag	FLAG_PINTG	0	0	CAT_SYFL	PTP_DISABLED	SLS_ENABLED			
2296		PLdiff	PLdiff	fnGetSystemFlag	FLAG_PDIFF	0	0	CAT_SYFL	PTP_DISABLED	SLS_ENABLED			
2297		PLshad	PLshad	fnGetSystemFlag	FLAG_PSHADE	0	0	CAT_SYFL	PTP_DISABLED	SLS_ENABLED			
2298		SBadm	SBadm	fnGetSystemFlag	FLAG_SBadm	0	0	CAT_SYFL	PTP_DISABLED	SLS_ENABLED			
2299		AVALID	AVALID	fnGetSystemFlag	FLAG_AUTOVALID	0	0	CAT_SYFL	PTP_DISABLED	SLS_ENABLED			
2300		M.ALL	M.ALL	fnGetSystemFlag	FLAG_M_ALL	0	0	CAT_SYFL	PTP_DISABLED	SLS_ENABLED			
2301		PL2lin	PL2lin	fnGetSystemFlag	FLAG_PL_2L	0	0	CAT_SYFL	PTP_DISABLED	SLS_ENABLED			
2316	ITM_STO_P_p	STOⓟ p	STOⓟ p	fnStore	REGISTER_P	0	0	CAT_NONE	PTP_NONE	SLS_ENABLED	STO_P(p)	137 12	
2317	ITM_STO_N1	STOⓝ n	STOⓝ n	fnStore	REGISTER_N	0	0	CAT_NONE	PTP_NONE	SLS_ENABLED	STO_N(n)	137 13	
2318	ITM_STO_M_x0	STOⓜ x₀	STOⓜ x₀	fnStore	REGISTER_M	0	0	CAT_NONE	PTP_NONE	SLS_ENABLED	STO_M(x_0)	137 14	
2319	ITM_STO_S_gamma	STOⓢ γ	STOⓢ γ	fnStore	REGISTER_S	0	0	CAT_NONE	PTP_NONE	SLS_ENABLED	STO_S(γ)	137 15	
2320	ITM_STO_M_nu	STOⓜ ν	STOⓜ ν	fnStore	REGISTER_M	0	0	CAT_NONE	PTP_NONE	SLS_ENABLED	STO_M(ν)	137 16	
2321	ITM_STO_R_lambda	STOⓡ λ	STOⓡ λ	fnStore	REGISTER_R	0	0	CAT_NONE	PTP_NONE	SLS_ENABLED	STO_R(λ)	137 17	
2322	ITM_STO_M_d1	STOⓜ d₁	STOⓜ d₁	fnStore	REGISTER_M	0	0	CAT_NONE	PTP_NONE	SLS_ENABLED	STO_M(d_1)	137 18	
2323	ITM_STO_N_d2	STOⓝ d₂	STOⓝ d₂	fnStore	REGISTER_N	0	0	CAT_NONE	PTP_NONE	SLS_ENABLED	STO_N(d_2)	137 19	
2324	ITM_STO_M_N	STOⓜ N	STOⓜ N	fnStore	REGISTER_M	0	0	CAT_NONE	PTP_NONE	SLS_ENABLED	STO_M(N)	137 20	
2325	ITM_STO_Q_K	STOⓠ K	STOⓠ K	fnStore	REGISTER_Q	0	0	CAT_NONE	PTP_NONE	SLS_ENABLED	STO_Q(K)	137 21	
2326	ITM_STO_M_mu	STOⓜ μ	STOⓜ μ	fnStore	REGISTER_M	0	0	CAT_NONE	PTP_NONE	SLS_ENABLED	STO_M(μ)	137 22	
2327	ITM_STO_S_sigma	STOⓢ σ	STOⓢ σ	fnStore	REGISTER_S	0	0	CAT_NONE	PTP_NONE	SLS_ENABLED	STO_S(σ)	137 23	
2328	ITM_STO_S_s	STOⓢ s	STOⓢ s	fnStore	REGISTER_S	0	0	CAT_NONE	PTP_NONE	SLS_ENABLED	STO_S(s)	137 24	
2329	ITM_STO_Q_alpha	STOⓠ α	STOⓠ α	fnStore	REGISTER_Q	0	0	CAT_NONE	PTP_NONE	SLS_ENABLED	STO_Q(α)	137 25	
2330	ITM_STO_Q_xi	STOⓠ ξ	STOⓠ ξ	fnStore	REGISTER_Q	0	0	CAT_NONE	PTP_NONE	SLS_ENABLED	STO_Q(ξ)	137 26	
2331	ITM_STO_Q_k	STOⓠ k	STOⓠ k	fnStore	REGISTER_Q	0	0	CAT_NONE	PTP_NONE	SLS_ENABLED	STO_Q(𝑘)	137 27	
2332	ITM_STO_S_lambda	STOⓢ λ	STOⓢ λ	fnStore	REGISTER_S	0	0	CAT_NONE	PTP_NONE	SLS_ENABLED	STO_S(λ)	137 28	
2333	ITM_STO_M_a	STOⓜ a	STOⓜ a	fnStore	REGISTER_M	0	0	CAT_NONE	PTP_NONE	SLS_ENABLED	STO_M(a)	137 29	
2334	ITM_STO_N_b	STOⓝ b	STOⓝ b	fnStore	REGISTER_N	0	0	CAT_NONE	PTP_NONE	SLS_ENABLED	STO_N(b)	137 30	
2336	ITM_REG_M	M	M	addItemToBuffer	REGISTER_M	0	0	CAT_REGS	PTP_DISABLED	SLS_UNCHANGED			
2337	ITM_REG_N	N	N	addItemToBuffer	REGISTER_N	0	0	CAT_REGS	PTP_DISABLED	SLS_UNCHANGED			
2338	ITM_REG_P	P	P	addItemToBuffer	REGISTER_P	0	0	CAT_REGS	PTP_DISABLED	SLS_UNCHANGED			
2339	ITM_REG_Q	Q	Q	addItemToBuffer	REGISTER_Q	0	0	CAT_REGS	PTP_DISABLED	SLS_UNCHANGED			
2340	ITM_REG_R	R	R	addItemToBuffer	REGISTER_R	0	0	CAT_REGS	PTP_DISABLED	SLS_UNCHANGED			
2341	ITM_REG_S	S	S	addItemToBuffer	REGISTER_S	0	0	CAT_REGS	PTP_DISABLED	SLS_UNCHANGED			
2342	ITM_REG_E	E	E	addItemToBuffer	REGISTER_E	0	0	CAT_REGS	PTP_DISABLED	SLS_UNCHANGED			
2343	ITM_REG_F	F	F	addItemToBuffer	REGISTER_F	0	0	CAT_REGS	PTP_DISABLED	SLS_UNCHANGED			
2344	ITM_REG_G	G	G	addItemToBuffer	REGISTER_G	0	0	CAT_REGS	PTP_DISABLED	SLS_UNCHANGED			
2345	ITM_REG_H	H	H	addItemToBuffer	REGISTER_H	0	0	CAT_REGS	PTP_DISABLED	SLS_UNCHANGED			
2346	ITM_REG_O	O	O	addItemToBuffer	REGISTER_O	0	0	CAT_REGS	PTP_DISABLED	SLS_UNCHANGED			
2347	ITM_REG_U	U	U	addItemToBuffer	REGISTER_U	0	0	CAT_REGS	PTP_DISABLED	SLS_UNCHANGED			
2348	ITM_REG_V	V	V	addItemToBuffer	REGISTER_V	0	0	CAT_REGS	PTP_DISABLED	SLS_UNCHANGED			
2349	ITM_REG_W	W	W	addItemToBuffer	REGISTER_W	0	0	CAT_REGS	PTP_DISABLED	SLS_UNCHANGED			
2350		M	M	addItemToBuffer	REGISTER_M	0	0	CAT_RVAR	PTP_DISABLED	SLS_UNCHANGED			
2351		N	N	addItemToBuffer	REGISTER_N	0	0	CAT_RVAR	PTP_DISABLED	SLS_UNCHANGED			
2352		P	P	addItemToBuffer	REGISTER_P	0	0	CAT_RVAR	PTP_DISABLED	SLS_UNCHANGED			
2353		Q	Q	addItemToBuffer	REGISTER_Q	0	0	CAT_RVAR	PTP_DISABLED	SLS_UNCHANGED			
2354		R	R	addItemToBuffer	REGISTER_R	0	0	CAT_RVAR	PTP_DISABLED	SLS_UNCHANGED			
2355		S	S	addItemToBuffer	REGISTER_S	0	0	CAT_RVAR	PTP_DISABLED	SLS_UNCHANGED			
2356		E	E	addItemToBuffer	REGISTER_E	0	0	CAT_RVAR	PTP_DISABLED	SLS_UNCHANGED			
2357		F	F	addItemToBuffer	REGISTER_F	0	0	CAT_RVAR	PTP_DISABLED	SLS_UNCHANGED			
2358		G	G	addItemToBuffer	REGISTER_G	0	0	CAT_RVAR	PTP_DISABLED	SLS_UNCHANGED			
2359		H	H	addItemToBuffer	REGISTER_H	0	0	CAT_RVAR	PTP_DISABLED	SLS_UNCHANGED			
2360		O	O	addItemToBuffer	REGISTER_O	0	0	CAT_RVAR	PTP_DISABLED	SLS_UNCHANGED			
2361		U	U	addItemToBuffer	REGISTER_U	0	0	CAT_RVAR	PTP_DISABLED	SLS_UNCHANGED			
2362		V	V	addItemToBuffer	REGISTER_V	0	0	CAT_RVAR	PTP_DISABLED	SLS_UNCHANGED			
2363		W	W	addItemToBuffer	REGISTER_W	0	0	CAT_RVAR	PTP_DISABLED	SLS_UNCHANGED			
2364	ITM_M_INSC	M.INSC	INSC	fnInsCol	NOPARAM	0	0	CAT_FNCT	PTP_DISABLED	SLS_ENABLED			
2365	ITM_M_DELC	M.DELC	DELC	fnDelCol	NOPARAM	0	0	CAT_FNCT	PTP_DISABLED	SLS_ENABLED			
2366	ITM_M_ADDR	M.ROW+1	ROW+1	fnAddRow	NOPARAM	0	0	CAT_FNCT	PTP_DISABLED	SLS_ENABLED			
2367	ITM_M_ADDC	M.COL+1	COL+1	fnAddCol	NOPARAM	0	0	CAT_FNCT	PTP_DISABLED	SLS_ENABLED			
2368	ITM_REALSLV	realSlv⧰	realSlv⧰	fnEqSolvGraph	EQ_REALSOLVE	0	0	CAT_FNCT	PTP_DISABLED	SLS_UNCHANGED			
2369	ITM_REALSLV_LU	realSlv	realSlv	fnEqSolvGraph	EQ_REALSOLVE_LU	0	0	CAT_FNCT	PTP_DISABLED	SLS_UNCHANGED			
2370	ITM_CPXSLV	cpxSlv⧰	cpxSlv⧰	fnEqSolvGraph	EQ_CPXSOLVE	0	0	CAT_FNCT	PTP_NONE	SLS_UNCHANGED	cpxSlvˣʸ	137 66	cpxSlv^(xy)
2371	ITM_CPXSLV_LU	cpxSlv	cpxSlv	fnEqSolvGraph	EQ_CPXSOLVE_LU	0	0	CAT_FNCT	PTP_NONE	SLS_UNCHANGED	cpxSlv	137 67	
2372	ITM_DRAW	Draw⧰	Draw⧰	fnEqSolvGraph	EQ_PLOT	0	0	CAT_FNCT	PTP_NONE	SLS_UNCHANGED	Draw_y^x	137 68	Drawu29f0
2373	ITM_DRAW_LU	Draw	Draw	fnEqSolvGraph	EQ_PLOT_LU	0	0	CAT_FNCT	PTP_NONE	SLS_UNCHANGED	Draw	137 69	
2377	ITM_FPHERE	Calc f'	Calc f'	fn1stDerivEq	NOPARAM	0	0	CAT_FNCT	PTP_NONE	SLS_UNCHANGED	Calc-f′	137 73	Calc-f'
2378	ITM_FPPHERE	Calc f"	Calc f"	fn2ndDerivEq	NOPARAM	0	0	CAT_FNCT	PTP_NONE	SLS_UNCHANGED	Calc-f″	137 74	Calc-f"
2379		cp/a	cp/a	fnTvmVar	RESERVED_VARIABLE_CPERONA	0	0	CAT_RVAR	PTP_NONE	SLS_UNCHANGED	cp/a	137 75	
2380	ITM_RCL_CPERonA	>cp/a<	>cp/a<	fnOldItemError	NOPARAM	0	0	CAT_NONE	PTP_NONE	SLS_UNCHANGED			
2383	ITM_x_SIGN		x	addItemToBuffer	ITM_x_SIGN	0	0	CAT_NONE	PTP_DISABLED	SLS_UNCHANGED			
2384	ITM_CPXPLOT	CXPLT	CXPLT	fnComplexPlot	ITM_CPXPLOT	0	0	CAT_NONE	PTP_DISABLED	SLS_UNCHANGED			
2385	ITM_PFACTORSMULT	M.FACT	M.FACT	fnEvPFacts	M_FACTORS	0	0	CAT_FNCT	PTP_NONE	SLS_ENABLED	M.FACT	137 81	
2386	ITM_EULPHI	ϕⓔ	ϕⓔ	fnEvPFacts	M_PHI_EUL	0	0	CAT_FNCT	PTP_NONE	SLS_ENABLED	φ_E	137 82	phi_E ϕE
2387	ITM_SAVEST	SAVEST	SAVEST	fnSave	SM_STATE_SAVE	0	0	CAT_FNCT	PTP_NONE	SLS_ENABLED	SAVEST	137 83	
2388	ITM_LOADST	LOADST	LOADST	fnLoad	LM_STATE_LOAD	0	0	CAT_FNCT	PTP_NONE	SLS_ENABLED	LOADST	137 84	
2389	ITM_SAVEAUT	SAVEAUT	SAVEAUT	fnSaveAuto	NOPARAM	0	0	CAT_FNCT	PTP_NONE	SLS_ENABLED	SAVEAUT	137 85	
2391	ITM_USER_R47f_g	f g	f g	fnKeysManagement	USER_R47f_g	0	0	CAT_NONE	PTP_DISABLED	SLS_UNCHANGED			
2392	ITM_USER_R47bk_fg	▢ ⧱	▢ ⧱	fnKeysManagement	USER_R47bk_fg	0	0	CAT_NONE	PTP_DISABLED	SLS_UNCHANGED			
2393	ITM_USER_R47fg_bk	⧱ ▢	⧱ ▢	fnKeysManagement	USER_R47fg_bk	0	0	CAT_NONE	PTP_DISABLED	SLS_UNCHANGED			
2394	ITM_USER_R47fg_g	⧱ g	⧱ g	fnKeysManagement	USER_R47fg_g	0	0	CAT_NONE	PTP_DISABLED	SLS_UNCHANGED			
2395	ITM_ELLIPSE	a,b→m	a,b→m	fnEllipse	NOPARAM	0	0	CAT_FNCT	PTP_NONE	SLS_ENABLED	a,b→m	137 91	a,b->m
2396	ITM_ANGLEQ	ANGLE?	ANGLE?	fnCheckAngle	NOPARAM	0	0	CAT_FNCT	PTP_NONE	SLS_ENABLED	ANGLE?	137 92	
2397	ITM_DATEQ	ⅅ?	ⅅ?	fnCheckType	dtDate	0	0	CAT_FNCT	PTP_NONE	SLS_ENABLED	𝔻?	137 93	D? Date? ⅅ?
2398	ITM_LINTQ	LINT?	LINT?	fnCheckType	dtLongInteger	0	0	CAT_FNCT	PTP_NONE	SLS_ENABLED	LongInt?	137 94	LINT?
2399	ITM_NUMBRQ	NUMBR?	NUMBR?	fnCheckNumber	NOPARAM	0	0	CAT_FNCT	PTP_NONE	SLS_ENABLED	Number?	137 95	NUMBR?
2400	ITM_SINTQ	SINT?	SINT?	fnCheckType	dtShortInteger	0	0	CAT_FNCT	PTP_NONE	SLS_ENABLED	ShortInt?	137 96	SINT?
2401	ITM_TIMEQ	ℸ?	ℸ?	fnCheckType	dtTime	0	0	CAT_FNCT	PTP_NONE	SLS_ENABLED	𝕋?	137 97	T? Time? ℸ?
2402	ITM_TYPEQ	TYPE	TYPE	fnGetType	NOPARAM	0	0	CAT_FNCT	PTP_NONE	SLS_ENABLED	TYPE	137 98	TYPE?
2404	ITM_EDIT	EDIT	EDIT	fnEdit	NOPARAM	0	0	CAT_FNCT	PTP_DISABLED	SLS_UNCHANGED			
2405	ITM_OPEN_MENU	OPENM	OPENM	fnOpenMenu	TM_MENU	0	0	CAT_FNCT	PTP_MENU	SLS_UNCHANGED	OPENM	137 101	
2408	ITM_MENUQ	MENU#	MENU#	fnGetMenu	NOPARAM	0	0	CAT_FNCT	PTP_NONE	SLS_ENABLED	MENU#	137 104	MENU?
2409	ITM_SIGMA0	σ₀	σ₀	fnEvPFacts	M_SIGMA_0	0	0	CAT_FNCT	PTP_NONE	SLS_ENABLED	σ₀	137 105	sigma_0 σ0
2410	ITM_SIGMA1	σ₁	σ₁	fnEvPFacts	M_SIGMA_1	0	0	CAT_FNCT	PTP_NONE	SLS_ENABLED	σ₁	137 106	sigma_1 σ1
2411	ITM_SIGMAk	σ⒦	σ⒦	fnEvPFacts	M_SIGMA_k	0	0	CAT_FNCT	PTP_NONE	SLS_ENABLED	σₖ	137 107	sigma_k σk
2412	ITM_SIGMAp1	σє	σє	fnEvPFacts	M_SIGMA_p1	0	0	CAT_FNCT	PTP_NONE	SLS_ENABLED	σ₁*	137 108	sigma_1^* σє
2413	ITM_SIGMApk	σѓ	σѓ	fnEvPFacts	M_SIGMA_pk	0	0	CAT_FNCT	PTP_NONE	SLS_ENABLED	σ*ₖ	137 109	sigma_k^* σѓ
2415	ITM_INDIRECT_X	→X	→X	addItemToBuffer	REGISTER_X	0	0	CAT_NONE	PTP_DISABLED	SLS_UNCHANGED			
2416	ITM_INDIRECT_Y	→Y	→Y	addItemToBuffer	REGISTER_Z	0	0	CAT_NONE	PTP_DISABLED	SLS_UNCHANGED			
2417	ITM_INDIRECT_Z	→Z	→Z	addItemToBuffer	REGISTER_Y	0	0	CAT_NONE	PTP_DISABLED	SLS_UNCHANGED			
2418	ITM_INDIRECT_T	→T	→T	addItemToBuffer	REGISTER_T	0	0	CAT_NONE	PTP_DISABLED	SLS_UNCHANGED			
2419	ITM_XSWAP	X.SWAP	X.SWAP	fnXSWAP	XSWAP	0	0	CAT_FNCT	PTP_NONE	SLS_ENABLED	X.SWAP	137 115	
2420	ITM_XEDIT	X.EDIT	X.EDIT	fnXSWAP	XEDIT	0	0	CAT_FNCT	PTP_NONE	SLS_ENABLED	X.EDIT	137 116	
2421	ITM_SUP_BOLD_T		ᵀ	addItemToBuffer	ITM_SUP_T	0	0	CAT_NONE	PTP_DISABLED	SLS_UNCHANGED			
2422	ITM_SUP_BOLD_f		ᶠ	itemToBeCoded	NOPARAM	0	0	CAT_NONE	PTP_DISABLED	SLS_UNCHANGED			
2423	ITM_SUP_BOLD_g		ᵍ	itemToBeCoded	NOPARAM	0	0	CAT_NONE	PTP_DISABLED	SLS_UNCHANGED			
2424	ITM_SUP_BOLD_h		ʰ	itemToBeCoded	NOPARAM	0	0	CAT_NONE	PTP_DISABLED	SLS_UNCHANGED			
2425	ITM_SUP_BOLD_r		ʳ	itemToBeCoded	NOPARAM	0	0	CAT_NONE	PTP_DISABLED	SLS_UNCHANGED			
2426	ITM_SUP_BOLD_x		ˣ	itemToBeCoded	NOPARAM	0	0	CAT_NONE	PTP_DISABLED	SLS_UNCHANGED			
2427	ITM_HOLLOW_UP_ARROW		⇧	addItemToBuffer	ITM_HOLLOW_UP_ARROW	0	0	CAT_NONE	PTP_DISABLED	SLS_UNCHANGED			
2428	ITM_HOLLOW_DOWN_ARROW		⇩	addItemToBuffer	ITM_HOLLOW_DOWN_ARROW	0	0	CAT_NONE	PTP_DISABLED	SLS_UNCHANGED			
2429	ITM_SPHERICAL_ANGLE		∢	addItemToBuffer	ITM_SPHERICAL_ANGLE	0	0	CAT_NONE	PTP_DISABLED	SLS_UNCHANGED			
2430	ITM_TRIPLE_INTEGRAL		∭	addItemToBuffer	ITM_TRIPLE_INTEGRAL	0	0	CAT_NONE	PTP_DISABLED	SLS_UNCHANGED			
2431	ITM_VOLUME_INTEGRAL		∰	addItemToBuffer	ITM_VOLUME_INTEGRAL	0	0	CAT_NONE	PTP_DISABLED	SLS_UNCHANGED			
2432	ITM_LEFT_BLOCKARROW		⭠	addItemToBuffer	ITM_LEFT_BLOCKARROW	0	0	CAT_NONE	PTP_DISABLED	SLS_UNCHANGED			
2433	ITM_UP_BLOCKARROW		⭡	addItemToBuffer	ITM_UP_BLOCKARROW	0	0	CAT_NONE	PTP_DISABLED	SLS_UNCHANGED			
2434	ITM_RIGHT_BLOCKARROW		⭢	addItemToBuffer	ITM_RIGHT_BLOCKARROW	0	0	CAT_NONE	PTP_DISABLED	SLS_UNCHANGED			
2435	ITM_DOWN_BLOCKARROW		⭣	addItemToBuffer	ITM_DOWN_BLOCKARROW	0	0	CAT_NONE	PTP_DISABLED	SLS_UNCHANGED			
2436	ITM_POWER_SYMBOL		⏻	addItemToBuffer	ITM_POWER_SYMBOL	0	0	CAT_NONE	PTP_DISABLED	SLS_UNCHANGED			
2437	ITM_u_BAR		΀	addItemToBuffer	ITM_u_BAR	0	0	CAT_FREE	PTP_DISABLED	SLS_UNCHANGED			
2438	ITM_v_BAR		΁	addItemToBuffer	ITM_v_BAR	0	0	CAT_FREE	PTP_DISABLED	SLS_UNCHANGED			
2439	ITM_w_BAR		΂	addItemToBuffer	ITM_w_BAR	0	0	CAT_FREE	PTP_DISABLED	SLS_UNCHANGED			
2440	ITM_z_BAR		΃	addItemToBuffer	ITM_z_BAR	0	0	CAT_FREE	PTP_DISABLED	SLS_UNCHANGED			
2441	ITM_v_CIRC		΋	addItemToBuffer	ITM_v_CIRC	0	0	CAT_FREE	PTP_DISABLED	SLS_UNCHANGED			
2442	ITM_z_CIRC		΍	addItemToBuffer	ITM_z_CIRC	0	0	CAT_FREE	PTP_DISABLED	SLS_UNCHANGED			
2443	ITM_u_CIRC2		΢	addItemToBuffer	ITM_u_CIRC2	0	0	CAT_FREE	PTP_DISABLED	SLS_UNCHANGED			
2444	ITM_theta_m		θ	addItemToBuffer	ITM_theta_m	0	0	CAT_NONE	PTP_DISABLED	SLS_UNCHANGED			
2445	ITM_j_CIRC		ĵ	addItemToBuffer	ITM_j_CIRC	0	0	CAT_NONE	PTP_DISABLED	SLS_UNCHANGED			
2446	ITM_k_CIRC		ķ	addItemToBuffer	ITM_k_CIRC	0	0	CAT_NONE	PTP_DISABLED	SLS_UNCHANGED			
2447	ITM_phi_m		ϕ	addItemToBuffer	ITM_phi_m	0	0	CAT_NONE	PTP_DISABLED	SLS_UNCHANGED			
2448	ITM_SUP_SLASH		∕	addItemToBuffer	ITM_SUP_SLASH	0	0	CAT_FREE	PTP_DISABLED	SLS_UNCHANGED			
2449	ITM_SUP_DOT		⸳	addItemToBuffer	ITM_SUP_DOT	0	0	CAT_FREE	PTP_DISABLED	SLS_UNCHANGED			
2450	ITM_SUP_COMMA		⸴	addItemToBuffer	ITM_SUP_COMMA	0	0	CAT_FREE	PTP_DISABLED	SLS_UNCHANGED			
2464	ITM_EVtoJ	eV→	eV→	fnUnitConvert	constFactoreVJ | multiply	0	0	CAT_NONE	PTP_NONE	SLS_ENABLED	eV→J	137 160	eV->J
2465	ITM_JtoEV	J→	J→	fnUnitConvert	constFactorJeV | divide	0	0	CAT_NONE	PTP_NONE	SLS_ENABLED	J→eV	137 161	J->eV
2466	ITM_BANANAtoINCH	Banana→	Banana→	fnUnitConvert	constFactorBananaInch | multiply	0	0	CAT_NONE	PTP_NONE	SLS_ENABLED	Banana→mm	137 162	Banana->mm
2467	ITM_INCHtoBANANA	in→	in→	fnUnitConvert	constFactorInchBanana | divide	0	0	CAT_NONE	PTP_NONE	SLS_ENABLED	mm→Banana	137 163	mm->Banana
2468	ITM_BANANAtoMM	Banana→	Banana→	fnUnitConvert	constFactorBananamm | multiply	0	0	CAT_NONE	PTP_NONE	SLS_ENABLED	Banana→inch	137 164	Banana->inch
2469	ITM_MMtoBANANA	mm→	mm→	fnUnitConvert	constFactormmBanana | divide	0	0	CAT_NONE	PTP_NONE	SLS_ENABLED	inch→Banana	137 165	inch->Banana
2470	ITM_V3toCYL	→CYL	→CYL	V3RectoToCyl	255	0	0	CAT_FNCT	PTP_NONE	SLS_ENABLED	𝑣̄₃→cyl	137 166	v-bar_3->cyl →CYL
2471	ITM_V3toSPH	→SPH	→SPH	V3RectoToSph	255	0	0	CAT_FNCT	PTP_NONE	SLS_ENABLED	𝑣̄₃→sph	137 167	v-bar_3->sph →SPH
2472	ITM_VVDIST	|| ͸-ȳ ||₂	|| ͸-ȳ ||₂	fnVectorDist	NOPARAM	0	0	CAT_FNCT	PTP_NONE	SLS_ENABLED	∥𝑥̄-𝑦̄∥_2	137 168	|v-v|_2 ||x-y||_2
2473	ITM_M_CONCAT_OLD	>CNCAT<	>CNCAT<	fnOldItemError	NOPARAM	0	0	CAT_NONE	PTP_NONE	SLS_ENABLED			
2474	ITM_STKtoV3_M	zyx → ΁₃ⓜ	zyx → ΁₃ⓜ	fnConvertStkToMx	VECT_CR_zyx	0	0	CAT_FNCT	PTP_NONE	SLS_ENABLED	𝑧𝑦𝑥→𝑣̄_(3M)	137 170	zyx->v-bar_(3M) →v-bar_(3M)
2475	ITM_STKtoV2	yx → ΁₂	yx → ΁₂	fnConvertStkToMx	VECT_CR_yx	0	0	CAT_FNCT	PTP_NONE	SLS_ENABLED	𝑦𝑥→𝑣̄₂	137 171	yx->v-bar_2 yx→v-bar_2
2476	ITM_V3toSTK_M	΁₃ → zyxⓜ	΁₃ → zyxⓜ	fnConvertMxToStk	VECT_CR_zyx	0	0	CAT_FNCT	PTP_NONE	SLS_ENABLED	𝑣̄₃→𝑧𝑦𝑥_M	137 172	v-bar_3->zyx_M →zyx_M
2477	ITM_V2toSTK	΁₂ → yx	΁₂ → yx	fnConvertMxToStk	VECT_CR_yx	0	0	CAT_FNCT	PTP_NONE	SLS_ENABLED	𝑣̄₂→𝑦𝑥	137 173	v-bar_2->yx
2478	ITM_M_CONCATB	M.CNCTB	CNCATB	itemToBeCoded	TM_REGISTER	0	99	CAT_FNCT	PTP_REGISTER	SLS_ENABLED	M.CNCTB	137 174	CNCATB
2479	ITM_V100	΁₃[100]	΁₃[100]	fnConvertStkToMx	VECT_CR_100	0	0	CAT_FNCT	PTP_NONE	SLS_ENABLED	𝑣̄₃[100]	137 175	v_3[100]
2480	ITM_V010	΁₃[010]	΁₃[010]	fnConvertStkToMx	VECT_CR_010	0	0	CAT_FNCT	PTP_NONE	SLS_ENABLED	𝑣̄₃[010]	137 176	v_3[010]
2481	ITM_V001	΁₃[001]	΁₃[001]	fnConvertStkToMx	VECT_CR_001	0	0	CAT_FNCT	PTP_NONE	SLS_ENABLED	𝑣̄₃[001]	137 177	v_3[001]
2482	ITM_RCLVEL1	RCLVEL₁	RCLVEL₁	fnRecallVElement	1	0	0	CAT_FNCT	PTP_NONE	SLS_ENABLED	RCLVEL₁	137 178	RCLVEL1 RCLVEL_1
2483	ITM_RCLVEL2	RCLVEL₂	RCLVEL₂	fnRecallVElement	2	0	0	CAT_FNCT	PTP_NONE	SLS_ENABLED	RCLVEL₂	137 179	RCLVEL2 RCLVEL_2
2484	ITM_RCLVEL3	RCLVEL₃	RCLVEL₃	fnRecallVElement	3	0	0	CAT_FNCT	PTP_NONE	SLS_ENABLED	RCLVEL₃	137 180	RCLVEL3 RCLVEL_3
2485	ITM_STOVEL1	STOVEL₁	STOVEL₁	fnStoreVElement	1	0	0	CAT_FNCT	PTP_NONE	SLS_ENABLED	STOVEL₁	137 181	STOVEL1 STOVEL_1
2486	ITM_STOVEL2	STOVEL₂	STOVEL₂	fnStoreVElement	2	0	0	CAT_FNCT	PTP_NONE	SLS_ENABLED	STOVEL₂	137 182	STOVEL2 STOVEL_2
2487	ITM_STOVEL3	STOVEL₃	STOVEL₃	fnStoreVElement	3	0	0	CAT_FNCT	PTP_NONE	SLS_ENABLED	STOVEL₃	137 183	STOVEL3 STOVEL_3
2488	ITM_STKtoV3_P	zyx → ΁₃ⓟ	zyx → ΁₃ⓟ	fnConvertStkToMx	VECT_CR_zxy	0	0	CAT_FNCT	PTP_NONE	SLS_ENABLED	𝑧𝑦𝑥→𝑣̄_(3P)	137 184	bf-zyx->v-bar_3 bf-zyx→v-bar_3
2489	ITM_V3toSTK_P	΁₃ → zyxⓟ	΁₃ → zyxⓟ	fnConvertMxToStk	VECT_CR_zxy	0	0	CAT_FNCT	PTP_NONE	SLS_ENABLED	𝑣̄₃→𝑧𝑦𝑥_P	137 185	v-bar_3->zyx_P →zyx_P
2490	ITM_V10	΁₂[10]	΁₂[10]	fnConvertStkToMx	VECT_CR_10	0	0	CAT_FNCT	PTP_NONE	SLS_ENABLED	𝑣̄₂[10]	137 186	v_2[10]
2491	ITM_V01	΁₂[01]	΁₂[01]	fnConvertStkToMx	VECT_CR_01	0	0	CAT_FNCT	PTP_NONE	SLS_ENABLED	𝑣̄₂[01]	137 187	v_2[01]
2492	ITM_CPXexV	ℂ↔ ΁₂	ℂ↔ ΁₂	fnComplexToVector	ITM_CPXexV	0	0	CAT_FNCT	PTP_NONE	SLS_ENABLED	ℂ↔𝑣̄₂	137 188	CPX<>v-bar_2 C↔v-bar_2
2493	ITM_CPXtoV	ℂ→ ΁₂	ℂ→ ΁₂	fnComplexToVector	ITM_CPXtoV	0	0	CAT_FNCT	PTP_NONE	SLS_ENABLED	ℂ→𝑣̄₂	137 189	CPX->v-bar_2 C→v-bar_2
2494	ITM_VtoCPX	΁₂→ℂ	΁₂→ℂ	fnComplexToVector	ITM_VtoCPX	0	0	CAT_FNCT	PTP_NONE	SLS_ENABLED	𝑣̄₂→ℂ	137 190	v-bar_2->CPX v-bar_2→C
2495	ITM_stkexV2	yx↔ ΁₂	yx↔ ΁₂	fnExchangeStkToMx	ITM_stkexV2	0	0	CAT_FNCT	PTP_DISABLED	SLS_ENABLED			
2496	ITM_stkexV3	zyx↔ ΁₃	zyx↔ ΁₃	fnExchangeStkToMx	ITM_stkexV3	0	0	CAT_FNCT	PTP_DISABLED	SLS_ENABLED			
2497	ITM_REGtoVEC	R⒩⒩→V	R⒩⒩→V	fnStoreVector	TM_REGISTER	0	99	CAT_FNCT	PTP_REGISTER	SLS_ENABLED	Rₙₙ→V	137 193	Rnn->V Rnn→V
2498	ITM_VECtoREG	V→R⒩⒩	V→R⒩⒩	fnRecallVector	TM_REGISTER	0	99	CAT_FNCT	PTP_REGISTER	SLS_ENABLED	V→Rₙₙ	137 194	V->Rnn V→Rnn
2500	ITM_CLKp2	CLK↵2	ⅅℸSET	fnPseudoMenu	(2<<14) + MNU_CLK	0	0	CAT_NONE	PTP_DISABLED	SLS_UNCHANGED			
2501	ITM_WOY_ISO	WOYⓘⓢⓞ	WOYⓘⓢⓞ	fnSetWeekOfYearRule	ITM_WOY_ISO	0	0	CAT_FNCT	PTP_NONE	SLS_ENABLED	WOY_(ISO)	137 197	WOYISO
2502	ITM_WOY_US	WOYⓤⓢ	WOYⓤⓢ	fnSetWeekOfYearRule	ITM_WOY_US	0	0	CAT_FNCT	PTP_NONE	SLS_ENABLED	WOY_(US)	137 198	WOYUS
2503	ITM_WOY_ME	WOYⓜⓔ	WOYⓜⓔ	fnSetWeekOfYearRule	ITM_WOY_ME	0	0	CAT_FNCT	PTP_NONE	SLS_ENABLED	WOY_(ME)	137 199	WOYME
2504	ITM_GET_WOY	WOY#	WOY#	fnGetWeekOfYearRule	NOPARAM	0	0	CAT_FNCT	PTP_NONE	SLS_ENABLED	WOY#	137 200	
2505	ITM_WOY	WOY	WOY	fnWeekOfYear	NOPARAM	0	0	CAT_FNCT	PTP_NONE	SLS_ENABLED	WOY	137 201	
2506	ITM_RIBBON_CPX	M.CPX	M.CPX	fnKeysManagement	ITM_RIBBON_CPX	0	0	CAT_FNCT	PTP_NONE	SLS_UNCHANGED	M.CPX	137 202	
2507	ITM_RIBBON_FIN	M.FIN	M.FIN	fnKeysManagement	ITM_RIBBON_FIN	0	0	CAT_FNCT	PTP_NONE	SLS_UNCHANGED	M.FIN	137 203	
2508	ITM_RIBBON_SAV	M.SAV	M.SAV	fnKeysManagement	ITM_RIBBON_SAV	0	0	CAT_FNCT	PTP_NONE	SLS_UNCHANGED	M.SAV	137 204	
2509	ITM_RIBBON_C47	M.C47	M.C47	fnKeysManagement	ITM_RIBBON_C47	0	0	CAT_FNCT	PTP_NONE	SLS_UNCHANGED	M.C47	137 205	
2510	ITM_RIBBON_C47PL	M.C47+	M.C47+	fnKeysManagement	ITM_RIBBON_C47PL	0	0	CAT_FNCT	PTP_NONE	SLS_UNCHANGED	M.C47+	137 206	
2511	ITM_RIBBON_R47	M.R47	M.R47	fnKeysManagement	ITM_RIBBON_R47	0	0	CAT_FNCT	PTP_NONE	SLS_UNCHANGED	M.R47	137 207	
2512	ITM_RIBBON_R47PL	M.R47+	M.R47+	fnKeysManagement	ITM_RIBBON_R47PL	0	0	CAT_FNCT	PTP_NONE	SLS_UNCHANGED	M.R47+	137 208	
2513	ITM_RIBBON_ENG	M.ENG	M.ENG	fnKeysManagement	ITM_RIBBON_ENG	0	0	CAT_FNCT	PTP_NONE	SLS_UNCHANGED	M.ENG	137 209	
2514	ITM_RIBBON_FIN2	M.FIN+	M.FIN+	fnKeysManagement	ITM_RIBBON_FIN2	0	0	CAT_FNCT	PTP_NONE	SLS_UNCHANGED	M.FIN+	137 210	
2515	ITM_RIBBON_SAV2	M.SAV+	M.SAV+	fnKeysManagement	ITM_RIBBON_SAV2	0	0	CAT_FNCT	PTP_NONE	SLS_UNCHANGED	M.SAV+	137 211	
2516	ITM_2516	M.2516	M.2516	itemToBeCoded	NOPARAM	0	0	CAT_FREE	PTP_DISABLED	SLS_UNCHANGED			
2517	ITM_2517	M.2517	M.2517	itemToBeCoded	NOPARAM	0	0	CAT_FREE	PTP_DISABLED	SLS_UNCHANGED			
2518	ITM_2518	M.2518	M.2518	itemToBeCoded	NOPARAM	0	0	CAT_FREE	PTP_DISABLED	SLS_UNCHANGED			
2519	ITM_2519	M.2519	M.2519	itemToBeCoded	NOPARAM	0	0	CAT_FREE	PTP_DISABLED	SLS_UNCHANGED			
2520	ITM_2520	M.2520	M.2520	itemToBeCoded	NOPARAM	0	0	CAT_FREE	PTP_DISABLED	SLS_UNCHANGED			
2521	ITM_2521	M.2521	M.2521	itemToBeCoded	NOPARAM	0	0	CAT_FREE	PTP_DISABLED	SLS_UNCHANGED			
2522	ITM_2522	M.2522	M.2522	itemToBeCoded	NOPARAM	0	0	CAT_FREE	PTP_DISABLED	SLS_UNCHANGED			
2523	ITM_2523	M.2523	M.2523	itemToBeCoded	NOPARAM	0	0	CAT_FREE	PTP_DISABLED	SLS_UNCHANGED			
2524	ITM_REALMATQ	ℝmatx?	ℝmatx?	fnCheckType	dtReal34Matrix	0	0	CAT_FNCT	PTP_NONE	SLS_ENABLED	ℝmatx?	137 220	Rmatx?
2525	ITM_COMPLEXMATQ	ℂmatx?	ℂmatx?	fnCheckType	dtComplex34Matrix	0	0	CAT_FNCT	PTP_NONE	SLS_ENABLED	ℂmatx?	137 221	CPXMAT? Cmatx?
2526	ITM_CONFIGQ	Config?	Config?	fnCheckType	dtConfig	0	0	CAT_FNCT	PTP_NONE	SLS_ENABLED	Config?	137 222	
2527	ITM_ISREZQ	Re=0?	Re=0?	fnCheckForZero	ITM_ISREZQ	0	0	CAT_FNCT	PTP_NONE	SLS_ENABLED	Re=0?	137 223	
2528	ITM_ISIMZQ	Im=0?	Im=0?	fnCheckForZero	ITM_ISIMZQ	0	0	CAT_FNCT	PTP_NONE	SLS_ENABLED	Im=0?	137 224	
2529	ITM_ISRENZQ	Re≠0?	Re≠0?	fnCheckForZero	ITM_ISRENZQ	0	0	CAT_FNCT	PTP_NONE	SLS_ENABLED	Re≠0?	137 225	Re!=0?
2530	ITM_ISIMNZQ	Im≠0?	Im≠0?	fnCheckForZero	ITM_ISIMNZQ	0	0	CAT_FNCT	PTP_NONE	SLS_ENABLED	Im≠0?	137 226	Im!=0?
2531	ITM_ISVECT2DQ	VECT2D?	VECT2D?	fnCheckIsVect2d	NOPARAM	0	0	CAT_FNCT	PTP_NONE	SLS_ENABLED	VECT2D?	137 227	
2532	ITM_ISVECT3DQ	VECT3D?	VECT3D?	fnCheckIsVect3d	NOPARAM	0	0	CAT_FNCT	PTP_NONE	SLS_ENABLED	VECT3D?	137 228	
2533	ITM_SI_Ki	·Ki	·Ki	fnMultiplySI	210	0	0	CAT_NONE	PTP_DISABLED	SLS_ENABLED			
2534	ITM_SI_Mi	·Mi	·Mi	fnMultiplySI	220	0	0	CAT_NONE	PTP_DISABLED	SLS_ENABLED			
2535	ITM_SI_Gi	·Gi	·Gi	fnMultiplySI	230	0	0	CAT_NONE	PTP_DISABLED	SLS_ENABLED			
2536	ITM_SI_Ti	·Ti	·Ti	fnMultiplySI	240	0	0	CAT_NONE	PTP_DISABLED	SLS_ENABLED			
2537	ITM_SI_Pi	·Pi	·Pi	fnMultiplySI	250	0	0	CAT_NONE	PTP_DISABLED	SLS_ENABLED			
2538	ITM_ALPHATRIM	αTRIM	αTRIM	fnAlphaTrim	TM_REGISTER	0	99	CAT_FNCT	PTP_REGISTER	SLS_ENABLED	αTRIM	137 234	
2539	ITM_ALPHAREV	αREV	αREV	fnAlphaRev	TM_REGISTER	0	99	CAT_FNCT	PTP_REGISTER	SLS_ENABLED	αREV	137 235	
2540	ITM_ALPHAMID	αMID	αMID	fnAlphaMid	TM_REGISTER	0	99	CAT_FNCT	PTP_REGISTER	SLS_ENABLED	αMID	137 236	
2541	ITM_ALPHALEFT	αLEFT	αLEFT	fnAlphaLeft	TM_REGISTER	0	99	CAT_FNCT	PTP_REGISTER	SLS_ENABLED	αLEFT	137 237	
2542	ITM_ALPHARIGHT	αRIGHT	αRIGHT	fnAlphaRight	TM_REGISTER	0	99	CAT_FNCT	PTP_REGISTER	SLS_ENABLED	αRIGHT	137 238	
2543	ITM_ALPHALOWER	αLOWER	αLOWER	fnAlphaLower	TM_REGISTER	0	99	CAT_FNCT	PTP_REGISTER	SLS_ENABLED	αLOWER	137 239	
2544	ITM_ALPHAUPPER	αUPPER	αUPPER	fnAlphaUpper	TM_REGISTER	0	99	CAT_FNCT	PTP_REGISTER	SLS_ENABLED	αUPPER	137 240	
2545		↑Est	↑Est	fnStore	RESERVED_VARIABLE_UEST	0	0	CAT_RVAR	PTP_DISABLED	SLS_UNCHANGED			
2546		↓Est	↓Est	fnStore	RESERVED_VARIABLE_LEST	0	0	CAT_RVAR	PTP_DISABLED	SLS_UNCHANGED			
2547		↑Y	↑Y	fnStore	RESERVED_VARIABLE_UY	0	0	CAT_RVAR	PTP_DISABLED	SLS_UNCHANGED			
2548		↓Y	↓Y	fnStore	RESERVED_VARIABLE_LY	0	0	CAT_RVAR	PTP_DISABLED	SLS_UNCHANGED			
2549	ITM_RNG	RNG	RNG	fnRange	TM_VALUE	0	6145	CAT_FNCT	PTP_NUMBER_16	SLS_ENABLED	RNG	137 245	
2550	ITM_YY_DFLT	YY	YY	fnYYDflt	TM_VALUE_TRK	0	9999	CAT_FNCT	PTP_NUMBER_16	SLS_ENABLED	YY	137 246	
2551	ITM_DENMAX2	DMX	DMX	fnDenMax	TM_VALUE_MAX	0	MAX_DENMAX	CAT_FNCT	PTP_NUMBER_16	SLS_ENABLED	DMX	137 247	
2553	ITM_BITSp2	BITS↵2	BITSHFT	fnPseudoMenu	(2<<14) + MNU_BITS	0	0	CAT_NONE	PTP_DISABLED	SLS_UNCHANGED			
2554	ITM_DEG2_XFN	X⇒DEG	X⇒DEG	S18_fnXXfn	ITM_DEG2_XFN	0	0		PTP_NONE	SLS_ENABLED	X⇒DEG	137 250	X=>DEG
2555	ITM_RAD2_XFN	X⇒RAD	X⇒RAD	S18_fnXXfn	ITM_RAD2_XFN	0	0		PTP_NONE	SLS_ENABLED	X⇒RAD	137 251	X=>RAD
2556	ITM_RDP_XFN	XRDP	XRDP	S18_fnXXfn_RDP	TM_VALUE	0	1034	CAT_FNCT	PTP_NUMBER_16	SLS_ENABLED	XRDP	137 252	
2557	ITM_RSD_XFN	XRSD	XRSD	S18_fnXXfn_RSD	TM_VALUE	0	1034	CAT_FNCT	PTP_NUMBER_16	SLS_ENABLED	XRSD	137 253	
2558	ITM_sin_XFN	XSIN	XSIN	S18_fnXXfn	ITM_sin_XFN	0	0		PTP_NONE	SLS_ENABLED	XSIN	137 254	
2559	ITM_cos_XFN	XCOS	XCOS	S18_fnXXfn	ITM_cos_XFN	0	0		PTP_NONE	SLS_ENABLED	XCOS	137 255	
2560	ITM_tan_XFN	XTAN	XTAN	S18_fnXXfn	ITM_tan_XFN	0	0		PTP_NONE	SLS_ENABLED	XTAN	138 0	
2561	ITM_pi_XFN	Xπ	Xπ	S18_fnXXfn	ITM_pi_XFN	0	0		PTP_NONE	SLS_ENABLED	Xπ	138 1	Xpi
2562	ITM_1ONX_XFN	X1/X	X1/X	S18_fnXXfn	ITM_1ONX_XFN	0	0		PTP_NONE	SLS_ENABLED	X1/X	138 2	
2563	ITM_atan2_XFN	XATAN2	XATAN2	S18_fnXXfn	ITM_atan2_XFN	0	0		PTP_NONE	SLS_ENABLED	XATAN2	138 3	
2564	ITM_arcsin_XFN	XASIN	XASIN	S18_fnXXfn	ITM_arcsin_XFN	0	0		PTP_NONE	SLS_ENABLED	XASIN	138 4	
2565	ITM_arccos_XFN	XACOS	XACOS	S18_fnXXfn	ITM_arccos_XFN	0	0		PTP_NONE	SLS_ENABLED	XACOS	138 5	
2566	ITM_arctan_XFN	XATAN	XATAN	S18_fnXXfn	ITM_arctan_XFN	0	0		PTP_NONE	SLS_ENABLED	XATAN	138 6	
2567	ITM_LN_XFN	XLN	XLN	S18_fnXXfn	ITM_LN_XFN	0	0		PTP_NONE	SLS_ENABLED	XLN	138 7	
2568	ITM_LOG_XFN	XLOG	XLOG	S18_fnXXfn	ITM_LOG_XFN	0	0		PTP_NONE	SLS_ENABLED	XLOG	138 8	
2569	ITM_EXP_XFN	Xⅇ^X	Xⅇ^X	S18_fnXXfn	ITM_EXP_XFN	0	0		PTP_NONE	SLS_ENABLED	Xℯˣ	138 9	Xe^x Xⅇ^X
2570	ITM_10X_XFN	X10^X	X10^X	S18_fnXXfn	ITM_10X_XFN	0	0		PTP_NONE	SLS_ENABLED	X10ˣ	138 10	X10^X
2571	ITM_POWER_XFN	XPOWER	XPOWER	S18_fnXXfn	ITM_POWER_XFN	0	0		PTP_NONE	SLS_ENABLED	XPOWER	138 11	
2572	ITM_SQRT_XFN	XSQRT	XSQRT	S18_fnXXfn	ITM_SQRT_XFN	0	0		PTP_NONE	SLS_ENABLED	XSQRT	138 12	
2573	ITM_ADD_XFN	XADD	XADD	S18_fnXXfn	ITM_ADD_XFN	0	0		PTP_NONE	SLS_ENABLED	XADD	138 13	
2574	ITM_SUB_XFN	XSUB	XSUB	S18_fnXXfn	ITM_SUB_XFN	0	0		PTP_NONE	SLS_ENABLED	XSUB	138 14	
2575	ITM_MULT_XFN	XMULT	XMULT	S18_fnXXfn	ITM_MULT_XFN	0	0		PTP_NONE	SLS_ENABLED	XMULT	138 15	
2576	ITM_DIV_XFN	XDIV	XDIV	S18_fnXXfn	ITM_DIV_XFN	0	0		PTP_NONE	SLS_ENABLED	XDIV	138 16	
2577	ITM_MOD_XFN	XMOD	XMOD	S18_fnXXfn	ITM_MOD_XFN	0	0		PTP_NONE	SLS_ENABLED	XMOD	138 17	
2578	ITM_MODANG_XFN	XMOD∡	XMOD∡	S18_fnXXfn	ITM_MODANG_XFN	0	0		PTP_NONE	SLS_ENABLED	XMOD∡	138 18	XMODang
2579	ITM_TO_XFN	X→XFN	X→XFN	S18_fnXXfn	ITM_TO_XFN	0	0		PTP_NONE	SLS_ENABLED	X→XFN	138 19	X->XFN
2580	ITM_CHS_XFN	XCHS	XCHS	S18_fnXXfn	ITM_CHS_XFN	0	0		PTP_NONE	SLS_ENABLED	XCHS	138 20	
2582	ITM_DRG_XFN	XDRG	XDRG	S18_fnXXfn	ITM_DRG_XFN	0	0		PTP_DISABLED	SLS_ENABLED			
2583	ITM_SQR_XFN	XSQR	XSQR	S18_fnXXfn	ITM_SQR_XFN	0	0		PTP_NONE	SLS_ENABLED	XSQR	138 23	
2584	ITM_XTHROOT_XFN	XXRTY	XXRTY	S18_fnXXfn	ITM_XTHROOT_XFN	0	0		PTP_NONE	SLS_ENABLED	XXRTY	138 24	
2585	ITM_3DUP	3DUP	3DUP	fnDupN	3	0	0	CAT_FNCT	PTP_NONE	SLS_ENABLED	3DUP	138 25	
2586	ITM_3SWAP	3SWAP	3SWAP	fnSwapN	3	0	0	CAT_FNCT	PTP_NONE	SLS_ENABLED	3SWAP	138 26	
2587	ITM_3DROP	3DROP	3DROP	fnDropN	3	0	0	CAT_FNCT	PTP_NONE	SLS_ENABLED	3DROP	138 27	
2588	ITM_3STO	3STO	3STO	fn3Sto	TM_REGISTER	0	97	CAT_FNCT	PTP_REGISTER	SLS_ENABLED	3STO	138 28	
2589	ITM_3RCL	3RCL	3RCL	fn3Rcl	TM_REGISTER	0	97	CAT_FNCT	PTP_REGISTER	SLS_ENABLED	3RCL	138 29	
2590	ITM_NDUP_OLD	>NDUP<	>NDUP<	fnOldItemError	NOPARAM	1	4	CAT_NONE	PTP_NONE	SLS_ENABLED			
2591	ITM_NSWAP_OLD	>NSWAP<	>NSWAP<	fnOldItemError	NOPARAM	1	4	CAT_NONE	PTP_NONE	SLS_ENABLED			
2592	ITM_NDROP_OLD	>NDROP<	>NDROP<	fnOldItemError	NOPARAM	1	8	CAT_NONE	PTP_NONE	SLS_ENABLED			
2593	ITM_2STO	2STO	2STO	fn2Sto	TM_REGISTER	0	97	CAT_FNCT	PTP_REGISTER	SLS_ENABLED	2STO	138 33	
2594	ITM_2RCL	2RCL	2RCL	fn2Rcl	TM_REGISTER	0	97	CAT_FNCT	PTP_REGISTER	SLS_ENABLED	2RCL	138 34	
2595	ITM_4SWAP	4SWAP	4SWAP	fnSwapN	4	0	0	CAT_FNCT	PTP_NONE	SLS_ENABLED	4SWAP	138 35	
2598	ITM_MtoTH	m→θ	m→θ	fnMtoTheta	NOPARAM	0	0	CAT_FNCT	PTP_NONE	SLS_ENABLED	m→θ	138 38	m->theta
2599	ITM_THtoM	θ→m	θ→m	fnThetatoM	NOPARAM	0	0	CAT_FNCT	PTP_NONE	SLS_ENABLED	θ→m	138 39	theta->m
2601	ITM_UNIFORMP	Unfm⒫	Unfm⒫	fnUniformP	0	0	0	CAT_FNCT	PTP_NONE	SLS_ENABLED	Unfm_p	138 41	Unfmp
2602	ITM_UNIFORML	Unfm◭	Unfm◭	fnUniformL	0	0	0	CAT_FNCT	PTP_NONE	SLS_ENABLED	UnfmLeft	138 42	Unfm◭
2603	ITM_UNIFORMU	Unfm◮	Unfm◮	fnUniformU	0	0	0	CAT_FNCT	PTP_NONE	SLS_ENABLED	UnfmRight	138 43	Unfm◮
2604	ITM_UNIFORMI	UnfmⅫⅡ	UnfmⅫⅡ	fnUniformI	0	0	0	CAT_FNCT	PTP_NONE	SLS_ENABLED	Unfm⁻¹	138 44	Unfm^-1 UnfmⅫ;1
2606	ITM_DISUNIFORMP	DisU⒫	DisU⒫	fnUniformP	1	0	0	CAT_FNCT	PTP_NONE	SLS_ENABLED	DisU_p	138 46	DisUp
2607	ITM_DISUNIFORML	DisU◭	DisU◭	fnUniformL	1	0	0	CAT_FNCT	PTP_NONE	SLS_ENABLED	DisULeft	138 47	DisU◭
2608	ITM_DISUNIFORMU	DisU◮	DisU◮	fnUniformU	1	0	0	CAT_FNCT	PTP_NONE	SLS_ENABLED	DisURight	138 48	DisU◮
2609	ITM_DISUNIFORMI	DisUⅫⅡ	DisUⅫⅡ	fnUniformI	1	0	0	CAT_FNCT	PTP_NONE	SLS_ENABLED	DisU⁻¹	138 49	DisU^-1 DisUu216b1
2620	ITM_NDUP	NDUP	nDUP	fnDupN	TM_VALUE	1	4	CAT_FNCT	PTP_NUMBER_8	SLS_ENABLED	NDUP	138 60	
2621	ITM_NSWAP	NSWAP	nSWAP	fnSwapN	TM_VALUE	1	4	CAT_FNCT	PTP_NUMBER_8	SLS_ENABLED	NSWAP	138 61	
2622	ITM_NDROP	NDROP	nDROP	fnDropN	TM_VALUE	1	8	CAT_FNCT	PTP_NUMBER_8	SLS_ENABLED	NDROP	138 62	DROPN
2623	ITM_MATX_A_1	op_AⅫⅡ	[AⅫⅡ]	fn_cnst_op_A	ITM_MATX_A_1	0	0	CAT_FNCT	PTP_NONE	SLS_UNCHANGED	[A⁻¹]	138 63	[A]^-1
2624	ITM_3R3P	3R↔3P	3R↔3P	fnTripleFlipPolar	NOPARAM	0	0	CAT_FNCT	PTP_NONE	SLS_UNCHANGED	3R⇄3P	138 64	3R<>3P 3R↔3P
2626	ITM_SetHP35	HP35	HP35	fnSetHP35	NOPARAM	0	0	CAT_NONE	PTP_DISABLED	SLS_UNCHANGED			
2627	ITM_SetC47	47	47	fnSetC47	NOPARAM	0	0	CAT_NONE	PTP_DISABLED	SLS_UNCHANGED			
2628	ITM_SetJM	JM	JM	fnSetJM	NOPARAM	0	0	CAT_NONE	PTP_DISABLED	SLS_UNCHANGED			
2629	ITM_SetRJ	RJ	RJ	fnSetRJ	NOPARAM	0	0	CAT_NONE	PTP_DISABLED	SLS_UNCHANGED			
2630	ITM_2630	2630_rsv	2630_rsv	itemToBeCoded	NOPARAM	0	0	CAT_FREE	PTP_DISABLED	SLS_UNCHANGED			
2631	ITM_2631	2631_rsv	2631_rsv	itemToBeCoded	NOPARAM	0	0	CAT_FREE	PTP_DISABLED	SLS_UNCHANGED			
2632	ITM_2632	2632_rsv	2632_rsv	itemToBeCoded	NOPARAM	0	0	CAT_FREE	PTP_DISABLED	SLS_UNCHANGED			
2633	ITM_2633	2633_rsv	2633_rsv	itemToBeCoded	NOPARAM	0	0	CAT_FREE	PTP_DISABLED	SLS_UNCHANGED			
2634	ITM_2634	2634_rsv	2634_rsv	itemToBeCoded	NOPARAM	0	0	CAT_FREE	PTP_DISABLED	SLS_UNCHANGED			
2635	ITM_2635	2635_rsv	2635_rsv	itemToBeCoded	NOPARAM	0	0	CAT_FREE	PTP_DISABLED	SLS_UNCHANGED			
2636	ITM_2636	2636_rsv	2636_rsv	itemToBeCoded	NOPARAM	0	0	CAT_FREE	PTP_DISABLED	SLS_UNCHANGED			
2637	ITM_2637	2637_rsv	2637_rsv	itemToBeCoded	NOPARAM	0	0	CAT_FREE	PTP_DISABLED	SLS_UNCHANGED			
2639	ITM_STORCL_IP	i%	i%	addItemToBuffer	RESERVED_VARIABLE_IP	0	0	CAT_NONE	PTP_DISABLED	SLS_UNCHANGED			
2640	ITM_STORCL_NPPER	n	n	addItemToBuffer	RESERVED_VARIABLE_NPPER	0	0	CAT_NONE	PTP_DISABLED	SLS_UNCHANGED			
2641	ITM_STORCL_IPonA	I/a	I/a	addItemToBuffer	RESERVED_VARIABLE_IPONA	0	0	CAT_NONE	PTP_DISABLED	SLS_UNCHANGED			
2642	ITM_STORCL_PV	PV	PV	addItemToBuffer	RESERVED_VARIABLE_PV	0	0	CAT_NONE	PTP_DISABLED	SLS_UNCHANGED			
2643	ITM_STORCL_FV	FV	FV	addItemToBuffer	RESERVED_VARIABLE_FV	0	0	CAT_NONE	PTP_DISABLED	SLS_UNCHANGED			
2644	ITM_STORCL_PMT	PMT	PMT	addItemToBuffer	RESERVED_VARIABLE_PMT	0	0	CAT_NONE	PTP_DISABLED	SLS_UNCHANGED			
2645	ITM_STORCL_PPERonA	pp/a	pp/a	addItemToBuffer	RESERVED_VARIABLE_PPERONA	0	0	CAT_NONE	PTP_DISABLED	SLS_UNCHANGED			
2646	ITM_STORCL_CPERonA	cp/a	cp/a	addItemToBuffer	RESERVED_VARIABLE_CPERONA	0	0	CAT_NONE	PTP_DISABLED	SLS_UNCHANGED			
2647	ITM_dddVEL1		…VEL₁	addItemToBuffer	ITM_dddVEL1	0	0	CAT_NONE	PTP_DISABLED	SLS_UNCHANGED			
2648	ITM_dddVEL2		…VEL₂	addItemToBuffer	ITM_dddVEL2	0	0	CAT_NONE	PTP_DISABLED	SLS_UNCHANGED			
2649	ITM_dddVEL3		…VEL₃	addItemToBuffer	ITM_dddVEL3	0	0	CAT_NONE	PTP_DISABLED	SLS_UNCHANGED			
2650	ITM_dddVEL		…VEL⒩⒩	addItemToBuffer	ITM_dddVEL	0	0	CAT_NONE	PTP_DISABLED	SLS_UNCHANGED			
2651	ITM_dddIX		INDEX	addItemToBuffer	ITM_dddIX	0	0	CAT_NONE	PTP_DISABLED	SLS_UNCHANGED			
2652	ITM_dddEL		… EL	addItemToBuffer	ITM_dddEL	0	0	CAT_NONE	PTP_DISABLED	SLS_UNCHANGED			
2653	ITM_dddIJ		… IJ	addItemToBuffer	ITM_dddIJ	0	0	CAT_NONE	PTP_DISABLED	SLS_UNCHANGED			
2654	ITM_Max		… Max	addItemToBuffer	ITM_Max	0	0	CAT_NONE	PTP_DISABLED	SLS_UNCHANGED			
2655	ITM_Min		… Min	addItemToBuffer	ITM_Min	0	0	CAT_NONE	PTP_DISABLED	SLS_UNCHANGED			
2656	ITM_Config		Config	addItemToBuffer	ITM_Config	0	0	CAT_NONE	PTP_DISABLED	SLS_UNCHANGED			
2657	ITM_Stack		Stack	addItemToBuffer	ITM_Stack	0	0	CAT_NONE	PTP_DISABLED	SLS_UNCHANGED			
2658	ITM_ERGtoJ	erg→	erg→	fnUnitConvert	constFactorErgJ | divide	0	0	CAT_NONE	PTP_NONE	SLS_ENABLED	erg→J	138 98	erg->J
2659	ITM_JtoERG	J→	J→	fnUnitConvert	constFactorErgJ | multiply	0	0	CAT_NONE	PTP_NONE	SLS_ENABLED	J→erg	138 99	J->erg
2660	ITM_FoetoJ	foe→	foe→	fnUnitConvert	constFactorFoeJ | divide	0	0	CAT_NONE	PTP_NONE	SLS_ENABLED	foe→J	138 100	foe->J
2661	ITM_JtoFoe	J→	J→	fnUnitConvert	constFactorFoeJ | multiply	0	0	CAT_NONE	PTP_NONE	SLS_ENABLED	J→foe	138 101	J->foe
2662	ITM_LR_A0	LR:a0	LR:a0	fnProcessLR	1	0	0	CAT_FNCT	PTP_NONE	SLS_ENABLED	LR:a0	138 102	
2663	ITM_LR_A1	LR:a1	LR:a1	fnProcessLR	2	0	0	CAT_FNCT	PTP_NONE	SLS_ENABLED	LR:a1	138 103	YINT b y-intercept
2664	ITM_LR_A2	LR:a2	LR:a2	fnProcessLR	4	0	0	CAT_FNCT	PTP_NONE	SLS_ENABLED	LR:a2	138 104	SLOPE m
2665	ITM_CtoK	°C→	°C→	fnCvtTemp	2	0	0	CAT_NONE	PTP_NONE	SLS_ENABLED	°C→K	138 105	C->K
2666	ITM_KtoC	K→	K→	fnCvtTemp	3	0	0	CAT_NONE	PTP_NONE	SLS_ENABLED	K→°C	138 106	K->C
2667	ITM_RAtoK	°R→	°R→	fnCvtTemp	4	0	0	CAT_NONE	PTP_NONE	SLS_ENABLED	°R→K	138 107	R->K
2668	ITM_KtoRA	K→	K→	fnCvtTemp	5	0	0	CAT_NONE	PTP_NONE	SLS_ENABLED	K→°R	138 108	K->R
2669	ITM_RAtoF	°R→	°R→	fnCvtTemp	6	0	0	CAT_NONE	PTP_NONE	SLS_ENABLED	°R→°F	138 109	R->F
2670	ITM_FtoRA	°F→	°F→	fnCvtTemp	7	0	0	CAT_NONE	PTP_NONE	SLS_ENABLED	°F→°R	138 110	F->R
2671	ITM_EVKBtoK	eV/kⓑ→	eV/kⓑ→	fnCvtTemp	8	0	0	CAT_NONE	PTP_NONE	SLS_ENABLED	eV/k_B→K	138 111	eV/kB->K eV/kB→K;
2672	ITM_KtoEVKB	K→	K→	fnCvtTemp	9	0	0	CAT_NONE	PTP_NONE	SLS_ENABLED	K→eV/k_B	138 112	K->eV/kB K→;eV/kB;
2673	ITM_FtoK	°F→	°F→	fnCvtTemp	10	0	0	CAT_NONE	PTP_NONE	SLS_ENABLED	°F→K	138 113	F->K
2674	ITM_KtoF	K→	K→	fnCvtTemp	11	0	0	CAT_NONE	PTP_NONE	SLS_ENABLED	K→°F	138 114	K->F
2682	ITM_PRINTERALPHA	⎙α	⎙α	fnP_Alpha	TM_REGISTER	0	99	CAT_FNCT	PTP_REGISTER	SLS_ENABLED	🖨α	138 122	Printu03B1 ⎙α
2683	ITM_PRINTERHP	82240	82240	fnSetPrinter	PRINTER_HP	0	0	CAT_FNCT	PTP_DISABLED	SLS_ENABLED			
2684	ITM_PRINTERMARTEL	Martel	Martel	fnSetPrinter	PRINTER_MARTEL	0	0	CAT_FNCT	PTP_DISABLED	SLS_ENABLED			
2685	ITM_PRINTEROTHER	Other	Other	fnSetPrinter	PRINTER_OTHER	0	0	CAT_NONE	PTP_DISABLED	SLS_ENABLED			
2686	ITM_PRINTERDLAYQ	⎙DLAY#	⎙DLAY#	fnP_GetDelay	NOPARAM	0	0	CAT_NONE	PTP_DISABLED	SLS_ENABLED			
2687	ITM_PRINTERON	⎙ON	⎙ON	fnP_PrinterOnOff	PRON	0	0	CAT_FNCT	PTP_NONE	SLS_ENABLED	🖨ON	138 127	PrintON ⎙ON
2688	ITM_PRINTEROFF	⎙OFF	⎙OFF	fnP_PrinterOnOff	PROFF	0	0	CAT_FNCT	PTP_NONE	SLS_ENABLED	🖨OFF	138 128	PrintOFF ⎙OFF
2689	ITM_MAN	MAN	MAN	fnP_PrinterMode	MAN	0	0	CAT_FNCT	PTP_NONE	SLS_ENABLED	MAN	138 129	
2690	ITM_NORM	NORM	NORM	fnP_PrinterMode	NORM	0	0	CAT_FNCT	PTP_NONE	SLS_ENABLED	NORM	138 130	
2691	ITM_TRACE	TRACE	TRACE	fnP_PrinterMode	TRACE	0	0	CAT_FNCT	PTP_NONE	SLS_UNCHANGED	TRACE	138 131	
2692	ITM_STRACE	STRACE	STRACE	fnP_PrinterMode	STRACE	0	0	CAT_FNCT	PTP_NONE	SLS_UNCHANGED	STRACE	138 132	
2693	ITM_PRINTERLIST	⎙LIST	⎙LIST	fnP_PrinterList	TM_VALUE	0	9999	CAT_FNCT	PTP_DISABLED	SLS_UNCHANGED			
2694	ITM_PRINTERXFN	⎙XFN	⎙XFN	S18_fnP_All_Regs	PRN_XFN	0	0	CAT_FNCT	PTP_NONE	SLS_UNCHANGED	🖨XFN	138 134	PrintXFN ⎙XFN
2695	ITM_PRINTERCHAR	⎙CHAR	⎙CHAR	fnP_Char	TM_REGISTER	0	99	CAT_FNCT	PTP_REGISTER	SLS_ENABLED	🖨CHAR	138 135	PrintCHAR ⎙CHAR
2696	ITM_PRINTERTAB	⎙TAB	⎙TAB	fnP_Tab	TM_VALUE	0	166	CAT_FNCT	PTP_NUMBER_16	SLS_ENABLED	🖨TAB	138 136	PrintTAB ⎙TAB
2697	ITM_PRINTERHASH	⎙#	⎙#	fnP_Byte	TM_VALUE	0	255	CAT_FNCT	PTP_NUMBER_16	SLS_ENABLED	🖨#	138 137	Print# PrintByte ⎙#
2699	ITM_PRINT_ALL_ITEMS	⎙ITEMS	⎙ITEMS	fnP_PrintAllItems	NOPARAM	0	0	CAT_NONE	PTP_DISABLED	SLS_UNCHANGED			
2700	ITM_3DPHYS	3DPHYS	3DPHYS	fnFlipFlag	FLAG_3DPHYS	0	99	CAT_NONE	PTP_NONE	SLS_ENABLED	3DPHYS	138 140	
2701	ITM_3DXYZ	3Dxyz	3Dxyz	fnFlipFlag	FLAG_3DXYZ	0	99	CAT_NONE	PTP_NONE	SLS_ENABLED	3DXYZ	138 141	
2702	ITM_STKtoV3	zyx → ΁₃	zyx → ΁₃	fnConvertStkToMx	VECT_CR_AUT	0	0	CAT_FNCT	PTP_NONE	SLS_ENABLED	𝑧𝑦𝑥→𝑣̄₃	138 142	zyx->v-bar_3
2703	ITM_V3toSTK	΁₃ → zyx	΁₃ → zyx	fnConvertMxToStk	VECT_CR_AUT	0	0	CAT_FNCT	PTP_NONE	SLS_ENABLED	𝑣̄₃→𝑧𝑦𝑥	138 143	v-bar_3->zyx
2704	ITM_PNORM	|| x ||⒫	|| x ||⒫	fnPNorm	TM_VALUE_NORM	0	9	CAT_FNCT	PTP_NUMBER_16	SLS_ENABLED	‖𝑥‖_𝑝	138 144	||x||_p ||x||p
2705	ITM_NNZ	NNZ	NNZ	fnPNorm	pNorm_0_NNZ	0	0	CAT_FNCT	PTP_NONE	SLS_ENABLED	NNZ	138 145	
2706	ITM_CNORM	CNORM	CNORM	fnPNorm	pNorm_1_CNORM	0	0	CAT_FNCT	PTP_NONE	SLS_ENABLED	CNORM	138 146	
2710	ITM_CSUM	CSUM	CSUM	fnRowColSum	0	0	0	CAT_FNCT	PTP_NONE	SLS_ENABLED	CSUM	138 150	
2712	ITM_M_CC	M.C⇄C	C⇄C	fnSwapColumns	NOPARAM	0	0	CAT_FNCT	PTP_NONE	SLS_ENABLED	M.C⇄C	138 152	C⇄C
2713	ITM_M_CMAX	M.CMAX	CMAX	fnColumnMax	NOPARAM	0	0	CAT_FNCT	PTP_NONE	SLS_ENABLED	M.CMAX	138 153	CMAX
2714	ITM_M_CMIN	M.CMIN	CMIN	fnColumnMin	NOPARAM	0	0	CAT_FNCT	PTP_NONE	SLS_ENABLED	M.CMIN	138 154	CMIN
2715	ITM_M_FIND	M.FIND	FIND	fnMatrixFind	NOPARAM	0	0	CAT_FNCT	PTP_NONE	SLS_ENABLED	M.FIND	138 155	FIND
2716	ITM_AMORT_P1	P1	P1	fnAmortP	1	0	0	CAT_FNCT	PTP_DISABLED	SLS_UNCHANGED			
2717	ITM_AMORT_P2	P2	P2	fnAmortP	2	0	0	CAT_FNCT	PTP_DISABLED	SLS_UNCHANGED			
2718	ITM_AMORT_INT	ΣINT	ΣINT	fnAmortInt	NOPARAM	0	0	CAT_FNCT	PTP_DISABLED	SLS_UNCHANGED			
2719	ITM_AMORT_PRN	ΣPRN	ΣPRN	fnAmortPrn	NOPARAM	0	0	CAT_FNCT	PTP_DISABLED	SLS_UNCHANGED			
2720	ITM_AMORT_BAL	BAL	BAL	fnAmortBal	NOPARAM	0	0	CAT_FNCT	PTP_DISABLED	SLS_UNCHANGED			
2721	ITM_AMORT_NXT	NXTPER	NXTPER	fnAmortNext	NOPARAM	0	0	CAT_FNCT	PTP_DISABLED	SLS_UNCHANGED			
2726	ITM_MIDENT	M.IDENT	IDENT	fnMatrixIdentity	NOPARAM	0	0	CAT_FNCT	PTP_NONE	SLS_ENABLED	M.IDENT	138 166	IDENT
2727	ITM_M_SQRT	M.SQRT	MSQRT	fnMatrixSquareRoot	NOPARAM	0	0	CAT_FNCT	PTP_NONE	SLS_ENABLED	M.SQRT	138 167	MSQRT
2728	ITM_RCLVEL	RCLVEL	RCLVEL	fnRecallVElement	TM_VALUE	0	4096	CAT_FNCT	PTP_NUMBER_16	SLS_UNCHANGED	RCLVEL	138 168	
2729	ITM_STOVEL	STOVEL	STOVEL	fnStoreVElement	TM_VALUE	0	4096	CAT_FNCT	PTP_NUMBER_16	SLS_UNCHANGED	STOVEL	138 169	
2730	ITM_M_ALL	M.ALL	M.ALL	SetSetting	FLAG_M_ALL	0	0	CAT_FNCT	PTP_DISABLED	SLS_UNCHANGED			
2731	ITM_PL_2L	2LINE	2LINE	fnP2line	NOPARAM	0	0	CAT_NONE	PTP_DISABLED	SLS_UNCHANGED			
2732	ITM_PGMPLT	PGMPLT	PGMPLT	fnPgmPlt	TM_LBLONLY	0	99	CAT_FNCT	PTP_LABEL	SLS_ENABLED	PGMPLT	138 172	
2734	ITM_PLTf	PLT f	PLT f	fnMvarPlot	TM_SOLVE	0	99	CAT_FNCT	PTP_REGISTER	SLS_ENABLED	PLTf	138 174	PLT f
2735	ITM_IMPLOT	IMPLT	IMPLT	fnComplexPlot	ITM_IMPLOT	0	0	CAT_NONE	PTP_DISABLED	SLS_UNCHANGED			
2737	ITM_M_DIMNQ	M.DIMN#	DIMN#	fnGetMatrixDimensions	TM_REGISTER	0	99	CAT_FNCT	PTP_REGISTER	SLS_ENABLED	M.DIMN#	138 177	DIMN#
2739	ITM_M_CONCATR	M.CNCTR	CNCATR	itemToBeCoded	TM_REGISTER	0	99	CAT_FNCT	PTP_REGISTER	SLS_ENABLED	M.CNCTR	138 179	CNCATR
2741	ITM_GET_GRAMOD	GRMOD#	GRMOD#	fnGetGRAMOD	NOPARAM	0	0	CAT_FNCT	PTP_NONE	SLS_ENABLED	GRMOD#	138 181	
2742	ITM_SET_GRAMOD	GRMOD	GRMOD	fnSetGRAMOD	REGISTER_X	0	99	CAT_FNCT	PTP_NONE	SLS_ENABLED	GRMOD	138 182	
2743	ITM_KNOTtoMPS	knot→	knot→	fnUnitConvert	constFactorKnotMps | multiply	0	0	CAT_NONE	PTP_NONE	SLS_ENABLED	knot→m/s	138 183	knot->m/s
2744	ITM_MPStoKNOT	m/s→	m/s→	fnUnitConvert	constFactorKnotMps | divide	0	0	CAT_NONE	PTP_NONE	SLS_ENABLED	m/s→knot	138 184	m/s->knot
2745	ITM_DEGPStoRADPS	deg/s→	deg/s→	fnUnitConvert	constFactor180onPi | divide	0	0	CAT_NONE	PTP_NONE	SLS_ENABLED	deg/s→rad/s	138 185	deg/s->rad/s
2746	ITM_RADPStoDEGPS	rad/s→	rad/s→	fnUnitConvert	constFactor180onPi | multiply	0	0	CAT_NONE	PTP_NONE	SLS_ENABLED	rad/s→deg/s	138 186	rad/s->deg/s
2747	ITM_SLUGtoKG	slug→	slug→	fnUnitConvert	constFactorSlugKg | multiply	0	0	CAT_NONE	PTP_NONE	SLS_ENABLED	slug→kg	138 187	slug->kg
2748	ITM_KGtoSLUG	kg→	kg→	fnUnitConvert	constFactorSlugKg | divide	0	0	CAT_NONE	PTP_NONE	SLS_ENABLED	kg→slug	138 188	kg->slug
2749	ITM_SLINCHtoKG	slinch→	slinch→	fnUnitConvert	constFactorSlinchKg | multiply	0	0	CAT_NONE	PTP_NONE	SLS_ENABLED	slinch→kg	138 189	slinch->kg
2750	ITM_KGtoSLINCH	kg→	kg→	fnUnitConvert	constFactorSlinchKg | divide	0	0	CAT_NONE	PTP_NONE	SLS_ENABLED	kg→slinch	138 190	kg->slinch
2751	ITM_BLOBtoKG	blob→	blob→	fnUnitConvert	constFactorBlobKg | multiply	0	0	CAT_NONE	PTP_NONE	SLS_ENABLED	blob→kg	138 191	blob->kg
2752	ITM_KGtoBLOB	kg→	kg→	fnUnitConvert	constFactorBlobKg | divide	0	0	CAT_NONE	PTP_NONE	SLS_ENABLED	kg→blob	138 192	kg->blob
2753	ITM_TONNEtoKG	tonne→	tonne→	fnUnitConvert	constFactorTonneKg | multiply	0	0	CAT_NONE	PTP_NONE	SLS_ENABLED	tonne→kg	138 193	tonne->kg
2754	ITM_KGtoTONNE	kg→	kg→	fnUnitConvert	constFactorTonneKg | divide	0	0	CAT_NONE	PTP_NONE	SLS_ENABLED	kg→tonne	138 194	kg->tonne
2755	ITM_SIGMAnINF	∞∑⒩	∞∑⒩	INF_fnSumInf	INF_TM	0	99		PTP_LABEL	SLS_ENABLED	∞Σₙ	138 195	∞Σ_n ∞∑n
2757	ITM_XEXPORT	EXPxfnx	EXPxfnx	fnSaveXFNRegister	NOPARAM	0	97	CAT_FNCT	PTP_NONE	SLS_UNCHANGED	EXPxfnx	138 197	
2758	ITM_EXPATOW	EXPltr	EXPltr	fnSaveLetteredRegisters	NOPARAM	0	0	CAT_FNCT	PTP_NONE	SLS_UNCHANGED	EXPltr	138 198	
2759	ITM_EXPSTK	EXPstk	EXPstk	fnSaveStackRegisters	NOPARAM	0	0	CAT_FNCT	PTP_NONE	SLS_UNCHANGED	EXPstk	138 199	
2760	ITM_EXPNREG	EXPnrg	EXPnrg	fnSaveNRegisters	TM_VALUE	0	126	CAT_FNCT	PTP_NUMBER_8	SLS_UNCHANGED	EXPnrg	138 200	
2761	ITM_EXPX	EXPreg	EXPreg	fnSaveRegister	TM_REGISTER	0	99	CAT_FNCT	PTP_REGISTER	SLS_UNCHANGED	EXPreg	138 201	
2762	ITM_IMPREGS	IMPORTr	IMPORTr	fnLoadRegisters	NOPARAM	0	0	CAT_FNCT	PTP_NONE	SLS_UNCHANGED	IMPORTr	138 202	
2763	ITM_GET_ADM	ADM#	ADM#	fnGetADM	NOPARAM	0	0	CAT_FNCT	PTP_NONE	SLS_ENABLED	ADM#	138 203	
2764	ITM_SET_ADM	ADM	ADM	fnSetADM	REGISTER_X	0	99	CAT_FNCT	PTP_NONE	SLS_ENABLED	ADM	138 204	
2765	ITM_SET_ISM	ISM	ISM	fnSetISM	REGISTER_X	0	99	CAT_FNCT	PTP_NONE	SLS_ENABLED	ISM	138 205	
2766	ITM_GET_REALDF	DF#	DF#	fnGetREALDF	NOPARAM	0	0	CAT_FNCT	PTP_NONE	SLS_ENABLED	DF#	138 206	
2767	ITM_SET_REALDF	DF	DF	fnSetREALDF	REGISTER_X	0	99	CAT_FNCT	PTP_NONE	SLS_ENABLED	DF	138 207	
2768	ITM_GET_NDEC	NDEC#	NDEC#	fnGetNDEC	NOPARAM	0	0	CAT_FNCT	PTP_NONE	SLS_ENABLED	NDEC#	138 208	
2769	ITM_SET_NDEC	NDEC	NDEC	fnSetNDEC	REGISTER_X	0	99	CAT_FNCT	PTP_NONE	SLS_ENABLED	NDEC	138 209	
2770	ITM_SET_DMX	DMXX	DMXX	fnSetDMX	REGISTER_X	0	1	CAT_FNCT	PTP_NONE	SLS_ENABLED	DMXX	138 210	
2771	ITM_CLD	CLD	CLD	fnClDisplay	NOPARAM	0	0	CAT_FNCT	PTP_NONE	SLS_ENABLED	CLD	138 211	
2772	ITM_CLLCD	CLLCD	CLLCD	fnClLcd	CLLCD_FULL	0	0	CAT_FNCT	PTP_NONE	SLS_ENABLED	CLLCD	138 212	
2773	ITM_CLALPHA	CLα	CLα	fnClearAlpha	TM_REGISTER	0	99	CAT_FNCT	PTP_REGISTER	SLS_ENABLED	CLα	138 213	
2774	ITM_ALPHAIP	αIP	αIP	fnAlphaIP	TM_REGISTER	0	99	CAT_FNCT	PTP_REGISTER	SLS_ENABLED	αIP	138 214	
2775	ITM_42STRING	42α	42α	fn42Alpha	TM_STRING	0	0	CAT_FNCT	PTP_REM	SLS_ENABLED	42α	138 215	
2776	ITM_42APPEND	42⊢	42⊢	fn42Append	TM_STRING	0	0	CAT_FNCT	PTP_REM	SLS_ENABLED	42⊢	138 216	42├ ⊢ ├
2777	ITM_42ARCL	42ARCL	42ARCL	fn42AlphaRecall	TM_REGISTER	0	99	CAT_FNCT	PTP_REGISTER	SLS_ENABLED	42ARCL	138 217	ARCL
2778	ITM_42ASTO	42ASTO	42ASTO	fn42AlphaStore	TM_REGISTER	0	99	CAT_FNCT	PTP_REGISTER	SLS_ENABLED	42ASTO	138 218	ASTO
2779	ITM_42AROT	42AROT	42AROT	fn42AlphaRotate	NOPARAM	0	0	CAT_FNCT	PTP_NONE	SLS_ENABLED	42AROT	138 219	AROT
2780	ITM_42ASHF	42ASHF	42ASHF	fn42AlphaShift	NOPARAM	0	0	CAT_FNCT	PTP_NONE	SLS_ENABLED	42ASHF	138 220	ASHF
2781	ITM_42ROTXY	42ROTXY	42ROTXY	itemToBeCoded	NOPARAM	0	0	CAT_FREE	PTP_DISABLED	SLS_UNCHANGED			
2782	ITM_42BITQ	42BIT?	42BIT?	itemToBeCoded	NOPARAM	0	0	CAT_FREE	PTP_DISABLED	SLS_UNCHANGED			
2785	ITM_XtoALPHA	x→α	x→α	fnXToAlpha	TM_REGISTER	0	99	CAT_FNCT	PTP_REGISTER	SLS_ENABLED	𝑥→α	138 225	XTOA x->alpha x→α
2786	ITM_42AIP	42AIP	42AIP	fn42Aip	NOPARAM	0	0	CAT_FNCT	PTP_NONE	SLS_ENABLED	42AIP	138 226	AIP
2787	ITM_42ALENG	42ALENG	42ALENG	fn42Aleng	NOPARAM	0	0	CAT_FNCT	PTP_NONE	SLS_ENABLED	42ALENG	138 227	ALENG
2788	ITM_42ATOX	42ATOX	42ATOX	fn42Atox	NOPARAM	0	0	CAT_FNCT	PTP_NONE	SLS_ENABLED	42ATOX	138 228	ATOX
2789	ITM_42AVIEW	42AVIEW	42AVIEW	fn42Aview	NOPARAM	0	0	CAT_FNCT	PTP_NONE	SLS_ENABLED	42AVIEW	138 229	AVIEW
2790	ITM_42CLA	42CLA	42CLA	fn42Cla	NOPARAM	0	0	CAT_FNCT	PTP_NONE	SLS_ENABLED	42CLA	138 230	CLA
2791	ITM_42POSA	42POSA	42POSA	fn42Posa	NOPARAM	0	0	CAT_FNCT	PTP_NONE	SLS_ENABLED	42POSA	138 231	POSA
2792	ITM_42PRA	42PRA	42PRA	fn42Pra	NOPARAM	0	0	CAT_FNCT	PTP_NONE	SLS_ENABLED	42PRA	138 232	PRA
2793	ITM_42XTOA	42XTOA	42XTOA	fn42Xtoa	NOPARAM	0	0	CAT_FNCT	PTP_NONE	SLS_ENABLED	42XTOA	138 233	XTOA
2794	ITM_42KEY	42KEY	42KEY	fnKeyGtoXeq	TM_VALUE	1	21	CAT_NONE	PTP_KEYG_KEYX	SLS_UNCHANGED	42KEY	138 234	KEY
2795	ITM_42KEYG	42KEYG	42KEYG	fnKeyGto	TM_KEY	1	21	CAT_FNCT	PTP_DISABLED	SLS_UNCHANGED			
2796	ITM_42KEYX	42KEYX	42KEYX	fnKeyXeq	TM_KEY	1	21	CAT_FNCT	PTP_DISABLED	SLS_UNCHANGED			
2797	ITM_42VRMNU	42VRMNU	42VRMNU	fn42VarMnu	TM_LBLONLY	0	99	CAT_FNCT	PTP_LABEL	SLS_UNCHANGED	42VRMNU	138 237	VARMENU
2798	ITM_42PROMPT	42PRMPT	42PRMPT	fn42Prompt	NOPARAM	0	0	CAT_FNCT	PTP_NONE	SLS_UNCHANGED	42PRMPT	138 238	PROMPT
2800	ITM_LBSFT2toPA	lbf/ftⅢ→	lbf/ftⅢ→	fnUnitConvert	constFactorLbsft2Pa | multiply	0	0	CAT_NONE	PTP_NONE	SLS_ENABLED	lbf/ft²→Pa	138 240	lbf/ft^2->Pa
2801	ITM_PAtoLBSFT2	Pa→	Pa→	fnUnitConvert	constFactorLbsft2Pa | divide	0	0	CAT_NONE	PTP_NONE	SLS_ENABLED	Pa→lbf/ft²	138 241	Pa->lbf/ft^2
2802	ITM_INLBStoNM	in·lbf→	in·lbf→	fnUnitConvert	constFactorInlbsNm | multiply	0	0	CAT_NONE	PTP_NONE	SLS_ENABLED	in·lbf→N·m	138 242	in.lbf->N.m
2803	ITM_NMtoINLBS	N·m→	N·m→	fnUnitConvert	constFactorInlbsNm | divide	0	0	CAT_NONE	PTP_NONE	SLS_ENABLED	N·m→in·lbf	138 243	N.m->in.lbf
2804	ITM_LBSFTtoNPM	lbf/ft→	lbf/ft→	fnUnitConvert	constFactorLbsftNpm | multiply	0	0	CAT_NONE	PTP_NONE	SLS_ENABLED	lbf/ft→N/m	138 244	lbf/ft->N/m
2805	ITM_NPMtoLBSFT	N/m→	N/m→	fnUnitConvert	constFactorLbsftNpm | divide	0	0	CAT_NONE	PTP_NONE	SLS_ENABLED	N/m→lbf/ft	138 245	N/m->lbf/ft
2806	ITM_KGFtoN	kgf→	kgf→	fnUnitConvert	constFactorKgfN | multiply	0	0	CAT_NONE	PTP_NONE	SLS_ENABLED	kgf→N	138 246	kgf->N
2807	ITM_NtoKGF	N→	N→	fnUnitConvert	constFactorKgfN | divide	0	0	CAT_NONE	PTP_NONE	SLS_ENABLED	N→kgf	138 247	N->kgf
2808	ITM_MS2toFTS2	m/sⅢ→	m/sⅢ→	fnUnitConvert	constFactorFtM | divide	0	0	CAT_NONE	PTP_NONE	SLS_ENABLED	m/s²→ft/s²	138 248	m/s^2->ft/s^2
2809	ITM_FTS2toMS2	ft/sⅢ→	ft/sⅢ→	fnUnitConvert	constFactorFtM | multiply	0	0	CAT_NONE	PTP_NONE	SLS_ENABLED	ft/s²→m/s²	138 249	ft/s^2->m/s^2
2810	ITM_MS2toINS2	m/sⅢ→	m/sⅢ→	fnUnitConvert	constFactorInchM | divide	0	0	CAT_NONE	PTP_NONE	SLS_ENABLED	m/s²→in/s²	138 250	m/s^2->in/s^2
2811	ITM_INS2toMS2	in/sⅢ→	in/sⅢ→	fnUnitConvert	constFactorInchM | multiply	0	0	CAT_NONE	PTP_NONE	SLS_ENABLED	in/s²→m/s²	138 251	in/s^2->m/s^2
2812	ITM_KSItoMPA	ksi→	ksi→	fnUnitConvert	constFactorKsiMpa | multiply	0	0	CAT_NONE	PTP_NONE	SLS_ENABLED	ksi→MPa	138 252	ksi->MPa
2813	ITM_MPAtoKSI	MPa→	MPa→	fnUnitConvert	constFactorKsiMpa | divide	0	0	CAT_NONE	PTP_NONE	SLS_ENABLED	MPa→ksi	138 253	MPa->ksi
2814	ITM_LBSIN3toBLOBIN3	lbs/inⅣ→	lbs/inⅣ→	fnUnitConvert	constFactorLbsBlob | divide	0	0	CAT_NONE	PTP_NONE	SLS_ENABLED	lbs/in³→blob/in³	138 254	lbs/in^3->blob/in^3
2815	ITM_BLOBIN3toLBSIN3	blob/inⅣ→	blob/inⅣ→	fnUnitConvert	constFactorLbsBlob | multiply	0	0	CAT_NONE	PTP_NONE	SLS_ENABLED	blob/in³→lbs/in³	138 255	blob/in^3->lbs/in^3
2816	ITM_LBSIN3toTMM3	lbs/inⅣ→	lbs/inⅣ→	fnUnitConvert	constFactorLbsin3Tmm3 | multiply	0	0	CAT_NONE	PTP_NONE	SLS_ENABLED	lbs/in³→t/mm³	139 0	lbs/in^3->t/mm^3
2817	ITM_TMM3toLBSIN3	t/mmⅣ→	t/mmⅣ→	fnUnitConvert	constFactorLbsin3Tmm3 | divide	0	0	CAT_NONE	PTP_NONE	SLS_ENABLED	t/mm³→lbs/in³	139 1	t/mm^3->lbs/in^3
2818	ITM_LBSIN3toKGM3	lbs/inⅣ→	lbs/inⅣ→	fnUnitConvert	constFactorLbsin3Kgm3 | multiply	0	0	CAT_NONE	PTP_NONE	SLS_ENABLED	lbs/in³→kg/m³	139 2	lbs/in^3->kg/m^3
2819	ITM_KGM3toLBSIN3	kg/mⅣ→	kg/mⅣ→	fnUnitConvert	constFactorLbsin3Kgm3 | divide	0	0	CAT_NONE	PTP_NONE	SLS_ENABLED	kg/m³→lbs/in³	139 3	kg/m^3->lbs/in^3
2820	ITM_KGM3toBLOBIN3	kg/mⅣ→	kg/mⅣ→	fnUnitConvert	constFactorKgm3Blobin3 | multiply	0	0	CAT_NONE	PTP_NONE	SLS_ENABLED	kg/m³→blob/in³	139 4	kg/m^3->blob/in^3
2821	ITM_BLOBIN3toKGM3	blob/inⅣ→	blob/inⅣ→	fnUnitConvert	constFactorKgm3Blobin3 | divide	0	0	CAT_NONE	PTP_NONE	SLS_ENABLED	blob/in³→kg/m³	139 5	blob/in^3->kg/m^3
2822	ITM_KGM3toTMM3	kg/mⅣ→	kg/mⅣ→	fnUnitConvert	constFactorKgm3Tmm3 | multiply	0	0	CAT_NONE	PTP_NONE	SLS_ENABLED	kg/m³→t/mm³	139 6	kg/m^3->t/mm^3
2823	ITM_TMM3toKGM3	t/mmⅣ→	t/mmⅣ→	fnUnitConvert	constFactorKgm3Tmm3 | divide	0	0	CAT_NONE	PTP_NONE	SLS_ENABLED	t/mm³→kg/m³	139 7	t/mm^3->kg/m^3
2824	ITM_LBFTtoKGM	lbs/ft→	lbs/ft→	fnUnitConvert	constFactorLbsftKgm | multiply	0	0	CAT_NONE	PTP_NONE	SLS_ENABLED	lbs/ft→kg/m	139 8	lbs/ft->kg/m
2825	ITM_KGMtoLBFT	kg/m→	kg/m→	fnUnitConvert	constFactorLbsftKgm | divide	0	0	CAT_NONE	PTP_NONE	SLS_ENABLED	kg/m→lbs/ft	139 9	kg/m->lbs/ft
2826	ITM_IN3toMM3	inⅣ→	inⅣ→	fnUnitConvert	constFactorIn3Mm3 | multiply	0	0	CAT_NONE	PTP_NONE	SLS_ENABLED	in³→mm³	139 10	in^3->mm^3
2827	ITM_MM3toIN3	mmⅣ→	mmⅣ→	fnUnitConvert	constFactorIn3Mm3 | divide	0	0	CAT_NONE	PTP_NONE	SLS_ENABLED	mm³→in³	139 11	mm^3->in^3
2828	ITM_IN2toMM2	inⅢ→	inⅢ→	fnUnitConvert	constFactorIn2Mm2 | multiply	0	0	CAT_NONE	PTP_NONE	SLS_ENABLED	in²→mm²	139 12	in^2->mm^2
2829	ITM_MM2toIN2	mmⅢ→	mmⅢ→	fnUnitConvert	constFactorIn2Mm2 | divide	0	0	CAT_NONE	PTP_NONE	SLS_ENABLED	mm²→in²	139 13	mm^2->in^2
2830	ITM_IN4toMM4	inⅤ→	inⅤ→	fnUnitConvert	constFactorIn4Mm4 | multiply	0	0	CAT_NONE	PTP_NONE	SLS_ENABLED	in⁴→mm⁴	139 14	in^4->mm^4
2831	ITM_MM4toIN4	mmⅤ→	mmⅤ→	fnUnitConvert	constFactorIn4Mm4 | divide	0	0	CAT_NONE	PTP_NONE	SLS_ENABLED	mm⁴→in⁴	139 15	mm^4->in^4
2832	ITM_IN6toMM6	inⅦ→	inⅦ→	fnUnitConvert	constFactorIn6Mm6 | multiply	0	0	CAT_NONE	PTP_NONE	SLS_ENABLED	in⁶→mm⁶	139 16	in^6->mm^6
2833	ITM_MM6toIN6	mmⅦ→	mmⅦ→	fnUnitConvert	constFactorIn6Mm6 | divide	0	0	CAT_NONE	PTP_NONE	SLS_ENABLED	mm⁶→in⁶	139 17	mm^6->in^6
2834	ITM_KGFPMtoNPM	kgf/m→	kgf/m→	fnUnitConvert	constFactorKgmNpm | multiply	0	0	CAT_NONE	PTP_NONE	SLS_ENABLED	kgf/m→N/m	139 18	kgf/m->N/m
2835	ITM_NPMtoKGFPM	N/m→	N/m→	fnUnitConvert	constFactorKgmNpm | divide	0	0	CAT_NONE	PTP_NONE	SLS_ENABLED	N/m→kgf/m	139 19	N/m->kgf/m
2836	ITM_KGFtoLBF	kgf→	kgf→	fnUnitConvert	constFactorLbfKgf | divide	0	0	CAT_NONE	PTP_NONE	SLS_ENABLED	kgf→lbf	139 20	kgf->lbf
2837	ITM_LBFtoKGF	lbf→	lbf→	fnUnitConvert	constFactorLbfKgf | multiply	0	0	CAT_NONE	PTP_NONE	SLS_ENABLED	lbf→kgf	139 21	lbf->kgf
2838	ITM_UNSLUGtoKG	lbf·sⅢ/ft→	lbf·sⅢ/ft→	fnUnitConvert	constFactorSlugKg | multiply	0	0	CAT_NONE	PTP_NONE	SLS_ENABLED	lbf·s²/ft→kg	139 22	lbf.s^2/ft->kg
2839	ITM_KGtoUNSLUG	kg→	kg→	fnUnitConvert	constFactorSlugKg | divide	0	0	CAT_NONE	PTP_NONE	SLS_ENABLED	kg→lbf·s²/ft	139 23	kg->lbf.s^2/ft
2840	ITM_UNSLINCHtoKG	lbf·sⅢ/in→	lbf·sⅢ/in→	fnUnitConvert	constFactorSlinchKg | multiply	0	0	CAT_NONE	PTP_NONE	SLS_ENABLED	lbf·s²/in→kg	139 24	lbf.s^2/in->kg
2841	ITM_KGtoUNSLINCH	kg→	kg→	fnUnitConvert	constFactorSlinchKg | divide	0	0	CAT_NONE	PTP_NONE	SLS_ENABLED	kg→lbf·s²/in	139 25	kg->lbf.s^2/in
2844	ITM_EXPFLN	EXPFLn	EXPFLn	fnSaveGlobalFlags	TM_VALUE	0	112	CAT_FNCT	PTP_NONE	SLS_UNCHANGED	EXPFLn	139 28	
2845	ITM_EXPLFLN	EXPLFLn	EXPLFLn	fnSaveLocalFlags	TM_VALUE	0	32	CAT_FNCT	PTP_NONE	SLS_UNCHANGED	EXPLFLn	139 29	
2846	ITM_EXPSFL	EXPSFL	EXPSFL	fnSaveSystemFlags	NOPARAM	0	0	CAT_FNCT	PTP_NONE	SLS_UNCHANGED	EXPSFL	139 30	
2850	ITM_XGEP0	x≤-0?	x≤-0?	fnCheckLessEqualMinusZero	NOPARAM	0	0	CAT_FNCT	PTP_NONE	SLS_ENABLED	𝑥≤-0?	139 34	x<=-0? x≤-0?
2851	ITM_XLEM0	x≥+0?	x≥+0?	fnCheckGreaterEqualPlusZero	NOPARAM	0	0	CAT_FNCT	PTP_NONE	SLS_ENABLED	𝑥≥+0?	139 35	x>=+0? x≥+0?
2852	ITM_PLTFCNS	PLTFCNS	PLTFCNS	fnPseudoMenu	(1<<14) + MNU_PLOT_FUNC	0	0	CAT_FNCT	PTP_NONE	SLS_UNCHANGED	PLTFCNS	139 36	
2860	ITM_MPHtoKNOT	mph→	mph→	fnUnitConvert	constFactorMphKnot | multiply	0	0	CAT_NONE	PTP_NONE	SLS_ENABLED	mph→knot	139 44	mph->knot
2861	ITM_KNOTtoMPH	knot→	knot→	fnUnitConvert	constFactorMphKnot | divide	0	0	CAT_NONE	PTP_NONE	SLS_ENABLED	knot→mph	139 45	knot->mph
2862	ITM_MPHtoFPS	mph→	mph→	fnUnitConvert	constFactorMphFps | multiply	0	0	CAT_NONE	PTP_NONE	SLS_ENABLED	mph→ft/s	139 46	mph->ft/s
2863	ITM_FPStoMPH	ft/s→	ft/s→	fnUnitConvert	constFactorMphFps | divide	0	0	CAT_NONE	PTP_NONE	SLS_ENABLED	ft/s→mph	139 47	ft/s->mph
2864	ITM_MGEUStoK100K	mge␮→	mge␮→	fnUnitConvert	constFactorMgeusK100K | invert | multiply	0	0	CAT_NONE	PTP_NONE	SLS_ENABLED	mge_(US)→E/hkm	139 48	mge-US->E/hkm mge␮→
2865	ITM_K100KtoMGEUS	E/hkm→	kWh/100km→	fnUnitConvert	constFactorMgeusK100K | invert | multiply	0	0	CAT_NONE	PTP_NONE	SLS_ENABLED	E/hkm→mge_(US)	139 49	E/hkm->mge-US kWh/100km→
2866	ITM_MGEUKtoK100K	mge␭→	mge␭→	fnUnitConvert	constFactorMgeukK100K | invert | multiply	0	0	CAT_NONE	PTP_NONE	SLS_ENABLED	mge_(UK)→E/hkm	139 50	mge-UK->E/hkm mge␭→
2867	ITM_K100KtoMGEUK	E/hkm→	kWh/100km→	fnUnitConvert	constFactorMgeukK100K | invert | multiply	0	0	CAT_NONE	PTP_NONE	SLS_ENABLED	E/hkm→mge_(UK)	139 51	E/hkm->mge-UK kWh/100km→
2868	ITM_MIKtoK100K	mi/E→	mi/kWh→	fnUnitConvert	constFactorMikK100K | invert | multiply	0	0	CAT_NONE	PTP_NONE	SLS_ENABLED	mi/E→E/hkm	139 52	mi/E->E/hkm mi/kWh→
2869	ITM_K100KtoMIK	E/hkm→	kWh/100km→	fnUnitConvert	constFactorMikK100K | invert | multiply	0	0	CAT_NONE	PTP_NONE	SLS_ENABLED	E/hkm→mi/E	139 53	E/hkm->mi/E kWh/100km→
2870	ITM_DEGtoMIL	deg→	deg→	fnUnitConvert	constFactorDegMil | multiply	0	0	CAT_NONE	PTP_NONE	SLS_ENABLED	deg→mil∡	139 54	deg->mil deg→mil
2871	ITM_MILtoDEG	mil∡→	mil∡→	fnUnitConvert	constFactorDegMil | divide	0	0	CAT_NONE	PTP_NONE	SLS_ENABLED	mil∡→deg	139 55	mil->deg mil→deg
2872	ITM_DEGtoARCSEC	deg→	deg→	fnUnitConvert	constFactorDegArcsec | multiply	0	0	CAT_NONE	PTP_NONE	SLS_ENABLED	deg→arcsec	139 56	deg->arcsec
2873	ITM_ARCSECtoDEG	arcsec→	arcsec→	fnUnitConvert	constFactorDegArcsec | divide	0	0	CAT_NONE	PTP_NONE	SLS_ENABLED	arcsec→deg	139 57	arcsec->deg
2874	ITM_DEGtoMRAD	deg→	deg→	fnUnitConvert	constFactorDegMrad | multiply	0	0	CAT_NONE	PTP_NONE	SLS_ENABLED	deg→mrad	139 58	deg->mrad
2875	ITM_MRADtoDEG	mrad→	mrad→	fnUnitConvert	constFactorDegMrad | divide	0	0	CAT_NONE	PTP_NONE	SLS_ENABLED	mrad→deg	139 59	mrad->deg
2880	ITM_MWtoDBM	mW→	mW→	fnCvtRatioDb	10	0	0	CAT_NONE	PTP_NONE	SLS_ENABLED	mW→dBm	139 64	mW->dBm
2881	ITM_DBMtoMW	dBm→	dBm→	fnCvtDbRatio	10	0	0	CAT_NONE	PTP_NONE	SLS_ENABLED	dBm→mW	139 65	dBm->mW
2882	ITM_PGMDRV	PGMDRV	PGMDRV	fnPgmDrv	TM_LBLONLY	0	99	CAT_FNCT	PTP_LABEL	SLS_ENABLED	PGMDRV	139 66	
2883	ITM_F1DRV	f'	f'	fn1stDerivVar	TM_SOLVE	0	99	CAT_FNCT	PTP_REGISTER	SLS_ENABLED	f'(𝑥)	139 67	f' f'(x)
2884	ITM_F2DRV	f"	f"	fn2ndDerivVar	TM_SOLVE	0	99	CAT_FNCT	PTP_REGISTER	SLS_ENABLED	f"(𝑥)	139 68	f" f"(x)
2885	ITM_WtoDBW	W→	W→	fnCvtRatioDb	10	0	0	CAT_NONE	PTP_NONE	SLS_ENABLED	W→dBW	139 69	W->dBW
2886	ITM_DBWtoW	dBW→	dBW→	fnCvtDbRatio	10	0	0	CAT_NONE	PTP_NONE	SLS_ENABLED	dBW→W	139 70	dBW->W
2887	ITM_VtoDBV	V→	V→	fnCvtRatioDb	20	0	0	CAT_NONE	PTP_NONE	SLS_ENABLED	V→dBV	139 71	V->dBV
2888	ITM_DBVtoV	dBV→	dBV→	fnCvtDbRatio	20	0	0	CAT_NONE	PTP_NONE	SLS_ENABLED	dBV→V	139 72	dBV->V
2920	ITM_IF	IF	IF	fnIf	NOPARAM	0	0	CAT_FNCT	PTP_SKIP_BACK	SLS_UNCHANGED	IF	139 104	
2921	ITM_ELSE	ELSE	ELSE	fnElse	NOPARAM	0	0	CAT_FNCT	PTP_SKIP_BACK	SLS_UNCHANGED	ELSE	139 105	
2922	ITM_ENDIF	ENDIF	ENDIF	fnEndif	NOPARAM	0	0	CAT_FNCT	PTP_SKIP_BACK	SLS_UNCHANGED	ENDIF	139 106	
2923		STRUCT	STRUCT	itemToBeCoded	NOPARAM	0	0	CAT_MENU	PTP_DISABLED	SLS_UNCHANGED			
2924	ITM_DO	DO	DO	fnDo	NOPARAM	0	0	CAT_FNCT	PTP_SKIP_BACK	SLS_UNCHANGED	DO	139 108	
2925	ITM_WHILE	WHILE	WHILE	fnWhile	NOPARAM	0	0	CAT_FNCT	PTP_SKIP_BACK	SLS_UNCHANGED	WHILE	139 109	
2926	ITM_ENDDO	ENDDO	ENDDO	fnEnddo	NOPARAM	0	0	CAT_FNCT	PTP_SKIP_BACK	SLS_UNCHANGED	ENDDO	139 110	
2927	ITM_FOR	FOR	FOR	fnFor	TM_STORCL	0	99	CAT_FNCT	PTP_REGISTER	SLS_ENABLED	FOR	139 111	
2928	ITM_NEXT	NEXT	NEXT	fnNext	TM_STORCL	0	99	CAT_FNCT	PTP_REGISTER	SLS_UNCHANGED	NEXT	139 112	
2929	ITM_FORx	FORⓧ	FORⓧ	fnForNotChecked	TM_STORCL	0	99	CAT_NONE	PTP_REGISTER	SLS_ENABLED	FORₓ	139 113	FOR_x FORⓧ
2930	ITM_NEXTx	NEXTⓧ	NEXTⓧ	fnForNotChecked	TM_STORCL	0	99	CAT_NONE	PTP_REGISTER	SLS_UNCHANGED	NEXTₓ	139 114	NEXT_x NEXTⓧ
2931	ITM_VALID	VALID	VALID	fnValid	NOPARAM	0	0	CAT_FNCT	PTP_DISABLED	SLS_UNCHANGED			
2932	ITM_AUTOVALID	AVALID	AVALID	SetSetting	FLAG_AUTOVALID	0	0	CAT_FNCT	PTP_DISABLED	SLS_UNCHANGED			
2933	ITM_FORYX	FOR⧰	FOR⧰	fnForYx	TM_STORCL	0	99	CAT_FNCT	PTP_REGISTER	SLS_ENABLED	FOR𝑦ˣ	139 117	FOR⧰
2934	ITM_FORYXx	FOR⧰ⓧ	FOR⧰ⓧ	fnForNotChecked	TM_STORCL	0	99	CAT_NONE	PTP_REGISTER	SLS_ENABLED	FOR𝑦ˣₓ	139 118	FOR⧰ⓧ
2935	ITM_REPEAT	REPEAT	REPEAT	fnRepeat	NOPARAM	0	0	CAT_FNCT	PTP_SKIP_BACK	SLS_UNCHANGED	REPEAT	139 119	
2936	ITM_UNTIL	UNTIL	UNTIL	fnUntil	NOPARAM	0	0	CAT_FNCT	PTP_SKIP_BACK	SLS_UNCHANGED	UNTIL	139 120	
2937	ITM_CLSTRUC	CLSTRUC	CLSTRUC	fnClearStructures	NOPARAM	0	0	CAT_FNCT	PTP_DISABLED	SLS_UNCHANGED			
2938	ITM_FORTOP	FORⓉⓄⓅ	FORⓉⓄⓅ	fnForTop	TM_STORCL	0	99	CAT_FNCT	PTP_REGISTER	SLS_ENABLED	FORᵀᴼᴾ	139 122	FORⓉⓄⓅ
2939	ITM_FORTOPx	FORⓉⓄⓅⓧ	FORⓉⓄⓅⓧ	fnForNotChecked	TM_STORCL	0	99	CAT_NONE	PTP_REGISTER	SLS_ENABLED	FORᵀᴼᴾₓ	139 123	FORⓉⓄⓅⓧ
2945			Tam	itemToBeCoded	NOPARAM	0	0	CAT_NONE	PTP_DISABLED	SLS_UNCHANGED			
2946			TamAlpha	itemToBeCoded	NOPARAM	0	0	CAT_NONE	PTP_DISABLED	SLS_UNCHANGED			
2947			TamCmp	itemToBeCoded	NOPARAM	0	0	CAT_NONE	PTP_DISABLED	SLS_UNCHANGED			
2948			TamFlag	itemToBeCoded	NOPARAM	0	0	CAT_NONE	PTP_DISABLED	SLS_UNCHANGED			
2949			TamIndirect	itemToBeCoded	NOPARAM	0	0	CAT_NONE	PTP_NONE	SLS_UNCHANGED			
2950			TamLabel	itemToBeCoded	NOPARAM	0	0	CAT_NONE	PTP_DISABLED	SLS_UNCHANGED			
2951			TamLblOnly	itemToBeCoded	NOPARAM	0	0	CAT_NONE	PTP_NONE	SLS_UNCHANGED			
2952			TamLocalLabel	itemToBeCoded	NOPARAM	0	0	CAT_NONE	PTP_DISABLED	SLS_UNCHANGED			
2953			TamMenu	itemToBeCoded	NOPARAM	0	0	CAT_NONE	PTP_DISABLED	SLS_UNCHANGED			
2954			TamNonReg	itemToBeCoded	NOPARAM	0	0	CAT_NONE	PTP_DISABLED	SLS_UNCHANGED			
2955			TamNonRegMax	itemToBeCoded	NOPARAM	0	0	CAT_NONE	PTP_NONE	SLS_UNCHANGED			
2956			TamNonRegTrk	itemToBeCoded	NOPARAM	0	0	CAT_NONE	PTP_NONE	SLS_UNCHANGED			
2957			TamNorm	itemToBeCoded	NOPARAM	0	0	CAT_NONE	PTP_DISABLED	SLS_UNCHANGED			
2958			TamRcl	itemToBeCoded	NOPARAM	0	0	CAT_NONE	PTP_DISABLED	SLS_UNCHANGED			
2959			TamStoTvm	itemToBeCoded	NOPARAM	0	0	CAT_NONE	PTP_DISABLED	SLS_UNCHANGED			
2960			TamShuffle	itemToBeCoded	NOPARAM	0	0	CAT_NONE	PTP_DISABLED	SLS_UNCHANGED			
2961			TamSto	itemToBeCoded	NOPARAM	0	0	CAT_NONE	PTP_DISABLED	SLS_UNCHANGED			
2962			TamStoTvm	itemToBeCoded	NOPARAM	0	0	CAT_NONE	PTP_DISABLED	SLS_UNCHANGED			
2963			TamVarOnly	itemToBeCoded	NOPARAM	0	0	CAT_NONE	PTP_NONE	SLS_UNCHANGED			
2974		Binom:	Binom:	itemToBeCoded	NOPARAM	0	0	CAT_MENU	PTP_DISABLED	SLS_UNCHANGED			
2975		Cauch:	Cauch:	itemToBeCoded	NOPARAM	0	0	CAT_MENU	PTP_DISABLED	SLS_UNCHANGED			
2976		χⅢ:	χⅢ:	itemToBeCoded	NOPARAM	0	0	CAT_MENU	PTP_DISABLED	SLS_UNCHANGED			
2977		DISTR	DISTR	itemToBeCoded	NOPARAM	0	0	CAT_MENU	PTP_DISABLED	SLS_UNCHANGED			
2978		DisUni:	DisUni:	itemToBeCoded	NOPARAM	0	0	CAT_MENU	PTP_DISABLED	SLS_UNCHANGED			
2979		Expon:	Expon:	itemToBeCoded	NOPARAM	0	0	CAT_MENU	PTP_DISABLED	SLS_UNCHANGED			
2980		F:	F:	itemToBeCoded	NOPARAM	0	0	CAT_MENU	PTP_DISABLED	SLS_UNCHANGED			
2981		Geom:	Geom:	itemToBeCoded	NOPARAM	0	0	CAT_MENU	PTP_DISABLED	SLS_UNCHANGED			
2982		GEV:	GEV:	itemToBeCoded	NOPARAM	0	0	CAT_MENU	PTP_DISABLED	SLS_UNCHANGED			
2983		Hyper:	Hyper:	itemToBeCoded	NOPARAM	0	0	CAT_MENU	PTP_DISABLED	SLS_UNCHANGED			
2984		Logis:	Logis:	itemToBeCoded	NOPARAM	0	0	CAT_MENU	PTP_DISABLED	SLS_UNCHANGED			
2985		Norml:	Norml:	itemToBeCoded	NOPARAM	0	0	CAT_MENU	PTP_DISABLED	SLS_UNCHANGED			
2986		Pareto:	Pareto:	itemToBeCoded	NOPARAM	0	0	CAT_MENU	PTP_DISABLED	SLS_UNCHANGED			
2987		Poiss:	Poiss:	itemToBeCoded	NOPARAM	0	0	CAT_MENU	PTP_DISABLED	SLS_UNCHANGED			
2988		Φ:	Φ:	itemToBeCoded	NOPARAM	0	0	CAT_MENU	PTP_DISABLED	SLS_UNCHANGED			
2989		t:	t:	itemToBeCoded	NOPARAM	0	0	CAT_MENU	PTP_DISABLED	SLS_UNCHANGED			
2990		Uniform:	Uniform:	itemToBeCoded	NOPARAM	0	0	CAT_MENU	PTP_DISABLED	SLS_UNCHANGED			
2991		Weibl:	Weibl:	itemToBeCoded	NOPARAM	0	0	CAT_MENU	PTP_DISABLED	SLS_UNCHANGED			
2997		f'	f'	itemToBeCoded	NOPARAM	0	0	CAT_MENU	PTP_DISABLED	SLS_UNCHANGED			
2998		f"	f"	itemToBeCoded	NOPARAM	0	0	CAT_MENU	PTP_DISABLED	SLS_UNCHANGED			
3000		ADV	ADV	itemToBeCoded	NOPARAM	0	0	CAT_MENU	PTP_DISABLED	SLS_UNCHANGED			
3001		CATα	CAT	itemToBeCoded	NOPARAM	0	0	CAT_MENU	PTP_DISABLED	SLS_UNCHANGED			
3002		ALLVARS	ALL	itemToBeCoded	NOPARAM	0	0	CAT_MENU	PTP_DISABLED	SLS_UNCHANGED			
3003		ALPHA	ALPHA	itemToBeCoded	NOPARAM	0	0	CAT_MENU	PTP_DISABLED	SLS_UNCHANGED			
3004		Α…Ω	Α…Ω	itemToBeCoded	NOPARAM	0	0	CAT_MENU	PTP_DISABLED	SLS_UNCHANGED			
3005		α…ω	α…ω	itemToBeCoded	NOPARAM	0	0	CAT_MENU	PTP_DISABLED	SLS_UNCHANGED			
3006		α.FN	α.FN	itemToBeCoded	NOPARAM	0	0	CAT_MENU	PTP_DISABLED	SLS_UNCHANGED			
3007		αINTL	αINTL	itemToBeCoded	NOPARAM	0	0	CAT_MENU	PTP_DISABLED	SLS_UNCHANGED			
3008		αintl	αintl	itemToBeCoded	NOPARAM	0	0	CAT_MENU	PTP_DISABLED	SLS_UNCHANGED			
3009		αMath	αMath	itemToBeCoded	NOPARAM	0	0	CAT_MENU	PTP_DISABLED	SLS_UNCHANGED			
3010		αMisc	αMisc	itemToBeCoded	NOPARAM	0	0	CAT_MENU	PTP_DISABLED	SLS_UNCHANGED			
3011		AMORT	AMORT	itemToBeCoded	NOPARAM	0	0	CAT_MENU	PTP_DISABLED	SLS_UNCHANGED			
3012		∠CONV	∠CONV	itemToBeCoded	NOPARAM	0	0	CAT_NONE	PTP_DISABLED	SLS_UNCHANGED			
3013		ANGLES	ANGLES	itemToBeCoded	NOPARAM	0	0	CAT_MENU	PTP_DISABLED	SLS_UNCHANGED			
3014		▢Σ+KEY	▢Σ+KEY	itemToBeCoded	NOPARAM	0	0	CAT_MENU	PTP_DISABLED	SLS_UNCHANGED			
3015		AUDIO	AUDIO	itemToBeCoded	NOPARAM	0	0	CAT_MENU	PTP_DISABLED	SLS_UNCHANGED			
3016		BASE	BASE	itemToBeCoded	NOPARAM	0	0	CAT_MENU	PTP_DISABLED	SLS_UNCHANGED			
3017		BASE2	BASE2	itemToBeCoded	NOPARAM	0	0	CAT_MENU	PTP_DISABLED	SLS_UNCHANGED			
3018		BITS	BITS	itemToBeCoded	NOPARAM	0	0	CAT_MENU	PTP_DISABLED	SLS_UNCHANGED			
3019		BITSET	BITSET	itemToBeCoded	NOPARAM	0	0	CAT_MENU	PTP_DISABLED	SLS_UNCHANGED			
3020		BLUE47	BLUE47	itemToBeCoded	NOPARAM	0	0	CAT_MENU	PTP_DISABLED	SLS_UNCHANGED			
3021		CASHFL	CASHFL	itemToBeCoded	NOPARAM	0	0	CAT_MENU	PTP_DISABLED	SLS_UNCHANGED			
3022		CATALOG	CAT	itemToBeCoded	NOPARAM	0	0	CAT_MENU	PTP_DISABLED	SLS_UNCHANGED			
3023		CHARS	CHARS	itemToBeCoded	NOPARAM	0	0	CAT_MENU	PTP_DISABLED	SLS_UNCHANGED			
3024		CLK	CLK	itemToBeCoded	NOPARAM	0	0	CAT_MENU	PTP_DISABLED	SLS_UNCHANGED			
3025		CLR	CLR	itemToBeCoded	NOPARAM	0	0	CAT_MENU	PTP_DISABLED	SLS_UNCHANGED			
3026		CONFIGS	CONFIGS	itemToBeCoded	NOPARAM	0	0	CAT_MENU	PTP_DISABLED	SLS_UNCHANGED			
3027		CNST	CNST	itemToBeCoded	NOPARAM	0	0	CAT_MENU	PTP_DISABLED	SLS_UNCHANGED			
3028		FLoads:	FLoads:	itemToBeCoded	NOPARAM	0	0	CAT_MENU	PTP_DISABLED	SLS_UNCHANGED			
3029		MLoads:	MLoads:	itemToBeCoded	NOPARAM	0	0	CAT_MENU	PTP_DISABLED	SLS_UNCHANGED			
3030		MatPrp:	MatPrp:	itemToBeCoded	NOPARAM	0	0	CAT_MENU	PTP_DISABLED	SLS_UNCHANGED			
3031		PLoads:	PLoads:	itemToBeCoded	NOPARAM	0	0	CAT_MENU	PTP_DISABLED	SLS_UNCHANGED			
3032		SecPrp:	SecPrp:	itemToBeCoded	NOPARAM	0	0	CAT_MENU	PTP_DISABLED	SLS_UNCHANGED			
3033		Area:	Area:	itemToBeCoded	NOPARAM	0	0	CAT_MENU	PTP_DISABLED	SLS_UNCHANGED			
3034		Angle:	Angle:	itemToBeCoded	NOPARAM	0	0	CAT_MENU	PTP_DISABLED	SLS_UNCHANGED			
3035		Chef:	Chef:	itemToBeCoded	NOPARAM	0	0	CAT_MENU	PTP_DISABLED	SLS_UNCHANGED			
3036		Energy:	Energy:	itemToBeCoded	NOPARAM	0	0	CAT_MENU	PTP_DISABLED	SLS_UNCHANGED			
3037		F&p:	F&p:	itemToBeCoded	NOPARAM	0	0	CAT_MENU	PTP_DISABLED	SLS_UNCHANGED			
3038		FFF+:	FFF+:	itemToBeCoded	NOPARAM	0	0	CAT_MENU	PTP_DISABLED	SLS_UNCHANGED			
3039		Mass:	Mass:	itemToBeCoded	NOPARAM	0	0	CAT_MENU	PTP_DISABLED	SLS_UNCHANGED			
3040		Power:	Power:	itemToBeCoded	NOPARAM	0	0	CAT_MENU	PTP_DISABLED	SLS_UNCHANGED			
3041		Speed:	Speed:	itemToBeCoded	NOPARAM	0	0	CAT_MENU	PTP_DISABLED	SLS_UNCHANGED			
3042		Temp:	Temp:	itemToBeCoded	NOPARAM	0	0	CAT_MENU	PTP_DISABLED	SLS_UNCHANGED			
3043		Volume:	Volume:	itemToBeCoded	NOPARAM	0	0	CAT_MENU	PTP_DISABLED	SLS_UNCHANGED			
3044		Length:	Length:	itemToBeCoded	NOPARAM	0	0	CAT_MENU	PTP_DISABLED	SLS_UNCHANGED			
3045		Ymmv:	Ymmv:	itemToBeCoded	NOPARAM	0	0	CAT_MENU	PTP_DISABLED	SLS_UNCHANGED			
3046		CPX	CPX	itemToBeCoded	NOPARAM	0	0	CAT_MENU	PTP_DISABLED	SLS_UNCHANGED			
3047		CPXS	CPXS	itemToBeCoded	NOPARAM	0	0	CAT_MENU	PTP_DISABLED	SLS_UNCHANGED			
3048		DATES	DATES	itemToBeCoded	NOPARAM	0	0	CAT_MENU	PTP_DISABLED	SLS_UNCHANGED			
3049		DELETE	DELETE	itemToBeCoded	NOPARAM	0	0	CAT_MENU	PTP_DISABLED	SLS_UNCHANGED			
3050		DEV	DEV	itemToBeCoded	NOPARAM	0	0	CAT_MNUH	PTP_DISABLED	SLS_UNCHANGED			
3051		DISP	DISP	itemToBeCoded	NOPARAM	0	0	CAT_MENU	PTP_DISABLED	SLS_UNCHANGED			
3052			DYNMNU	fnDynamicMenu	NOPARAM	0	0	CAT_NONE	PTP_DISABLED	SLS_UNCHANGED			
3053		ELEC	ELEC	itemToBeCoded	NOPARAM	0	0	CAT_MENU	PTP_DISABLED	SLS_UNCHANGED			
3054		CATe	CAT	itemToBeCoded	NOPARAM	0	0	CAT_MENU	PTP_DISABLED	SLS_UNCHANGED			
3055		ELLIPT	Ellipt	itemToBeCoded	NOPARAM	0	0	CAT_MENU	PTP_DISABLED	SLS_UNCHANGED			
3056		EQ_EDIT	EQ_EDIT	itemToBeCoded	NOPARAM	0	0	CAT_NONE	PTP_DISABLED	SLS_UNCHANGED			
3057		EQN	EQN	itemToBeCoded	NOPARAM	0	0	CAT_MENU	PTP_DISABLED	SLS_UNCHANGED			
3058		EXP	EXP	itemToBeCoded	NOPARAM	0	0	CAT_MENU	PTP_DISABLED	SLS_UNCHANGED			
3059		FCNS	FCNS	itemToBeCoded	NOPARAM	0	0	CAT_MENU	PTP_DISABLED	SLS_UNCHANGED			
3060		FCNSe	FCNS	itemToBeCoded	NOPARAM	0	0	CAT_MENU	PTP_DISABLED	SLS_UNCHANGED			
3061		FIN	FIN	itemToBeCoded	NOPARAM	0	0	CAT_MENU	PTP_DISABLED	SLS_UNCHANGED			
3062		FLAG	FLAG	itemToBeCoded	NOPARAM	0	0	CAT_MENU	PTP_DISABLED	SLS_UNCHANGED			
3063		FLG	FLG	itemToBeCoded	NOPARAM	0	0	CAT_NONE	PTP_DISABLED	SLS_UNCHANGED			
3064		IPART	IPART	itemToBeCoded	NOPARAM	0	0	CAT_MENU	PTP_DISABLED	SLS_UNCHANGED			
3065		FPART	FPART	itemToBeCoded	NOPARAM	0	0	CAT_MENU	PTP_DISABLED	SLS_UNCHANGED			
3066		RADIX	RADIX	itemToBeCoded	NOPARAM	0	0	CAT_MENU	PTP_DISABLED	SLS_UNCHANGED			
3067		f Graph	f Graph	itemToBeCoded	NOPARAM	0	0	CAT_MENU	PTP_DISABLED	SLS_UNCHANGED			
3068		Graphs	Graphs	itemToBeCoded	NOPARAM	0	0	CAT_MENU	PTP_DISABLED	SLS_UNCHANGED			
3069		HIST	HIST	itemToBeCoded	NOPARAM	0	0	CAT_MENU	PTP_DISABLED	SLS_UNCHANGED			
3070		HOME	HOME	itemToBeCoded	NOPARAM	0	0	CAT_NONE	PTP_DISABLED	SLS_UNCHANGED			
3071		HPLOT	HPLOT	itemToBeCoded	NOPARAM	0	0	CAT_MENU	PTP_DISABLED	SLS_UNCHANGED			
3072		INFO	INFO	itemToBeCoded	NOPARAM	0	0	CAT_MENU	PTP_DISABLED	SLS_UNCHANGED			
3073			Inl. Tst	itemToBeCoded	NOPARAM	0	0	CAT_NONE	PTP_DISABLED	SLS_UNCHANGED			
3074		INTS	INTS	itemToBeCoded	NOPARAM	0	0	CAT_MENU	PTP_DISABLED	SLS_UNCHANGED			
3075		I/O	I/O	itemToBeCoded	NOPARAM	0	0	CAT_MENU	PTP_DISABLED	SLS_UNCHANGED			
3076		KEYS	KEYS	itemToBeCoded	NOPARAM	0	0	CAT_MENU	PTP_DISABLED	SLS_UNCHANGED			
3077		L.INTS	L.INTS	itemToBeCoded	NOPARAM	0	0	CAT_MENU	PTP_DISABLED	SLS_UNCHANGED			
3078		LOOP	LOOP	itemToBeCoded	NOPARAM	0	0	CAT_MENU	PTP_DISABLED	SLS_UNCHANGED			
3079		M_EDIT	M_EDIT	itemToBeCoded	NOPARAM	0	0	CAT_MENU	PTP_DISABLED	SLS_UNCHANGED			
3080		MATRS	MATRS	itemToBeCoded	NOPARAM	0	0	CAT_MENU	PTP_DISABLED	SLS_UNCHANGED			
3081		MATX	MATX	itemToBeCoded	NOPARAM	0	0	CAT_MENU	PTP_DISABLED	SLS_UNCHANGED			
3082		MENU	MENU	itemToBeCoded	NOPARAM	0	0	CAT_MENU	PTP_DISABLED	SLS_UNCHANGED			
3083		MENUS	MENUS	itemToBeCoded	NOPARAM	0	0	CAT_MENU	PTP_DISABLED	SLS_UNCHANGED			
3084		Misc:	Misc:	itemToBeCoded	NOPARAM	0	0	CAT_MENU	PTP_DISABLED	SLS_UNCHANGED			
3085		MODE	MODE	itemToBeCoded	NOPARAM	0	0	CAT_MENU	PTP_DISABLED	SLS_UNCHANGED			
3086		MODEL	MODEL	itemToBeCoded	NOPARAM	0	0	CAT_MENU	PTP_DISABLED	SLS_UNCHANGED			
3087		MULTSTK	MULTSTK	itemToBeCoded	NOPARAM	0	0	CAT_MENU	PTP_DISABLED	SLS_UNCHANGED			
3088		MVAR	MVAR	itemToBeCoded	NOPARAM	0	0	CAT_NONE	PTP_DISABLED	SLS_UNCHANGED			
3089		Myα	Myα	itemToBeCoded	NOPARAM	0	0	CAT_MENU	PTP_DISABLED	SLS_UNCHANGED			
3090		MyMenu	MyM	itemToBeCoded	NOPARAM	0	0	CAT_MENU	PTP_DISABLED	SLS_UNCHANGED			
3091		NUMBRS	NUMBRS	itemToBeCoded	NOPARAM	0	0	CAT_MENU	PTP_DISABLED	SLS_UNCHANGED			
3092		NumTh	NumTh	itemToBeCoded	NOPARAM	0	0	CAT_MENU	PTP_DISABLED	SLS_UNCHANGED			
3093		ORTHOG	Orthog	itemToBeCoded	NOPARAM	0	0	CAT_MENU	PTP_DISABLED	SLS_UNCHANGED			
3094		REAL	REAL	itemToBeCoded	NOPARAM	0	0	CAT_MENU	PTP_DISABLED	SLS_UNCHANGED			
3095		P.FN	P.FN	itemToBeCoded	NOPARAM	0	0	CAT_NONE	PTP_DISABLED	SLS_UNCHANGED			
3096		P.FN1	P.FN1	itemToBeCoded	NOPARAM	0	0	CAT_MENU	PTP_DISABLED	SLS_UNCHANGED			
3097		P.FN2	P.FN2	itemToBeCoded	NOPARAM	0	0	CAT_MENU	PTP_DISABLED	SLS_UNCHANGED			
3098		P.FN3	P.FN3	itemToBeCoded	NOPARAM	0	0	CAT_MENU	PTP_DISABLED	SLS_UNCHANGED			
3099		ASSESS	ASSESS	itemToBeCoded	NOPARAM	0	0	CAT_NONE	PTP_DISABLED	SLS_UNCHANGED			
3100		PLFUNC	PLFUNC	itemToBeCoded	NOPARAM	0	0	CAT_MNUH	PTP_DISABLED	SLS_UNCHANGED			
3101		SCATR	SCATR	itemToBeCoded	NOPARAM	0	0	CAT_NONE	PTP_DISABLED	SLS_UNCHANGED			
3102		PLSTAT	PLSTAT	itemToBeCoded	NOPARAM	0	0	CAT_NONE	PTP_DISABLED	SLS_UNCHANGED			
3103		PLOT	PLOT	itemToBeCoded	NOPARAM	0	0	CAT_MENU	PTP_NONE	SLS_UNCHANGED			
3104		PREF	PREF	itemToBeCoded	NOPARAM	0	0	CAT_MENU	PTP_DISABLED	SLS_UNCHANGED			
3105		Prefix	PFX	itemToBeCoded	NOPARAM	0	0	CAT_MENU	PTP_DISABLED	SLS_UNCHANGED			
3106		PRINT	PRINT	itemToBeCoded	NOPARAM	0	0	CAT_MENU	PTP_DISABLED	SLS_UNCHANGED			
3107		⎙	⎙	itemToBeCoded	NOPARAM	0	0	CAT_MENU	PTP_DISABLED	SLS_UNCHANGED			
3108		PROB	PROB	itemToBeCoded	NOPARAM	0	0	CAT_MENU	PTP_DISABLED	SLS_UNCHANGED			
3109		PROG	PROG	itemToBeCoded	NOPARAM	0	0	CAT_MENU	PTP_DISABLED	SLS_UNCHANGED			
3110		PROGS	PROGS	itemToBeCoded	NOPARAM	0	0	CAT_MENU	PTP_DISABLED	SLS_UNCHANGED			
3111		REALS	REALS	itemToBeCoded	NOPARAM	0	0	CAT_MENU	PTP_DISABLED	SLS_UNCHANGED			
3112		REG	REG	itemToBeCoded	NOPARAM	0	0	CAT_NONE	PTP_DISABLED	SLS_UNCHANGED			
3113		REGR	REGR	itemToBeCoded	NOPARAM	0	0	CAT_MENU	PTP_DISABLED	SLS_UNCHANGED			
3114		RESETS	RESETS	itemToBeCoded	NOPARAM	0	0	CAT_MENU	PTP_DISABLED	SLS_UNCHANGED			
3115		RIBBONS	RIBBONS	itemToBeCoded	NOPARAM	0	0	CAT_MENU	PTP_DISABLED	SLS_UNCHANGED			
3116		∫f	∫f	itemToBeCoded	NOPARAM	0	0	CAT_MENU	PTP_DISABLED	SLS_UNCHANGED			
3117		Tool∫	Tool∫	itemToBeCoded	NOPARAM	0	0	CAT_MENU	PTP_DISABLED	SLS_UNCHANGED			
3118		∫f d	∫f d	fnIntegrate	TM_LBLONLY	0	0	CAT_MENU	PTP_DISABLED	SLS_UNCHANGED			
3119		SHOW	SHOW	itemToBeCoded	NOPARAM	0	0	CAT_NONE	PTP_DISABLED	SLS_UNCHANGED			
3120		M_SIMQ	M_SIMQ	itemToBeCoded	NOPARAM	0	0	CAT_MENU	PTP_DISABLED	SLS_UNCHANGED			
3121		S.INTS	S.INTS	itemToBeCoded	NOPARAM	0	0	CAT_MENU	PTP_DISABLED	SLS_UNCHANGED			
3122		f Solve	f Solve	itemToBeCoded	NOPARAM	0	0	CAT_MENU	PTP_DISABLED	SLS_UNCHANGED			
3123		ToolS	ToolS	itemToBeCoded	NOPARAM	0	0	CAT_MENU	PTP_DISABLED	SLS_UNCHANGED			
3124		STAT	STAT	itemToBeCoded	NOPARAM	0	0	CAT_MENU	PTP_DISABLED	SLS_UNCHANGED			
3125		STK	STK	itemToBeCoded	NOPARAM	0	0	CAT_MENU	PTP_DISABLED	SLS_UNCHANGED			
3126		STRINGS	STRINGS	itemToBeCoded	NOPARAM	0	0	CAT_MENU	PTP_DISABLED	SLS_UNCHANGED			
3127		Struct:	Struct:	itemToBeCoded	NOPARAM	0	0	CAT_MENU	PTP_DISABLED	SLS_UNCHANGED			
3128		SYS.FL	SYS.FL	itemToBeCoded	NOPARAM	0	0	CAT_MENU	PTP_DISABLED	SLS_UNCHANGED			
3129		TEST	TEST	itemToBeCoded	NOPARAM	0	0	CAT_MENU	PTP_DISABLED	SLS_UNCHANGED			
3130		STOPW	STOPW	itemToBeCoded	NOPARAM	0	0	CAT_NONE	PTP_DISABLED	SLS_UNCHANGED			
3131		TIMES	TIMES	itemToBeCoded	NOPARAM	0	0	CAT_MENU	PTP_DISABLED	SLS_UNCHANGED			
3132		TRG	TRG	itemToBeCoded	NOPARAM	0	0	CAT_MENU	PTP_NONE	SLS_UNCHANGED			
3133		TRG…	TRG…	itemToBeCoded	NOPARAM	0	0	CAT_MENU	PTP_NONE	SLS_UNCHANGED			
3134		TRG_R47	TRG	itemToBeCoded	NOPARAM	0	0	CAT_MENU	PTP_DISABLED	SLS_UNCHANGED			
3135		TRIG	TRIG	itemToBeCoded	NOPARAM	0	0	CAT_NONE	PTP_DISABLED	SLS_UNCHANGED			
3136		TVM	TVM	itemToBeCoded	NOPARAM	0	0	CAT_MENU	PTP_DISABLED	SLS_UNCHANGED			
3137		CONV	CONV	itemToBeCoded	NOPARAM	0	0	CAT_MENU	PTP_DISABLED	SLS_UNCHANGED			
3138		VAR	VAR	itemToBeCoded	NOPARAM	0	0	CAT_MENU	PTP_DISABLED	SLS_UNCHANGED			
3139		VARS	VARS	itemToBeCoded	NOPARAM	0	0	CAT_MENU	PTP_DISABLED	SLS_UNCHANGED			
3140		΁←→ ΁	΁←→ ΁	itemToBeCoded	NOPARAM	0	0	CAT_MENU	PTP_DISABLED	SLS_UNCHANGED			
3141		VECTOR	VECTOR	itemToBeCoded	NOPARAM	0	0	CAT_MENU	PTP_NONE	SLS_UNCHANGED			
3142		X.FN	X.FN	itemToBeCoded	NOPARAM	0	0	CAT_MENU	PTP_DISABLED	SLS_UNCHANGED			
3143		XFCNS	XFCNS	itemToBeCoded	NOPARAM	0	0		PTP_DISABLED	SLS_UNCHANGED			
3144		YESNO	YESNO	itemToBeCoded	NOPARAM	0	0	CAT_NONE	PTP_DISABLED	SLS_UNCHANGED			
3145		POLY	POLY	itemToBeCoded	NOPARAM	0	0	CAT_MENU	PTP_DISABLED	SLS_UNCHANGED			
3146		UMENU	UMENU	itemToBeCoded	NOPARAM	0	0	CAT_MENU	PTP_DISABLED	SLS_UNCHANGED			
3147		UMENUS	UMENUS	itemToBeCoded	NOPARAM	0	0	CAT_MENU	PTP_DISABLED	SLS_UNCHANGED			
3152		RMODE	RMODE	itemToBeCoded	NOPARAM	0	0	CAT_MENU	PTP_DISABLED	SLS_UNCHANGED			
3536			Last item	itemToBeCoded	NOPARAM	0	0	CAT_NONE	PTP_DISABLED	SLS_ENABLED			
